注文ID,モール名,ショップID,ショップ名,モール注文番号,モール注文日時,注文取込日時,注文ステータス,決済方法区分,注文者氏名,注文者郵便番号,都道府県,市区町村,町名・番地以降,注文者電話番号,注文備考,商品合計金額,配送料合計,決済手数料合計,ラッピング手数料合計,消費税合計,ポイント利用合計,クーポン利用合計,出荷ステータス,保留状態,配送伝票番号,倉庫,送付先氏名,送付先郵便番号,送付先都道府県,送付先市区町村,送付先町名・番地以降,送付先電話番号,配送方法,お届け指定日,お届け指定時間帯,配送備考,倉庫備考,ギフト備考,出荷依頼番号,出荷依頼日時,配送会社,SKUコード,商品ID,商品名,注文個数,商品単価,税率,消費税,税込別,配送サービス種別,セット区分,セット構成品商品ID,セット構成品名,構成品数,置き配場所
223329014,楽天市場,67419,株式会社サンリーブ【Ｒ】,361684-20260818-0109448538,2026/08/18 2:23:17,2026/08/18 2:24:18,完了,クレジットカード,今泉 扶佐子,351-0025,埼玉県,朝霞市,三原５丁目６ー２５ー１７,090-8845-6967,[配送日時指定:]2026-08-19(水)午前中,3960,0,0,0,360,61,200,出荷済,未保留,187120596530,RFC倉庫,今泉 扶佐子,351-0025,埼玉県,朝霞市,三原５丁目６ー２５ー１７,090-8845-6967,宅配便,2026/08/19,0812,,,,A00000029884,2026/08/18 7:05:59,日本郵便,fll-006-2-20,71032-00000580,【8/18 24H限定クーポン価格】老眼鏡 レディース ふちなし リムレス 上品 おしゃれ かわいい クリアカラー ツーポイント お洒落 可愛い 軽量 軽い 人気 リーディンググラス シニアグラス メガネ 女性用 レザー調ケース 鯖江メーカーデザイン FEELLIFE FLL-006,1,3960,10,360,1,優先配送,0,,,,玄関前
223331970,Yahoo!ショッピング,67572,株式会社サンリーブ【Ｙ】,glass-garden-10044610,2026/08/18 5:26:23,2026/08/18 5:28:14,完了,PayPay,池田 武一郎,8760835,大分県,佐伯市鶴岡町,3-7-19 (有)佐脇商店 池田,09045887711,,8800,0,0,0,800,0,0,出荷済,未保留,203890903090,RFC倉庫,池田 武一郎,8760835,大分県,佐伯市鶴岡町,3-7-19 (有)佐脇商店 池田,09045887711,宅配便,,,,,,A00000029883,2026/08/18 7:05:59,日本郵便,flm-006-2-30,71032-00000687,老眼鏡 メンズ おしゃれ かっこいい リーディンググラス シニアグラス メタルフレーム ナイロール 老眼 眼鏡 メガネ 鯖江 FEELLIFE FLM-006,1,4400,10,400,1,通常,0,,,,
223331970,Yahoo!ショッピング,67572,株式会社サンリーブ【Ｙ】,glass-garden-10044610,2026/08/18 5:26:23,2026/08/18 5:28:14,完了,PayPay,池田 武一郎,8760835,大分県,佐伯市鶴岡町,3-7-19 (有)佐脇商店 池田,09045887711,,8800,0,0,0,800,0,0,出荷済,未保留,203890903090,RFC倉庫,池田 武一郎,8760835,大分県,佐伯市鶴岡町,3-7-19 (有)佐脇商店 池田,09045887711,宅配便,,,,,,A00000029883,2026/08/18 7:05:59,日本郵便,flm-006-1-25,71032-00000684,老眼鏡 メンズ おしゃれ かっこいい リーディンググラス シニアグラス メタルフレーム ナイロール 老眼 眼鏡 メガネ 鯖江 FEELLIFE FLM-006,1,4400,10,400,1,通常,0,,,,
223332745,楽天市場,67419,株式会社サンリーブ【Ｒ】,361684-20260818-0353148548,2026/08/18 6:00:53,2026/08/18 6:01:54,完了,クレジットカード,小笠原 圭子,010-1608,秋田県,秋田市,新屋北浜町3-10,090-9030-8748,[配送日時指定:],1320,0,0,0,120,0,0,出荷済,未保留,680367552502,自社倉庫,小笠原 圭子,010-1608,秋田県,秋田市,新屋北浜町3-10,090-9030-8748,メール便,,,,,,,2026/08/18 11:23:04,日本郵便,afc20,71032-00001267,メガネ拭き 曇り止め メガネクロス 曇らない めがね拭き メガネクリーナー マイクロファイバー 繰り返し使える くもりどめ 湯気 ゴーグル カーミラー マスク 防曇 結露 防止 対策 持ち運び 保管用缶ケース付き Non-Fog-Cloth NFC-20,1,1320,10,120,1,通常,0,,,,指定なし
223335197,楽天市場,67419,株式会社サンリーブ【Ｒ】,361684-20260818-0993448306,2026/08/18 6:56:32,2026/08/18 6:57:35,完了,クレジットカード,大塚 順子,569-1122,大阪府,高槻市,月見町33-12,090-7189-2692,[配送日時指定:]2026-08-19(水)18:00-20:00ポストイン可能であればポストに入れてください。,3630,0,0,0,330,130,200,出荷済,未保留,203890900754,RFC倉庫,大塚 順子,569-1122,大阪府,高槻市,月見町33-12（ポスト投函希望）,090-7189-2692,宅配便,2026/08/19,1820,,,,A00000029886,2026/08/18 8:36:13,日本郵便,fll-3000-2-10,71032-00000594,【8/18 24H限定クーポン価格】老眼鏡 0.5から おしゃれ レディース ブルーライトカット 紫外線 uv ボストン かわいい シニアグラス リーディンググラス 軽い 軽量 人気 シンプル プレゼント 30代 40代 50代 女性 ケース付 鯖江デザイン FEELLIFE FLL3000,1,3630,10,330,1,優先配送,0,,,,指定なし
223336574,楽天市場,67419,株式会社サンリーブ【Ｒ】,361684-20260818-0076048729,2026/08/18 7:18:25,2026/08/18 7:19:40,完了,クレジットカード,榎本 美砂子,656-0452,兵庫県,南あわじ市,神代浦壁２９７?１,090-2016-8030,[配送日時指定:],4950,0,0,0,450,0,200,出荷済,未保留,680662168012,自社倉庫,榎本 美砂子,656-0452,兵庫県,南あわじ市,神代浦壁２９７?１,090-2016-8030,メール便,,,,,,,2026/08/18 11:23:05,日本郵便,si-01sa-2-20,71032-00000985,【8/18 24H限定クーポン価格】栞 老眼鏡 リーディンググラス 薄型 非球面レンズ 折りたたみ式 コンパクト スリム 薄い 軽い レディース メンズ おしゃれ お洒落 シニアグラス 旅行 携帯用 外出 特許商品 オーバル 鯖江メーカーデザイン SHIORI SI-01SAP,1,4950,10,450,1,通常,0,,,,指定なし
223337918,Yahoo!ショッピング,67572,株式会社サンリーブ【Ｙ】,glass-garden-10044611,2026/08/18 7:34:03,2026/08/18 7:38:07,完了,PayPay,山浅 英智,2160043,神奈川県,川崎市宮前区,野川台2-7-30 ビクトリアヴェール鷺沼303,09066863401,,4400,0,0,0,400,0,0,出荷済,未保留,369838150220,RFC倉庫,山浅 英智,2160043,神奈川県,川崎市宮前区,野川台2-7-30 ビクトリアヴェール鷺沼303,09066863401,宅配便,2026/08/19,,,,,A00000029885,2026/08/18 8:01:20,日本郵便,flm-006-1-30,71032-00000686,老眼鏡 メンズ おしゃれ かっこいい リーディンググラス シニアグラス メタルフレーム ナイロール 老眼 眼鏡 メガネ 鯖江 FEELLIFE FLM-006,1,4400,10,400,1,優先配送,0,,,,
223341747,Yahoo!ショッピング,67572,株式会社サンリーブ【Ｙ】,glass-garden-10044612,2026/08/18 8:21:23,2026/08/18 8:23:12,完了,PayPayあと払い,湯本 尊敏,5470003,大阪府,大阪市平野区,加美南4丁目1番43 グランフェルティ平野加美502号,0667963752,,10010,0,0,0,910,0,0,出荷済,未保留,490771003623,自社倉庫,湯本 尊敏,5470003,大阪府,大阪市平野区,加美南4丁目1番43 グランフェルティ平野加美502号,0667963752,宅配便,2026/08/19,,,,,,2026/08/18 11:06:36,ヤマト運輸,rf-003-1,71032-00000978,サングラス レディース uvカット 紫外線 ブルーライト イエローライト カット 軽量 軽い 薄い おしゃれ イエローレンズ  国産レンズ 鯖江 RF-003,1,10010,10,910,1,優先配送,0,,,,
223348113,楽天市場,67419,株式会社サンリーブ【Ｒ】,361684-20260818-0533348443,2026/08/18 9:31:50,2026/08/18 9:32:51,完了,クレジットカード,石川 清美,416-0921,静岡県,富士市,水戸島2丁目18-5-2,080-3065-3363,[配送日時指定:]2026-08-19(水)指定なし,3630,0,0,0,330,0,200,出荷済,未保留,203890902305,RFC倉庫,石川 清美,416-0921,静岡県,富士市,水戸島2丁目18-5-2,080-3065-3363,宅配便,2026/08/19,,,,,A00000029887,2026/08/18 9:46:15,日本郵便,fll-3000-1-20,71032-00000597,【8/18 24H限定クーポン価格】老眼鏡 0.5から おしゃれ レディース ブルーライトカット 紫外線 uv ボストン かわいい シニアグラス リーディンググラス 軽い 軽量 人気 シンプル プレゼント 30代 40代 50代 女性 ケース付 鯖江デザイン FEELLIFE FLL3000,1,3630,10,330,1,優先配送,0,,,,宅配ボックス
223353102,Yahoo!ショッピング,67572,株式会社サンリーブ【Ｙ】,glass-garden-10044613,2026/08/18 10:21:12,2026/08/18 10:23:07,完了,PayPay,二宮 ひろみ,8930062,鹿児島県,鹿屋市,新生町26-25,09030760094,,3630,0,0,0,330,0,300,出荷済,未保留,203890900791,RFC倉庫,二宮 ひろみ,8930062,鹿児島県,鹿屋市,新生町26-25,09030760094,宅配便,2026/08/21,,,,,A00000029888,2026/08/18 10:51:43,日本郵便,fll-3004-2-15,71032-00001457,老眼鏡 おしゃれ ブルーライトカット +0.5から レディース メンズ リーディンググラス シニアグラス 老眼 眼鏡 メガネ 鯖江 FEELLIFE FLL-3004,1,3630,10,330,1,通常,0,,,,
223353588,楽天市場,67419,株式会社サンリーブ【Ｒ】,361684-20260818-0293748579,2026/08/18 10:27:03,2026/08/18 10:28:37,完了,クレジットカード,安井 祥恵,436-0081,静岡県,掛川市,初馬2517-57,090-2734-8929,[配送日時指定:]2026-08-19(水)午前中,2640,0,0,0,240,1540,0,出荷済,未保留,490771003634,自社倉庫,安井 祥恵,436-0081,静岡県,掛川市,初馬2517-57,090-2734-8929,宅配便,2026/08/19,0812,,,,,2026/08/18 11:06:36,ヤマト運輸,wakan-1,71032-00001623,&wakan ヘアブラシ スカルプブラシ パドルブラシ ブラシ ブロー 小さめ ミニ サイズ コンパクト 日本製 頭皮 頭皮ケア ヘッドスパ スカルプケア マッサージ 髪質 天然木 木 木製 静電気 お風呂 くし 櫛 クシ プレゼント 女性 男性,1,2640,10,240,1,優先配送,0,,,,指定なし
223356715,楽天市場,67419,株式会社サンリーブ【Ｒ】,361684-20260818-0087648748,2026/08/18 10:59:25,2026/08/18 11:00:28,完了,クレジットカード,関 ゆかり,189-0003,東京都,東村山市,久米川町1-58-40,042-203-1843,[配送日時指定:],5500,0,0,0,500,0,400,出荷済,未保留,680662168023,自社倉庫,関 ゆかり,189-0003,東京都,東村山市,久米川町1-58-40,042-203-1843,メール便,,,,,,,2026/08/18 13:07:38,日本郵便,si-10-2-25,71032-00001108,【8/18 24H限定クーポン価格】栞 老眼鏡 リーディンググラス ツートンカラー ブルーライトカット 薄型 非球面レンズ 折りたたみ式 コンパクト 薄い 軽い レディース 女性用 おしゃれ お洒落 旅行用 携帯用 特許商品 鯖江メーカーデザイン SHIORI SI-10,1,5500,10,500,1,通常,0,,,,指定なし
223357513,楽天市場,67419,株式会社サンリーブ【Ｒ】,361684-20260818-0233948627,2026/08/18 11:08:15,2026/08/18 11:09:16,完了,クレジットカード,田島 あや,130-0002,東京都,墨田区,業平2-15-7 サクラメントハウス503,090-2679-8435,[配送日時指定:]2026-08-19(水),3630,0,0,0,330,1898,200,出荷済,未保留,369838159736,RFC倉庫,田島 あや,130-0002,東京都,墨田区,業平2-15-7 サクラメントハウス503,090-2679-8435,宅配便,2026/08/19,,,,,A00000029889,2026/08/18 11:21:20,日本郵便,fll-3004-2-25,71032-00001463,【8/18 24H限定クーポン価格】老眼鏡 0.5から おしゃれ レディース ブルーライトカット 紫外線 uv ボストン かわいい メガネ 老眼 度付き リーディンググラス 30代 40代 50代 女性 クラシック 黒縁 ニュアンスカラー シニアグラス 丸眼鏡 FEELLIFE FLL-3004,1,3630,10,330,1,優先配送,0,,,,指定なし
223359889,楽天市場,67419,株式会社サンリーブ【Ｒ】,361684-20260818-0618648467,2026/08/18 11:33:10,2026/08/18 11:34:12,完了,クレジットカード,中村 麗子,264-0017,千葉県,千葉市若葉区,加曽利町1529-33,080-5504-5127,[配送日時指定:]2026-08-19(水)18:00-20:00,3630,0,0,0,330,0,200,出荷済,未保留,203890900824,RFC倉庫,中村 麗子,264-0017,千葉県,千葉市若葉区,加曽利町1529-33,080-5504-5127,宅配便,2026/08/19,1820,,,,A00000029890,2026/08/18 11:46:15,日本郵便,fll-3004-2-05,71032-00001451,【8/18 24H限定クーポン価格】老眼鏡 0.5から おしゃれ レディース ブルーライトカット 紫外線 uv ボストン かわいい メガネ 老眼 度付き リーディンググラス 30代 40代 50代 女性 クラシック 黒縁 ニュアンスカラー シニアグラス 丸眼鏡 FEELLIFE FLL-3004,1,3630,10,330,1,優先配送,0,,,,玄関前
223361050,楽天市場,67419,株式会社サンリーブ【Ｒ】,361684-20260818-0618448449,2026/08/18 11:46:06,2026/08/18 11:47:53,完了,クレジットカード,鶴崎 義己,671-2553,兵庫県,宍粟市,山崎町鶴木123,0790-62-3505,[配送日時指定:]2026-08-19(水),4400,0,0,0,400,1400,0,出荷済,未保留,203890901012,RFC倉庫,鶴崎 義己,671-2553,兵庫県,宍粟市,山崎町鶴木123,0790-62-3505,宅配便,2026/08/19,,,,,A00000029891,2026/08/18 12:01:46,日本郵便,flm-001-2-15,71032-00000631,【8/18 24H限定クーポン価格】老眼鏡 メンズ おしゃれ かっこいい シャープ スタイリッシュ お洒落 ちょいワル リーディンググラス シニアグラス メタル ハーフリム スクエア シルバー ブラック 男性用 ギフト 鯖江メーカーデザイン FEELLIFE FLM-001,1,4400,10,400,1,優先配送,0,,,,指定なし
223361612,楽天市場,67419,株式会社サンリーブ【Ｒ】,361684-20260818-0556448444,2026/08/18 11:53:24,2026/08/18 11:54:28,完了,クレジットカード,渡辺 嘉夫,982-0022,宮城県,仙台市太白区,鹿野本町12-34,090-3647-5331,[配送日時指定:],2420,0,0,0,220,527,0,出荷済,未保留,680662168034,自社倉庫,渡辺 嘉夫,023-1102,岩手県,奥州市,江刺八日町1-5-13-7 クレアメゾンB101,090-3647-5331,メール便,,,,,,,2026/08/18 13:07:42,日本郵便,fl-3000-3-05,71032-00001926,度数+0.5から 老眼鏡 おしゃれ メンズ 調光レンズ ブルーライトカット リーディンググラス uvカット 紫外線カット 軽量 調光メガネ 変色 男性用 スクエア メガネケース メガネ拭き 贈り物 ギフト FEELLIFE FL-3000 父の日,1,2420,10,220,1,通常,0,,,,指定なし
223362891,楽天市場,67419,株式会社サンリーブ【Ｒ】,361684-20260818-0959848439,2026/08/18 12:06:49,2026/08/18 12:08:40,完了,クレジットカード,小野寺 教子,818-0025,福岡県,筑紫野市,筑紫260の10,090-9597-1293,[配送日時指定:]2026-08-20(木)16:00-18:00,3960,0,0,0,360,0,200,出荷済,未保留,203890900872,RFC倉庫,小野寺 教子,818-0025,福岡県,筑紫野市,筑紫260の10,090-9597-1293,宅配便,2026/08/20,1618,,,,A00000029893,2026/08/18 12:51:30,日本郵便,fll-006-1-20,71032-00000579,【8/18 24H限定クーポン価格】老眼鏡 レディース ふちなし リムレス 上品 おしゃれ かわいい クリアカラー ツーポイント お洒落 可愛い 軽量 軽い 人気 リーディンググラス シニアグラス メガネ 女性用 レザー調ケース 鯖江メーカーデザイン FEELLIFE FLL-006,1,3960,10,360,1,通常,0,,,,指定なし
223362970,楽天市場,67419,株式会社サンリーブ【Ｒ】,361684-20260818-0559248444,2026/08/18 12:08:37,2026/08/18 12:09:40,完了,クレジットカード,森永 貴子,891-2112,鹿児島県,垂水市,本城4067,0994-32-4572,[配送日時指定:],8250,0,0,0,750,2450,800,出荷済,未保留,680662168045,自社倉庫,森永 貴子,891-2112,鹿児島県,垂水市,本城4067,0994-32-4572,メール便,,,,,,,2026/08/18 13:07:42,日本郵便,si-13ph-2-10,71032-00001543,【8/18 24H限定クーポン価格】栞 老眼鏡 跳ね上げ式 調光レンズ サングラス UVカット リーディンググラス ブルーライト 薄型 非球面レンズ 折りたたみ式 薄い 軽い レディース メンズ おしゃれ シニアグラス 旅行 携帯 鯖江メーカーデザイン SHIORI SI-13PH,1,8250,10,750,1,通常,0,,,,指定なし
223363447,楽天市場,67419,株式会社サンリーブ【Ｒ】,361684-20260818-0079248762,2026/08/18 12:13:39,2026/08/18 12:15:04,完了,クレジットカード,諸留 静,984-0057,宮城県,仙台市若林区,三百人町 62-8 Ｔ's House 201,090-1371-9651,[配送日時指定:],5940,0,0,0,540,540,400,出荷済,未保留,680662168056,自社倉庫,諸留 静,984-0057,宮城県,仙台市若林区,三百人町 62-8 Ｔ's House 201,090-1371-9651,メール便,,,,,,,2026/08/18 13:07:43,日本郵便,flk-001-3-25,71032-00001601,【8/18 24H限定クーポン価格】老眼鏡 おしゃれ 首にかけられる 首掛け リーディンググラス ブルーライトカット レディース メンズ ボストン シニアグラス 初めての老眼鏡 ケース メガネ拭き  贈り物 ギフト FEELLIFE FLK-001,1,5940,10,540,1,通常,0,,,,指定なし
223364630,楽天市場,67419,株式会社サンリーブ【Ｒ】,361684-20260818-0566248424,2026/08/18 12:26:59,2026/08/18 12:28:02,完了,クレジットカード,中川 信人,939-0341,富山県,射水市,三ケ1216-9,090-7086-1090,[配送日時指定:]2026-08-19(水)14:00-16:00,3960,0,0,0,360,0,200,出荷済,未保留,203890900850,RFC倉庫,中川 信人,939-0341,富山県,射水市,三ケ1216-9,090-7086-1090,宅配便,2026/08/19,1416,,,,A00000029892,2026/08/18 12:41:22,日本郵便,fll-006-2-10,71032-00000576,【8/18 24H限定クーポン価格】老眼鏡 レディース ふちなし リムレス 上品 おしゃれ かわいい クリアカラー ツーポイント お洒落 可愛い 軽量 軽い 人気 リーディンググラス シニアグラス メガネ 女性用 レザー調ケース 鯖江メーカーデザイン FEELLIFE FLL-006,1,3960,10,360,1,優先配送,0,,,,車庫
223365216,Yahoo!ショッピング,67572,株式会社サンリーブ【Ｙ】,glass-garden-10044614,2026/08/18 12:24:56,2026/08/18 12:33:18,完了,PayPay,杉山 孝治,8614172,熊本県,熊本市南区,御幸笛田2丁目20番54-2号,09059228495,,4400,0,0,0,400,0,0,出荷済,未保留,203891008344,RFC倉庫,杉山 孝治,8614172,熊本県,熊本市南区,御幸笛田2丁目20番54-2号,09059228495,宅配便,2026/08/22,,,,,A00000029894,2026/08/18 12:51:30,日本郵便,flm-002-1-15,71032-00000640,老眼鏡 メンズ おしゃれ かっこいい リーディンググラス シニアグラス リムレス メタルフレーム 老眼 眼鏡 メガネ 鯖江 FEELLIFE FLM-002,1,4400,10,400,1,通常,0,,,,
223365228,Yahoo!ショッピング,67572,株式会社サンリーブ【Ｙ】,glass-garden-10044615,2026/08/18 12:31:33,2026/08/18 12:33:21,完了,PayPay,畠中 美穂,8992442,鹿児島県,日置市,伊集院町野田603-2,0992733405,,6380,0,0,0,580,717,0,出荷済,未保留,203891008440,RFC倉庫,畠中 美穂,8992442,鹿児島県,日置市,伊集院町野田603-2,0992733405,宅配便,,,,,,A00000029895,2026/08/18 12:56:54,日本郵便,fll-006-1-15,71032-00000577,老眼鏡 おしゃれ レディース フチなし リムレス 軽量 軽い リーディンググラス シニアグラス 女性 老眼 眼鏡 メガネ 鯖江 FEELLIFE FLL-006,1,3960,10,360,1,通常,0,,,,
223365228,Yahoo!ショッピング,67572,株式会社サンリーブ【Ｙ】,glass-garden-10044615,2026/08/18 12:31:33,2026/08/18 12:33:21,完了,PayPay,畠中 美穂,8992442,鹿児島県,日置市,伊集院町野田603-2,0992733405,,6380,0,0,0,580,717,0,出荷済,未保留,490772140935,自社倉庫,畠中 美穂,8992442,鹿児島県,日置市,伊集院町野田603-2,0992733405,宅配便,,,,,,,2026/08/18 13:01:30,ヤマト運輸,gc2004-slv,71032-00001485,グラスコード メガネ チェーン 眼鏡 ストラップ おしゃれ 日本製 軽い メタル シンプル 老眼鏡 リーディンググラス サングラス レディース GC2004,1,2420,10,220,1,通常,0,,,,
223365757,楽天市場,67419,株式会社サンリーブ【Ｒ】,361684-20260818-0695948391,2026/08/18 12:37:34,2026/08/18 12:38:35,完了,後払い(楽天),加藤 万貴,489-0062,愛知県,瀬戸市,上水野町833,090-7312-2865,[配送日時指定:]2026-08-20(木)午前中置き配希望(玄関前),3300,0,250,0,300,50,200,出荷済,未保留,490773704665,自社倉庫,加藤 万貴,489-0062,愛知県,瀬戸市,上水野町833（玄関前 置き配希望）,090-7312-2865,宅配便,2026/08/20,0812,,,,,2026/08/18 14:53:24,ヤマト運輸,1000-1-60,71032-00001966,【8/18 24H限定クーポン価格】防災用メガネ 近視用 度入り 非常用 メガネ 防災グッズ 災害用 眼鏡 地震対策 防災対策 避難用 緊急用 防災バッグ 常備用 軽量 丈夫 割れにくい コンパクト ケース付き メンズ レディース 男女兼用 高度数対応 -3.0 -8.0 夜間 1000,1,3300,10,300,1,通常,0,,,,指定なし
223365838,楽天市場,67419,株式会社サンリーブ【Ｒ】,361684-20260818-0013148785,2026/08/18 12:38:14,2026/08/18 12:39:29,完了,コンビニ決済,中村 充利,298-0025,千葉県,いすみ市,山田4528,090-1462-0045,[配送日時指定:],4400,0,0,0,400,0,200,出荷済,未保留,203891008171,RFC倉庫,中村 充利,298-0025,千葉県,いすみ市,山田4528,090-1462-0045,宅配便,,,,,,A00000029922,2026/08/19 10:36:29,日本郵便,flm-006-1-20,71032-00000682,【8/18 24H限定クーポン価格】老眼鏡 メンズ おしゃれ かっこいい シャープ スタイリッシュ お洒落 ちょいワル リーディンググラス シニアグラス ハーフリム スクエア シルバー ガンメタル 男性用 ギフト 鯖江メーカーデザイン FEELLIFE FLM-006,1,4400,10,400,1,通常,0,,,,指定なし
223366394,楽天市場,67419,株式会社サンリーブ【Ｒ】,361684-20260818-0329948607,2026/08/18 12:43:10,2026/08/18 12:44:51,完了,クレジットカード,鈴木 加奈江,077-0011,北海道,留萌市,東雲町1ー76ー21 車庫置き配希望,0164-43-6131,[配送日時指定:]2026-08-20(木),3960,0,0,0,360,0,200,出荷済,未保留,203890901130,RFC倉庫,鈴木 加奈江,077-0011,北海道,留萌市,東雲町1ー76ー21 車庫置き配希望,0164-43-6131,宅配便,2026/08/20,,,,,A00000029896,2026/08/18 12:56:54,日本郵便,flc-002-1-15,71032-00000489,【8/18 24H限定クーポン価格】老眼鏡 おしゃれ ヴィンテージ 風 リーディンググラス レディース メンズ クラシック レトロ アンティーク 丸メガネ ラウンド ボストン かわいい お洒落 シニアグラス プレゼント ギフト 鯖江メーカーデザイン FEELLIFE FLC-002,1,3960,10,360,1,優先配送,0,,,,車庫
223367028,楽天市場,67419,株式会社サンリーブ【Ｒ】,361684-20260818-0487748495,2026/08/18 12:49:13,2026/08/18 12:51:01,完了,クレジットカード,冨田 満晴,345-0802,埼玉県,南埼玉郡,宮代町中島356-1,0480-34-5532,[配送日時指定:]2026-08-19(水),1001,0,0,0,91,1001,0,出荷済,未保留,490772140946,自社倉庫,冨田 満晴,345-0802,埼玉県,南埼玉郡,宮代町中島356-1,0480-34-5532,宅配便,2026/08/19,,,,,,2026/08/18 13:01:34,ヤマト運輸,hy-8042-blk,71032-00001331,メガネケース ハード コンパクト 小さめ 軽量 シンプル デザイン 上品 本革 風 PUレザー ファブリック調 おしゃれ 低価格 女性用 男性用 メガネ 眼鏡 めがね サングラス PCメガネ 老眼鏡 マグネットタイプ 眼鏡ケース 贈り物 HY-8042,1,1001,10,91,1,優先配送,0,,,,指定なし
223368133,楽天市場,67419,株式会社サンリーブ【Ｒ】,361684-20260818-0888348358,2026/08/18 12:59:53,2026/08/18 13:01:13,完了,クレジットカード,細谷 忠寿,010-0101,秋田県,潟上市,天王字追分西11?4,090-8923-2485,[配送日時指定:]2026-08-19(水)指定なし宅配ボックスに,4400,0,0,0,400,9,200,出荷済,未保留,203890902375,RFC倉庫,細谷 忠寿,010-0101,秋田県,潟上市,天王字追分西11?4（宅配ボックスへ）,090-8923-2485,宅配便,2026/08/19,,,,,A00000029897,2026/08/18 13:26:19,日本郵便,flm-006-1-20,71032-00000682,【8/18 24H限定クーポン価格】老眼鏡 メンズ おしゃれ かっこいい シャープ スタイリッシュ お洒落 ちょいワル リーディンググラス シニアグラス ハーフリム スクエア シルバー ガンメタル 男性用 ギフト 鯖江メーカーデザイン FEELLIFE FLM-006,1,4400,10,400,1,優先配送,0,,,,宅配ボックス
223370131,楽天市場,67419,株式会社サンリーブ【Ｒ】,361684-20260818-0180148688,2026/08/18 13:23:03,2026/08/18 13:24:36,完了,クレジットカード,小山 美映子,683-0805,鳥取県,米子市,西福原9-15-8クリスタルアーク202,090-5701-1501,[配送日時指定:]2026-08-19(水)指定なし,3630,0,0,0,330,0,200,出荷済,未保留,203890900920,RFC倉庫,米子 みつわ,689-3543,鳥取県,米子市,蚊屋200-38,0859-21-9520,宅配便,2026/08/19,,,,,A00000029898,2026/08/18 13:36:40,日本郵便,fll-3000-2-20,71032-00000598,【8/18 24H限定クーポン価格】老眼鏡 0.5から おしゃれ レディース ブルーライトカット 紫外線 uv ボストン かわいい シニアグラス リーディンググラス 軽い 軽量 人気 シンプル プレゼント 30代 40代 50代 女性 ケース付 鯖江デザイン FEELLIFE FLL3000,1,3630,10,330,1,優先配送,0,,,,宅配ボックス
223371232,楽天市場,67419,株式会社サンリーブ【Ｒ】,361684-20260818-0960248359,2026/08/18 13:35:44,2026/08/18 13:36:49,完了,クレジットカード,牧野 勇三,509-1301,岐阜県,加茂郡東白川村,越原567-1,090-6806-0629,[配送日時指定:]2026-08-19(水),3960,0,0,0,360,0,0,出荷済,未保留,203890900953,RFC倉庫,牧野 勇三,509-1301,岐阜県,加茂郡東白川村,越原567-1,090-6806-0629,宅配便,2026/08/19,,,,,A00000029899,2026/08/18 13:46:30,日本郵便,flc-002-2-15,71032-00000490,【8/18 24H限定クーポン価格】老眼鏡 おしゃれ ヴィンテージ 風 リーディンググラス レディース メンズ クラシック レトロ アンティーク 丸メガネ ラウンド ボストン かわいい お洒落 シニアグラス プレゼント ギフト 鯖江メーカーデザイン FEELLIFE FLC-002,1,3960,10,360,1,優先配送,0,,,,指定なし
223372658,楽天市場,67419,株式会社サンリーブ【Ｒ】,361684-20260818-0288448664,2026/08/18 13:52:04,2026/08/18 13:53:35,完了,クレジットカード,保立 久美,276-0049,千葉県,八千代市,緑が丘2-12-5,047-751-6464,[配送日時指定:],4950,0,0,0,450,0,0,出荷済,未保留,680674881445,自社倉庫,保立 久美,276-0049,千葉県,八千代市,緑が丘2-12-5,047-751-6464,メール便,,,,,,,2026/08/19 10:32:28,日本郵便,si-01sa-1-20,71032-00000984,【8/18 24H限定クーポン価格】栞 老眼鏡 リーディンググラス 薄型 非球面レンズ 折りたたみ式 コンパクト スリム 薄い 軽い レディース メンズ おしゃれ お洒落 シニアグラス 旅行 携帯用 外出 特許商品 オーバル 鯖江メーカーデザイン SHIORI SI-01SAP,1,4950,10,450,1,通常,0,,,,指定なし
223374340,楽天市場,67419,株式会社サンリーブ【Ｒ】,361684-20260818-0615348457,2026/08/18 14:13:15,2026/08/18 14:14:16,完了,クレジットカード,李 多允,143-0001,東京都,大田区,東海4-2-3 2F,03-4500-7438,[配送日時指定:],7150,0,0,0,650,0,0,出荷済,未保留,680674881456,自社倉庫,李 多允,143-0001,東京都,大田区,東海4-2-3 2F,03-4500-7438,メール便,,,,,,,2026/08/19 10:32:32,日本郵便,si-13-1-15,71032-00001396,【8/18 24H限定クーポン価格】栞 老眼鏡 跳ね上げ式 リーディンググラス ブルーライトカット 薄型 非球面レンズ 折りたたみ式 コンパクト 薄い 軽い レディース メンズ おしゃれ シニアグラス 旅行 携帯 ラウンド 丸メガネ 鯖江メーカーデザイン SHIORI SI-13,1,7150,10,650,1,通常,0,,,,指定なし
223374646,Yahoo!ショッピング,67572,株式会社サンリーブ【Ｙ】,glass-garden-10044616,2026/08/18 14:14:17,2026/08/18 14:18:11,完了,PayPay,橋本 幸子,6670012,兵庫県,養父市,八鹿町伊佐327-2 ビレッジハウスつるみ1号棟502,08041593262,,3960,0,0,0,360,450,0,出荷済,未保留,203891008215,RFC倉庫,橋本 幸子,6670012,兵庫県,養父市,八鹿町伊佐327-2 ビレッジハウスつるみ1号棟502,08041593262,宅配便,,,,,,A00000029900,2026/08/18 14:36:10,日本郵便,flc-002-2-10,71032-00000488,老眼鏡 おしゃれ ヴィンテージ クラシック レディース メンズ リーディンググラス シニアグラス 老眼 眼鏡 メガネ 鯖江 FEELLIFE FLC-002,1,3960,10,360,1,通常,0,,,,
223375076,Yahoo!ショッピング,67572,株式会社サンリーブ【Ｙ】,glass-garden-10044617,2026/08/18 14:19:13,2026/08/18 14:23:24,完了,PayPay,岩下 真弓,3350021,埼玉県,戸田市,大字新曽852 ベルハイム戸田106,09053423171,,1760,0,0,0,160,0,0,出荷済,未保留,680674881460,自社倉庫,岩下 真弓,3350021,埼玉県,戸田市,大字新曽852 ベルハイム戸田106,09053423171,メール便,,,,,,,2026/08/19 10:32:33,日本郵便,fi5465a-81,71032-00001433,サングラス レディース おしゃれ 伊達メガネ uvカット 紫外線 対策 ボストン かわいい 丸メガネ メンズ 眼鏡 鯖江 ケース メガネ拭き付き FI5465A,1,1760,10,160,1,通常,0,,,,
223375952,Yahoo!ショッピング,67572,株式会社サンリーブ【Ｙ】,glass-garden-10044618,2026/08/18 14:31:57,2026/08/18 14:33:09,完了,PayPay,沖本 忠,5950006,大阪府,泉大津市,東助松町4ー4ー15,09032877982,,1210,0,0,0,110,0,0,出荷済,未保留,490777420254,自社倉庫,沖本 忠,5900944,大阪府,堺市堺区櫛屋町東１－１－１　,マルニシビル４０３ アオイ貿易有限会社,09032877982,宅配便,2026/08/20,,,,,,2026/08/19 10:33:26,ヤマト運輸,hy-80136-b,71032-00001336,メガネケース 小さめ コンパクト ハードケース 軽量 柄 チェック 花 ドット おしゃれ 低価格 メガネ 眼鏡 サングラス PCメガネ 老眼鏡 HY-80136,1,1210,10,110,1,通常,0,,,,
223377225,Yahoo!ショッピング,67572,株式会社サンリーブ【Ｙ】,glass-garden-10044619,2026/08/18 14:43:32,2026/08/18 14:48:24,完了,PayPay,千葉 英雄,1230865,東京都,足立区,新田3丁目 37-11C-1020,09024122595,,3630,0,0,0,330,0,200,出荷済,未保留,369838171824,RFC倉庫,千葉 英雄,1230865,東京都,足立区,新田3丁目 37-11C-1020,09024122595,宅配便,2026/08/20,,,,,A00000029902,2026/08/18 15:06:14,日本郵便,fll-3004-2-05,71032-00001451,老眼鏡 おしゃれ ブルーライトカット +0.5から レディース メンズ リーディンググラス シニアグラス 老眼 眼鏡 メガネ 鯖江 FEELLIFE FLL-3004,1,3630,10,330,1,通常,0,,,,
223377238,楽天市場,67419,株式会社サンリーブ【Ｒ】,361684-20260818-0049548790,2026/08/18 14:47:02,2026/08/18 14:48:32,完了,クレジットカード,大井 武典,231-0864,神奈川県,横浜市中区,千代崎町4-94-2,090-3905-4853,[配送日時指定:]2026-08-19(水),4400,0,0,0,400,4200,200,出荷済,未保留,369838162514,RFC倉庫,大井 武典,231-0864,神奈川県,横浜市中区,千代崎町4-94-2,090-3905-4853,宅配便,2026/08/19,,,,,A00000029901,2026/08/18 14:56:34,日本郵便,flm-001-2-10,71032-00000630,【8/18 24H限定クーポン価格】老眼鏡 メンズ おしゃれ かっこいい シャープ スタイリッシュ お洒落 ちょいワル リーディンググラス シニアグラス メタル ハーフリム スクエア シルバー ブラック 男性用 ギフト 鯖江メーカーデザイン FEELLIFE FLM-001,1,4400,10,400,1,優先配送,0,,,,指定なし
223377636,楽天市場,67419,株式会社サンリーブ【Ｒ】,361684-20260818-0648048422,2026/08/18 14:52:32,2026/08/18 14:53:33,完了,クレジットカード,谷田 圭穂,180-0001,東京都,武蔵野市,吉祥寺北町2-3-9 パークハウスG4-101,090-6301-3109,[配送日時指定:],1001,0,0,0,91,1001,0,出荷済,未保留,490777420265,自社倉庫,谷田 圭穂,180-0001,東京都,武蔵野市,吉祥寺北町2-3-9 パークハウスG4-101,090-6301-3109,宅配便,,,,,,,2026/08/19 10:33:30,ヤマト運輸,hy-8042-yel,71032-00001335,メガネケース ハード コンパクト 小さめ 軽量 シンプル デザイン 上品 本革 風 PUレザー ファブリック調 おしゃれ 低価格 女性用 男性用 メガネ 眼鏡 めがね サングラス PCメガネ 老眼鏡 マグネットタイプ 眼鏡ケース 贈り物 HY-8042,1,1001,10,91,1,通常,0,,,,指定なし
223378600,楽天市場,67419,株式会社サンリーブ【Ｒ】,361684-20260818-0121048765,2026/08/18 15:04:12,2026/08/18 15:05:13,完了,クレジットカード,津田 真希,915-0235,福井県,越前市,不老町4-16,0778-42-1186,[配送日時指定:],7150,0,0,0,650,4600,400,出荷済,未保留,680674881471,自社倉庫,津田 真希,915-0235,福井県,越前市,不老町4-16,0778-42-1186,メール便,,,,,,,2026/08/19 10:32:33,日本郵便,sip-01-2-20,71032-00001807,【8/18 24H限定クーポン価格】栞 老眼鏡 リーディンググラス ブルーライトカット 薄型 非球面レンズ 折りたたみ式 コンパクト 薄い 軽い レディース メンズ おしゃれ お洒落 シニアグラス 旅行 携帯 ラウンド 多角形 丸メガネ デカゴン SHIORI SIP-01,1,7150,10,650,1,通常,0,,,,指定なし
223378718,楽天市場,67419,株式会社サンリーブ【Ｒ】,361684-20260818-0815548394,2026/08/18 15:05:56,2026/08/18 15:06:56,完了,クレジットカード,青木 久美子,359-1145,埼玉県,所沢市,山口 1101-31,090-6027-0897,[配送日時指定:],2420,0,0,0,220,0,0,出荷済,未保留,680674881482,自社倉庫,村松 弘美,381-2215,長野県,長野市,稲里町中氷鉋 911,080-3424-6632,メール便,,,,,,,2026/08/19 10:32:34,日本郵便,bsc-001-ivr,71032-00001586,メガネケース 大人 かわいい くすみカラー 日本製 眼鏡ケース ストラップ付き おしゃれ レザー調 コンパクト 軽量 スリム バッグに付ける サングラスケース 女性 レディース 持ち運び 老眼鏡ケース 携帯 メガネ入れ ギフト BSC-001,1,2420,10,220,1,通常,0,,,,指定なし
223379491,楽天市場,67419,株式会社サンリーブ【Ｒ】,361684-20260818-0804748393,2026/08/18 15:15:17,2026/08/18 15:16:19,完了,クレジットカード,前田 宣子,599-8104,大阪府,堺市東区,引野町2-37-6,072-286-7004,[配送日時指定:],14850,0,0,0,1350,3350,1500,出荷済,未保留,680674881493,自社倉庫,前田 宣子,599-8104,大阪府,堺市東区,引野町2-37-6,072-286-7004,メール便,,,,,,,2026/08/19 10:32:34,日本郵便,si-01sa-1-25,71032-00000988,【8/18 24H限定クーポン価格】栞 老眼鏡 リーディンググラス 薄型 非球面レンズ 折りたたみ式 コンパクト スリム 薄い 軽い レディース メンズ おしゃれ お洒落 シニアグラス 旅行 携帯用 外出 特許商品 オーバル 鯖江メーカーデザイン SHIORI SI-01SAP,3,4950,10,450,1,通常,0,,,,指定なし
223379835,楽天市場,67419,株式会社サンリーブ【Ｒ】,361684-20260818-0508648485,2026/08/18 15:19:58,2026/08/18 15:21:00,完了,クレジットカード,竹島 彩華,116-0013,東京都,荒川区,西日暮里2-30-4-902,080-1194-7815,[配送日時指定:],3300,0,0,0,300,0,200,出荷済,未保留,680674881504,自社倉庫,竹島 彩華,116-0013,東京都,荒川区,西日暮里2-30-4-902,080-1194-7815,メール便,,,,,,,2026/08/19 10:32:35,日本郵便,ph5099-12,71032-00001818,【8/18 24H限定クーポン価格】【8月31日までセール価格】調光 サングラス UVカット 紫外線 ブルーライトカット レディース メンズ 伊達メガネ カラーレンズ おしゃれ 眼鏡 ボストン 女性  ブランド ファッション バイカラーケース付 鯖江メーカーデザイン GG eyewear ph5099,1,3300,10,300,1,通常,0,,,,指定なし
223380444,楽天市場,67419,株式会社サンリーブ【Ｒ】,361684-20260818-0528848516,2026/08/18 15:27:51,2026/08/18 15:28:55,完了,クレジットカード,山田 彩,277-0087,千葉県,柏市,常盤台21-9-2,090-4489-5281,[配送日時指定:],3300,0,0,0,300,0,200,出荷済,未保留,680674881515,自社倉庫,山田 彩,277-0087,千葉県,柏市,常盤台21-9-2,090-4489-5281,メール便,,,,,,,2026/08/19 10:32:35,日本郵便,ph5099-12,71032-00001818,【8/18 24H限定クーポン価格】【8月31日までセール価格】調光 サングラス UVカット 紫外線 ブルーライトカット レディース メンズ 伊達メガネ カラーレンズ おしゃれ 眼鏡 ボストン 女性  ブランド ファッション バイカラーケース付 鯖江メーカーデザイン GG eyewear ph5099,1,3300,10,300,1,通常,0,,,,指定なし
223383385,楽天市場,67419,株式会社サンリーブ【Ｒ】,361684-20260818-0220148725,2026/08/18 16:05:12,2026/08/18 16:06:13,完了,コンビニ決済,比嘉 佐和子,901-2311,沖縄県,中頭郡北中城村,喜舎場140-2F,098-935-3985,[配送日時指定:],3300,0,0,0,300,500,200,出荷済,未保留,680662168060,自社倉庫,比嘉 佐和子,901-2311,沖縄県,中頭郡北中城村,喜舎場140-2F,098-935-3985,メール便,,,,,,,2026/08/20 10:59:01,日本郵便,ph5099-1,71032-00000925,【8/18 24H限定クーポン価格】【8月31日までセール価格】調光 サングラス UVカット 紫外線 ブルーライトカット レディース メンズ 伊達メガネ カラーレンズ おしゃれ 眼鏡 ボストン 女性  ブランド ファッション バイカラーケース付 鯖江メーカーデザイン GG eyewear ph5099,1,3300,10,300,1,通常,0,,,,指定なし
223383455,楽天市場,67419,株式会社サンリーブ【Ｒ】,361684-20260818-0471048586,2026/08/18 16:05:26,2026/08/18 16:07:04,完了,クレジットカード,中泉 明日香,315-0013,茨城県,石岡市,府中５丁目１ー３１,090-8308-1152,[配送日時指定:],1760,0,0,0,160,0,0,出荷済,未保留,680674881526,自社倉庫,中泉 明日香,315-0013,茨城県,石岡市,府中５丁目１ー３１,090-8308-1152,メール便,,,,,,,2026/08/19 10:32:36,日本郵便,5584-2,71032-00001526,【8月31日までセール価格】サングラス レディース UVカット 伊達メガネ おしゃれ かわいい 紫外線 対策 美肌 眼鏡 ライトカラー クリアレンズ オールシーズン 女性  ボストン ブランド 可愛い バイカラーケース付 鯖江メーカーデザイン GG eyewear 5584,1,1760,10,160,1,通常,0,,,,指定なし
223383520,楽天市場,67419,株式会社サンリーブ【Ｒ】,361684-20260818-0260148658,2026/08/18 16:06:59,2026/08/18 16:08:00,完了,クレジットカード,北川 晴基,464-0031,愛知県,名古屋市千種区,徳川山町6-2-26 ラグナヒルズA501,080-5299-6177,[配送日時指定:],3960,0,0,0,360,1044,200,出荷済,未保留,203891009151,RFC倉庫,北川 晴基,464-0031,愛知県,名古屋市千種区,徳川山町6-2-26 ラグナヒルズA501,080-5299-6177,宅配便,,,,,,A00000029903,2026/08/18 16:51:26,日本郵便,flc-002-2-15,71032-00000490,【8/18 24H限定クーポン価格】老眼鏡 おしゃれ ヴィンテージ 風 リーディンググラス レディース メンズ クラシック レトロ アンティーク 丸メガネ ラウンド ボストン かわいい お洒落 シニアグラス プレゼント ギフト 鯖江メーカーデザイン FEELLIFE FLC-002,1,3960,10,360,1,通常,0,,,,指定なし
223384561,楽天市場,67419,株式会社サンリーブ【Ｒ】,361684-20260818-0311248657,2026/08/18 16:20:05,2026/08/18 16:21:48,完了,クレジットカード,吉岡 扶美,640-8453,和歌山県,和歌山市,木ノ本395-65,073-454-7472,[配送日時指定:],1760,0,0,0,160,1750,10,出荷済,未保留,680674881530,自社倉庫,吉岡 扶美,640-8453,和歌山県,和歌山市,木ノ本395-65,073-454-7472,メール便,,,,,,,2026/08/19 10:32:36,日本郵便,5584-22,71032-00001527,【8月31日までセール価格】サングラス レディース UVカット 伊達メガネ おしゃれ かわいい 紫外線 対策 美肌 眼鏡 ライトカラー クリアレンズ オールシーズン 女性  ボストン ブランド 可愛い バイカラーケース付 鯖江メーカーデザイン GG eyewear 5584,1,1760,10,160,1,通常,0,,,,指定なし
223385651,楽天市場,67419,株式会社サンリーブ【Ｒ】,361684-20260818-0127448771,2026/08/18 16:35:57,2026/08/18 16:37:12,完了,後払い(楽天),佐藤 弘恵,811-1101,福岡県,福岡市早良区,重留2-20-7,080-3227-7928,[配送日時指定:],3300,0,250,0,300,825,200,出荷済,未保留,680674881541,自社倉庫,佐藤 弘恵,811-1101,福岡県,福岡市早良区,重留2-20-7,080-3227-7928,メール便,,,,,,,2026/08/19 10:32:37,日本郵便,ph5099-12,71032-00001818,【8/18 24H限定クーポン価格】【8月31日までセール価格】調光 サングラス UVカット 紫外線 ブルーライトカット レディース メンズ 伊達メガネ カラーレンズ おしゃれ 眼鏡 ボストン 女性  ブランド ファッション バイカラーケース付 鯖江メーカーデザイン GG eyewear ph5099,1,3300,10,300,1,通常,0,,,,指定なし
223386602,Yahoo!ショッピング,67572,株式会社サンリーブ【Ｙ】,glass-garden-10044620,2026/08/18 16:46:55,2026/08/18 16:48:20,完了,PayPay,大塚 佳世,6570061,兵庫県,神戸市灘区,赤松町2-3-12 402,09098600619,,3630,0,0,0,330,296,0,出荷済,未保留,203890964863,RFC倉庫,大塚 佳世,6570061,兵庫県,神戸市灘区,赤松町2-3-12 402,09098600619,宅配便,2026/08/20,,,,,A00000029904,2026/08/18 17:11:12,日本郵便,fll-3000-2-05,71032-00001580,老眼鏡 おしゃれ ブルーライトカット 軽い 軽量 +0.5から レディース メンズ リーディンググラス 老眼 眼鏡 メガネ 鯖江 FEELLIFE FLL-3000,1,3630,10,330,1,通常,0,,,,
223388199,楽天市場,67419,株式会社サンリーブ【Ｒ】,361684-20260818-0124048776,2026/08/18 17:07:28,2026/08/18 17:09:13,完了,クレジットカード,西 里美,868-0415,熊本県,球磨郡あさぎり町,免田西2619-15,090-9587-2878,[配送日時指定:],4180,0,0,0,380,419,0,出荷済,未保留,680674881552,自社倉庫,西 里美,868-0415,熊本県,球磨郡あさぎり町,免田西2619-15,090-9587-2878,メール便,,,,,,,2026/08/19 10:32:38,日本郵便,gg5099-1-30,71032-00000769,【8/18 24H限定クーポン価格】メガネ 度付き 度入り 眼鏡 UVカット ブルーライトカット 近視 お得 レディース メンズ おしゃれ 可愛い かわいい ボストン 予備 エマージェンシー  セカンドメガネ バイカラーケース 鯖江メーカーデザイン GG eyewear gg5099,1,4180,10,380,1,通常,0,,,,指定なし
223388200,楽天市場,67419,株式会社サンリーブ【Ｒ】,361684-20260818-0257048708,2026/08/18 17:08:12,2026/08/18 17:09:13,完了,クレジットカード,後藤 由美,847-0085,佐賀県,唐津市,和多田本村1番55号,080-5253-7729,[配送日時指定:],3300,0,0,0,300,0,200,出荷済,未保留,680674881563,自社倉庫,城 章代,849-3201,佐賀県,唐津市,相知町相知1698番地,0955-62-5122,メール便,,,,,,,2026/08/19 10:32:38,日本郵便,ph5099-12,71032-00001818,【8/18 24H限定クーポン価格】【8月31日までセール価格】調光 サングラス UVカット 紫外線 ブルーライトカット レディース メンズ 伊達メガネ カラーレンズ おしゃれ 眼鏡 ボストン 女性  ブランド ファッション バイカラーケース付 鯖江メーカーデザイン GG eyewear ph5099,1,3300,10,300,1,通常,0,,,,指定なし
223388465,楽天市場,67419,株式会社サンリーブ【Ｒ】,361684-20260818-0666648419,2026/08/18 17:10:44,2026/08/18 17:11:44,完了,クレジットカード,中坊 彩那,116-0011,東京都,荒川区,西尾久8-12-9グリーンパーク上中里111号室,080-1057-9752,[配送日時指定:],1001,0,0,0,91,469,0,出荷済,未保留,490777420276,自社倉庫,中坊 彩那,116-0011,東京都,荒川区,西尾久8-12-9グリーンパーク上中里111号室,080-1057-9752,宅配便,,,,,,,2026/08/19 10:33:30,ヤマト運輸,hy-8042-blu,71032-00001332,メガネケース ハード コンパクト 小さめ 軽量 シンプル デザイン 上品 本革 風 PUレザー ファブリック調 おしゃれ 低価格 女性用 男性用 メガネ 眼鏡 めがね サングラス PCメガネ 老眼鏡 マグネットタイプ 眼鏡ケース 贈り物 HY-8042,1,1001,10,91,1,通常,0,,,,指定なし
223389815,楽天市場,67419,株式会社サンリーブ【Ｒ】,361684-20260818-0645848477,2026/08/18 17:29:11,2026/08/18 17:30:13,完了,クレジットカード,村松 伴美,426-0041,静岡県,藤枝市,高柳3-24-19,090-8675-7692,[配送日時指定:],5324,0,0,0,484,0,400,出荷済,未保留,680674881574,自社倉庫,村松 伴美,426-0041,静岡県,藤枝市,高柳3-24-19,090-8675-7692,メール便,,,,,,,2026/08/19 10:32:39,日本郵便,5135-1,71032-00000048,【8月31日までセール価格】サングラス レディース ブルーライトカット UVカット 伊達メガネ だてめがね PCメガネ 眼鏡 おしゃれ かわいい 可愛い 小顔効果 運転 レトロ クリアレンズ 紫外線 対策 女性 ラウンド 丸眼鏡 鯖江メーカーデザイン GG eyewear 5336P,1,2024,10,184,1,通常,0,,,,指定なし
223389815,楽天市場,67419,株式会社サンリーブ【Ｒ】,361684-20260818-0645848477,2026/08/18 17:29:11,2026/08/18 17:30:13,完了,クレジットカード,村松 伴美,426-0041,静岡県,藤枝市,高柳3-24-19,090-8675-7692,[配送日時指定:],5324,0,0,0,484,0,400,出荷済,未保留,680674881574,自社倉庫,村松 伴美,426-0041,静岡県,藤枝市,高柳3-24-19,090-8675-7692,メール便,,,,,,,2026/08/19 10:32:39,日本郵便,ph5099-12,71032-00001818,【8/18 24H限定クーポン価格】【8月31日までセール価格】調光 サングラス UVカット 紫外線 ブルーライトカット レディース メンズ 伊達メガネ カラーレンズ おしゃれ 眼鏡 ボストン 女性  ブランド ファッション バイカラーケース付 鯖江メーカーデザイン GG eyewear ph5099,1,3300,10,300,1,通常,0,,,,指定なし
223390407,楽天市場,67419,株式会社サンリーブ【Ｒ】,361684-20260818-0207448744,2026/08/18 17:36:30,2026/08/18 17:37:31,完了,クレジットカード,小椋 明子,661-0033,兵庫県,尼崎市,南武庫之荘8-34-15,090-6062-4841,[配送日時指定:],3300,0,0,0,300,0,200,出荷済,未保留,680674881585,自社倉庫,小椋 明子,661-0033,兵庫県,尼崎市,南武庫之荘8-34-15,090-6062-4841,メール便,,,,,,,2026/08/19 10:32:39,日本郵便,ph5099-12,71032-00001818,【8/18 24H限定クーポン価格】【8月31日までセール価格】調光 サングラス UVカット 紫外線 ブルーライトカット レディース メンズ 伊達メガネ カラーレンズ おしゃれ 眼鏡 ボストン 女性  ブランド ファッション バイカラーケース付 鯖江メーカーデザイン GG eyewear ph5099,1,3300,10,300,1,通常,0,,,,指定なし
223392016,楽天市場,67419,株式会社サンリーブ【Ｒ】,361684-20260818-0341648624,2026/08/18 17:56:48,2026/08/18 17:58:34,完了,クレジットカード,直田 繁樹,651-2142,兵庫県,神戸市西区,二ツ屋１丁目二ツ屋１ー２２ー２７,078-202-9826,[配送日時指定:]2026-08-20(木)18:00-20:00,3960,0,0,0,360,3760,200,出荷済,未保留,203890965611,RFC倉庫,直田 繁樹,651-2142,兵庫県,神戸市西区,二ツ屋１丁目二ツ屋１ー２２ー２７,078-202-9826,宅配便,2026/08/20,1820,,,,A00000029905,2026/08/18 18:06:04,日本郵便,flc-002-1-15,71032-00000489,【8/18 24H限定クーポン価格】老眼鏡 おしゃれ ヴィンテージ 風 リーディンググラス レディース メンズ クラシック レトロ アンティーク 丸メガネ ラウンド ボストン かわいい お洒落 シニアグラス プレゼント ギフト 鯖江メーカーデザイン FEELLIFE FLC-002,1,3960,10,360,1,優先配送,0,,,,玄関前
223392423,楽天市場,67419,株式会社サンリーブ【Ｒ】,361684-20260818-0850748393,2026/08/18 18:02:01,2026/08/18 18:03:02,完了,クレジットカード,宮本 浩子,662-0964,兵庫県,西宮市,弓場町９番３-９０５号,090-3615-4711,[配送日時指定:],3520,0,0,0,320,3320,200,出荷済,未保留,680674881596,自社倉庫,宮本 浩子,662-0964,兵庫県,西宮市,弓場町９番３-９０５号,090-3615-4711,メール便,,,,,,,2026/08/19 10:32:40,日本郵便,5584-21,71032-00001737,【8月31日までセール価格】サングラス レディース UVカット 伊達メガネ おしゃれ かわいい 紫外線 対策 美肌 眼鏡 ライトカラー クリアレンズ オールシーズン 女性  ボストン ブランド 可愛い バイカラーケース付 鯖江メーカーデザイン GG eyewear 5584,1,1760,10,160,1,通常,0,,,,指定なし
223392423,楽天市場,67419,株式会社サンリーブ【Ｒ】,361684-20260818-0850748393,2026/08/18 18:02:01,2026/08/18 18:03:02,完了,クレジットカード,宮本 浩子,662-0964,兵庫県,西宮市,弓場町９番３-９０５号,090-3615-4711,[配送日時指定:],3520,0,0,0,320,3320,200,出荷済,未保留,680674881596,自社倉庫,宮本 浩子,662-0964,兵庫県,西宮市,弓場町９番３-９０５号,090-3615-4711,メール便,,,,,,,2026/08/19 10:32:40,日本郵便,5584-3,71032-00001528,【8月31日までセール価格】サングラス レディース UVカット 伊達メガネ おしゃれ かわいい 紫外線 対策 美肌 眼鏡 ライトカラー クリアレンズ オールシーズン 女性  ボストン ブランド 可愛い バイカラーケース付 鯖江メーカーデザイン GG eyewear 5584,1,1760,10,160,1,通常,0,,,,指定なし
223394803,楽天市場,67419,株式会社サンリーブ【Ｒ】,361684-20260818-0324048663,2026/08/18 18:29:55,2026/08/18 18:30:56,完了,クレジットカード,桑原 由美子,136-0073,東京都,江東区,北砂３丁目５ー２０ー３０３,03-3699-6916,[配送日時指定:]2026-08-22(土)午前中,2970,0,0,0,270,1202,0,出荷済,未保留,490777597925,自社倉庫,桑原 由美子,136-0073,東京都,江東区,北砂３丁目５ー２０ー３０３,03-3699-6916,宅配便,2026/08/22,0812,,,,,2026/08/19 10:33:31,ヤマト運輸,kmb-pc1,71032-00001583,北山正積商店 ペットたわし 猫ブラシ タイプA 日本製 猫用たわし ブラッシング 痛くない マッサージ 換毛期 抜け毛 対策 天然素材 短毛 長毛 ペット用ブラシ タワシ 猫 犬 KMB-PC1,1,2970,10,270,1,通常,0,,,,指定なし
223394878,楽天市場,67419,株式会社サンリーブ【Ｒ】,361684-20260818-0755148435,2026/08/18 18:30:43,2026/08/18 18:31:45,完了,クレジットカード,牟田 法子,811-1352,福岡県,福岡市南区,鶴田3ー19ー1,090-5080-7272,[配送日時指定:]2026-08-20(木),7920,0,0,0,720,0,400,出荷済,未保留,203890954455,RFC倉庫,牟田 法子,811-1352,福岡県,福岡市南区,鶴田3ー19ー1,090-5080-7272,宅配便,2026/08/20,,,,,A00000029906,2026/08/18 18:46:59,日本郵便,fll-006-2-20,71032-00000580,【8/18 24H限定クーポン価格】老眼鏡 レディース ふちなし リムレス 上品 おしゃれ かわいい クリアカラー ツーポイント お洒落 可愛い 軽量 軽い 人気 リーディンググラス シニアグラス メガネ 女性用 レザー調ケース 鯖江メーカーデザイン FEELLIFE FLL-006,1,3960,10,360,1,優先配送,0,,,,宅配ボックス
223394878,楽天市場,67419,株式会社サンリーブ【Ｒ】,361684-20260818-0755148435,2026/08/18 18:30:43,2026/08/18 18:31:45,完了,クレジットカード,牟田 法子,811-1352,福岡県,福岡市南区,鶴田3ー19ー1,090-5080-7272,[配送日時指定:]2026-08-20(木),7920,0,0,0,720,0,400,出荷済,未保留,203890954455,RFC倉庫,牟田 法子,811-1352,福岡県,福岡市南区,鶴田3ー19ー1,090-5080-7272,宅配便,2026/08/20,,,,,A00000029906,2026/08/18 18:46:59,日本郵便,flc-002-2-20,71032-00000492,【8/18 24H限定クーポン価格】老眼鏡 おしゃれ ヴィンテージ 風 リーディンググラス レディース メンズ クラシック レトロ アンティーク 丸メガネ ラウンド ボストン かわいい お洒落 シニアグラス プレゼント ギフト 鯖江メーカーデザイン FEELLIFE FLC-002,1,3960,10,360,1,優先配送,0,,,,宅配ボックス
223395765,楽天市場,67419,株式会社サンリーブ【Ｒ】,361684-20260818-0150148774,2026/08/18 18:41:45,2026/08/18 18:42:50,完了,クレジットカード,中原 孝子,458-0813,愛知県,名古屋市緑区,藤塚３ー１０９ー２,052-877-6175,[配送日時指定:],1760,0,0,0,160,1760,0,出荷済,未保留,680674881600,自社倉庫,中原 孝子,458-0813,愛知県,名古屋市緑区,藤塚３ー１０９ー２,052-877-6175,メール便,,,,,,,2026/08/19 10:32:41,日本郵便,5584-2,71032-00001526,【8月31日までセール価格】サングラス レディース UVカット 伊達メガネ おしゃれ かわいい 紫外線 対策 美肌 眼鏡 ライトカラー クリアレンズ オールシーズン 女性  ボストン ブランド 可愛い バイカラーケース付 鯖江メーカーデザイン GG eyewear 5584,1,1760,10,160,1,通常,0,,,,指定なし
223397733,楽天市場,67419,株式会社サンリーブ【Ｒ】,361684-20260818-0063848793,2026/08/18 19:05:15,2026/08/18 19:06:17,完了,クレジットカード,岡田 早恵,604-8417,京都府,京都市中京区,西ノ京内畑町29-47,075-811-7377,[配送日時指定:],3300,0,0,0,300,0,200,出荷済,未保留,680674881611,自社倉庫,岡田 早恵,604-8417,京都府,京都市中京区,西ノ京内畑町29-47,075-811-7377,メール便,,,,,,,2026/08/19 10:32:42,日本郵便,ph5099-12,71032-00001818,【8/18 24H限定クーポン価格】【8月31日までセール価格】調光 サングラス UVカット 紫外線 ブルーライトカット レディース メンズ 伊達メガネ カラーレンズ おしゃれ 眼鏡 ボストン 女性  ブランド ファッション バイカラーケース付 鯖江メーカーデザイン GG eyewear ph5099,1,3300,10,300,1,通常,0,,,,指定なし
223398541,楽天市場,67419,株式会社サンリーブ【Ｒ】,361684-20260818-0728348416,2026/08/18 19:15:15,2026/08/18 19:16:17,完了,クレジットカード,白石 颯,417-0001,静岡県,富士市,今泉3934-3,090-2709-0666,[配送日時指定:]18:00-20:00,14410,0,0,0,1310,0,1500,出荷済,未保留,490777420291,自社倉庫,白石 颯,417-0001,静岡県,富士市,今泉3934-3,090-2709-0666,宅配便,,1820,,,,,2026/08/19 10:33:32,ヤマト運輸,flk-001-1-20,71032-00001596,【8/18 24H限定クーポン価格】老眼鏡 おしゃれ 首にかけられる 首掛け リーディンググラス ブルーライトカット レディース メンズ ボストン シニアグラス 初めての老眼鏡 ケース メガネ拭き  贈り物 ギフト FEELLIFE FLK-001,1,5940,10,540,1,通常,0,,,,指定なし
223398541,楽天市場,67419,株式会社サンリーブ【Ｒ】,361684-20260818-0728348416,2026/08/18 19:15:15,2026/08/18 19:16:17,完了,クレジットカード,白石 颯,417-0001,静岡県,富士市,今泉3934-3,090-2709-0666,[配送日時指定:]18:00-20:00,14410,0,0,0,1310,0,1500,出荷済,未保留,490777420291,自社倉庫,白石 颯,417-0001,静岡県,富士市,今泉3934-3,090-2709-0666,宅配便,,1820,,,,,2026/08/19 10:33:32,ヤマト運輸,fl-3001-1-20,71032-00001986,【8/18 24H限定クーポン価格】リムレス 老眼鏡 メンズ フチなし ブルーライトカット おしゃれ カーボン素材 リーディンググラス シニアグラス スクエア シルバー グレー 男性用 ギフト 鯖江メーカー デザイン FEELLIFE FL-3001,1,4950,10,450,1,通常,0,,,,指定なし
223398541,楽天市場,67419,株式会社サンリーブ【Ｒ】,361684-20260818-0728348416,2026/08/18 19:15:15,2026/08/18 19:16:17,完了,クレジットカード,白石 颯,417-0001,静岡県,富士市,今泉3934-3,090-2709-0666,[配送日時指定:]18:00-20:00,14410,0,0,0,1310,0,1500,出荷済,未保留,490777420291,自社倉庫,白石 颯,417-0001,静岡県,富士市,今泉3934-3,090-2709-0666,宅配便,,1820,,,,,2026/08/19 10:33:32,ヤマト運輸,fi2002-1,71032-00000244,【8月31日までセール価格】サングラス メンズ かっこいい クール ちょいワル UVカット おしゃれ スクエア 男性用 メタル ナイロール フラッシュミラーレンズ ライトカラーレンズ 薄い色 ドライブ アウトドア ケース付き 鯖江メーカーデザイン FEELLIFE FI2002 父の日,1,1760,10,160,1,通常,0,,,,指定なし
223398541,楽天市場,67419,株式会社サンリーブ【Ｒ】,361684-20260818-0728348416,2026/08/18 19:15:15,2026/08/18 19:16:17,完了,クレジットカード,白石 颯,417-0001,静岡県,富士市,今泉3934-3,090-2709-0666,[配送日時指定:]18:00-20:00,14410,0,0,0,1310,0,1500,出荷済,未保留,490777420291,自社倉庫,白石 颯,417-0001,静岡県,富士市,今泉3934-3,090-2709-0666,宅配便,,1820,,,,,2026/08/19 10:33:32,ヤマト運輸,fi2002-9,71032-00000246,【8月31日までセール価格】サングラス メンズ かっこいい クール ちょいワル UVカット おしゃれ スクエア 男性用 メタル ナイロール フラッシュミラーレンズ ライトカラーレンズ 薄い色 ドライブ アウトドア ケース付き 鯖江メーカーデザイン FEELLIFE FI2002 父の日,1,1760,10,160,1,通常,0,,,,指定なし
223401819,楽天市場,67419,株式会社サンリーブ【Ｒ】,361684-20260818-0776348433,2026/08/18 19:49:46,2026/08/18 19:50:49,完了,クレジットカード,中原 愛,341-0018,埼玉県,三郷市,早稲田３丁目４番地３号５０４号室,048-959-4020,[配送日時指定:],3300,0,0,0,300,0,200,出荷済,未保留,680674881622,自社倉庫,中原 愛,341-0018,埼玉県,三郷市,早稲田３丁目４番地３号５０４号室,048-959-4020,メール便,,,,,,,2026/08/19 10:32:42,日本郵便,ph5099-12,71032-00001818,【8/18 24H限定クーポン価格】【8月31日までセール価格】調光 サングラス UVカット 紫外線 ブルーライトカット レディース メンズ 伊達メガネ カラーレンズ おしゃれ 眼鏡 ボストン 女性  ブランド ファッション バイカラーケース付 鯖江メーカーデザイン GG eyewear ph5099,1,3300,10,300,1,通常,0,,,,指定なし
223401949,au Payマーケット,67574,株式会社サンリーブ【ａ】,746504994,2026/08/18 19:48:00,2026/08/18 19:52:12,完了,auかんたん決済,中村 みどり,733-0841,広島県,広島市西区井口明神２丁目２?７,,090-9733-4475,,3960,0,0,0,360,561,30,出荷済,未保留,203891009195,RFC倉庫,中村 みどり,733-0841,広島県,広島市西区井口明神２丁目２?７,,090-9733-4475,宅配便,,,,,,A00000029920,2026/08/19 8:41:17,日本郵便,fll-006-1-15,71032-00000577,老眼鏡 レディース ふちなし リムレス メガネ おしゃれ 可愛い 鯖江企画 軽量 ツーポイント リーディンググラス 専用ケース付き FEELLIFE FLL-006,1,3960,10,360,1,通常,0,,,,
223403117,Yahoo!ショッピング,67572,株式会社サンリーブ【Ｙ】,glass-garden-10044621,2026/08/18 20:03:13,2026/08/18 20:03:17,完了,PayPay,山本 久美子,9392711,富山県,富山市,婦中町鵜坂51-150,09023746103,,1760,0,0,0,160,158,0,出荷済,未保留,680674881633,自社倉庫,山本 久美子,9392711,富山県,富山市,婦中町鵜坂51-150,09023746103,メール便,,,,,,,2026/08/19 10:32:43,日本郵便,5584-11,71032-00001524,サングラス レディース おしゃれ 伊達メガネ uvカット 紫外線 対策 ライトカラー クリアレンズ ボストン 眼鏡 鯖江 ケース メガネ拭き付き 5584,1,1760,10,160,1,通常,0,,,,
223403589,楽天市場,67419,株式会社サンリーブ【Ｒ】,361684-20260818-0670748450,2026/08/18 20:06:13,2026/08/18 20:07:29,完了,クレジットカード,佐藤 靖子,350-1163,埼玉県,川越市,四都野台３１ー１１メゾンタチバナ２０３,090-6190-0670,[配送日時指定:]2026-08-20(木)16:00-18:00,3960,0,0,0,360,0,200,出荷済,未保留,369838172060,RFC倉庫,佐藤 靖子,350-1163,埼玉県,川越市,四都野台３１ー１１メゾンタチバナ２０３,090-6190-0670,宅配便,2026/08/20,1618,,,,A00000029907,2026/08/18 20:21:26,日本郵便,fll-006-2-20,71032-00000580,【8/18 24H限定クーポン価格】老眼鏡 レディース ふちなし リムレス 上品 おしゃれ かわいい クリアカラー ツーポイント お洒落 可愛い 軽量 軽い 人気 リーディンググラス シニアグラス メガネ 女性用 レザー調ケース 鯖江メーカーデザイン FEELLIFE FLL-006,1,3960,10,360,1,優先配送,0,,,,玄関前
223404340,楽天市場,67419,株式会社サンリーブ【Ｒ】,361684-20260818-0438148598,2026/08/18 20:12:42,2026/08/18 20:14:09,完了,クレジットカード,櫻井 真理子,251-0044,神奈川県,藤沢市,辻堂太平台1-15-12,090-9327-7558,[配送日時指定:],5940,0,0,0,540,0,0,出荷済,未保留,680674881644,自社倉庫,櫻井 真理子,251-0044,神奈川県,藤沢市,辻堂太平台1-15-12,090-9327-7558,メール便,,,,,,,2026/08/19 10:32:43,日本郵便,flk-001-1-20,71032-00001596,【8/18 24H限定クーポン価格】老眼鏡 おしゃれ 首にかけられる 首掛け リーディンググラス ブルーライトカット レディース メンズ ボストン シニアグラス 初めての老眼鏡 ケース メガネ拭き  贈り物 ギフト FEELLIFE FLK-001,1,5940,10,540,1,通常,0,,,,指定なし
223404778,楽天市場,67419,株式会社サンリーブ【Ｒ】,361684-20260818-0868248411,2026/08/18 20:16:31,2026/08/18 20:17:53,完了,クレジットカード,田崎 利香,580-0002,大阪府,松原市,小川1-1-7,072-331-5464,[配送日時指定:],5500,0,0,0,500,0,400,出荷済,未保留,680674881655,自社倉庫,田崎 利香,580-0002,大阪府,松原市,小川1-1-7,072-331-5464,メール便,,,,,,,2026/08/19 10:32:45,日本郵便,si-03-2-30,71032-00001045,【8/18 24H限定クーポン価格】栞 老眼鏡 リーディンググラス ブルーライトカット 薄型 非球面レンズ 折りたたみ式 コンパクト 薄い 軽い レディース メンズ おしゃれ お洒落 シニアグラス 旅行用 携帯用 特許商品 オーバル 鯖江メーカーデザイン SHIORI SI-03,1,5500,10,500,1,通常,0,,,,指定なし
223405479,楽天市場,67419,株式会社サンリーブ【Ｒ】,361684-20260818-0241248790,2026/08/18 20:22:38,2026/08/18 20:23:39,完了,クレジットカード,芝生 愛子,164-0003,東京都,中野区東中野,2-22-15,090-4935-5350,[配送日時指定:],2640,0,0,0,240,0,0,出荷済,未保留,680674881666,自社倉庫,芝生 愛子,164-0003,東京都,中野区東中野,2-22-15,090-4935-5350,メール便,,,,,,,2026/08/19 10:32:47,日本郵便,meh-10-04,71032-00001847,グラスコード メガネストラップ 眼鏡 マスク ストラップ TOHO BEADS ビーズ アクセサリー ハンドメイド グラスビーズ イヤホンコード 日本製 国内産 おしゃれ お洒落 オシャレ レディース 誕生日 プレゼント 贈り物 ギフト MEH-10,1,2640,10,240,1,通常,0,,,,指定なし
223405732,楽天市場,67419,株式会社サンリーブ【Ｒ】,361684-20260818-0780348441,2026/08/18 20:24:43,2026/08/18 20:25:51,完了,コンビニ決済,加藤 広道,444-2218,愛知県,豊田市,林添町日岸田２４の１,0565-58-1240,[配送日時指定:],9240,0,0,0,840,0,800,出荷済,未保留,490798276194,自社倉庫,加藤 広道,444-2204,愛知県,豊田市,鵜ケ瀬町高瀬南峯9-6,070-2211-5661,宅配便,,,,,,,2026/08/24 9:03:50,ヤマト運輸,bds-157-2,71032-00002001,【8/18 24H限定クーポン価格】【8月31日までセール価格】ビームス デザイン サングラス ウェリントン スクエア ‘80s G.I オマージュ 紫外線対策 UV99%カット メンズ レディース ユニセックス タウンユース アウトドア ドライブ ギフト bds-157,1,9240,10,840,1,通常,0,,,,指定なし
223406053,Yahoo!ショッピング,67572,株式会社サンリーブ【Ｙ】,glass-garden-10044622,2026/08/18 20:28:04,2026/08/18 20:28:29,完了,PayPay,小暮 幸夫,3640002,埼玉県,北本市,宮内1-15-26,09015043256,,1760,0,0,0,160,0,0,出荷済,未保留,490777597936,自社倉庫,小暮 幸夫,3640002,埼玉県,北本市,宮内1-15-26,09015043256,宅配便,,,,,,,2026/08/19 10:33:32,ヤマト運輸,fi2002-9,71032-00000246,サングラス メンズ ミラーレンズ かっこいい ちょい悪 ワル おしゃれ ブロータイプ 紫外線 uvカット 鯖江 ケース メガネ拭き付き FEELLIFE FI2002,1,1760,10,160,1,通常,0,,,,
223407926,楽天市場,67419,株式会社サンリーブ【Ｒ】,361684-20260818-0801348435,2026/08/18 20:41:41,2026/08/18 20:42:59,完了,クレジットカード,服部 文恵,066-0081,北海道,千歳市,清流４丁目３?１２,090-2056-2923,[配送日時指定:],6050,0,0,0,550,1232,400,出荷済,未保留,680674881670,自社倉庫,服部 文恵,066-0081,北海道,千歳市,清流４丁目３?１２,090-2056-2923,メール便,,,,,,,2026/08/19 10:32:47,日本郵便,gc001-1,71032-00001439,【8/18 24H限定クーポン価格】トリプル オゥ グラスコード メガネチェーン 眼鏡ストラップ おしゃれ 日本製 軽い 金属アレルギー対応 シンプル 老眼鏡 リーディンググラス 刺繍 糸 レディース ユニセックス キュプラ 手洗い可能 TRIPLE O プレゼント ギフト,1,6050,10,550,1,通常,0,,,,指定なし
223408607,楽天市場,67419,株式会社サンリーブ【Ｒ】,361684-20260818-0343248648,2026/08/18 20:47:29,2026/08/18 20:48:30,完了,クレジットカード,永山 和伸,334-0053,埼玉県,川口市,安行吉蔵4-14,048-298-1020,[配送日時指定:],5500,0,0,0,500,43,400,出荷済,未保留,680674881681,自社倉庫,永山 和伸,334-0053,埼玉県,川口市,安行吉蔵4-14,048-298-1020,メール便,,,,,,,2026/08/19 10:32:48,日本郵便,si-03-2-10,71032-00001033,【8/18 24H限定クーポン価格】栞 老眼鏡 リーディンググラス ブルーライトカット 薄型 非球面レンズ 折りたたみ式 コンパクト 薄い 軽い レディース メンズ おしゃれ お洒落 シニアグラス 旅行用 携帯用 特許商品 オーバル 鯖江メーカーデザイン SHIORI SI-03,1,5500,10,500,1,通常,0,,,,指定なし
223409132,楽天市場,67419,株式会社サンリーブ【Ｒ】,361684-20260818-0718748453,2026/08/18 20:51:38,2026/08/18 20:52:46,完了,クレジットカード,竹内 悦子,239-0831,神奈川県,横須賀市,久里浜6-11-59,090-1506-9642,[配送日時指定:],3300,0,0,0,300,2780,200,出荷済,未保留,680674881692,自社倉庫,竹内 悦子,239-0831,神奈川県,横須賀市,久里浜6-11-59,090-1506-9642,メール便,,,,,,,2026/08/19 10:32:48,日本郵便,ph5099-12,71032-00001818,【8/18 24H限定クーポン価格】【8月31日までセール価格】調光 サングラス UVカット 紫外線 ブルーライトカット レディース メンズ 伊達メガネ カラーレンズ おしゃれ 眼鏡 ボストン 女性  ブランド ファッション バイカラーケース付 鯖江メーカーデザイン GG eyewear ph5099,1,3300,10,300,1,通常,0,,,,指定なし
223410004,楽天市場,67419,株式会社サンリーブ【Ｒ】,361684-20260818-0621448479,2026/08/18 20:57:54,2026/08/18 20:59:23,完了,クレジットカード,針原 久美,925-0004,石川県,羽咋市,一ノ宮町ラ26?1,0767-22-0681,[配送日時指定:],9680,0,0,0,880,284,0,出荷済,未保留,680674881703,自社倉庫,針原 久美,925-0004,石川県,羽咋市,一ノ宮町ラ26?1,0767-22-0681,メール便,,,,,,,2026/08/19 10:32:49,日本郵便,ccc01-br,71032-00001727,【8/18 24H限定クーポン価格】colm 日本製 本革 名刺入れ メンズ ツートンカラー レディース バイカラー 牛革 おしゃれ 二つ折り マグネット式 名刺ケース ブランド レザー カードケース ビジネス ギフト 就職祝い 昇進祝い 転職祝い 男性 女性 CCC01,1,9680,10,880,1,通常,0,,,,指定なし
223410005,楽天市場,67419,株式会社サンリーブ【Ｒ】,361684-20260818-0618448530,2026/08/18 20:58:18,2026/08/18 20:59:23,完了,クレジットカード,田中 康子,662-0083,兵庫県,西宮市,苦楽園一番町2-63 エアフォレスト一番町 フロントテラス（S棟）305,090-9052-3076,[配送日時指定:],5280,0,0,0,480,1000,500,出荷済,未保留,203891008860,RFC倉庫,田中 康子,662-0083,兵庫県,西宮市,苦楽園一番町2-63 エアフォレスト一番町 フロントテラス（S棟）305,090-9052-3076,宅配便,,,,,,A00000029921,2026/08/19 8:51:21,日本郵便,flc-002-1-15,71032-00000489,【8/18 24H限定クーポン価格】老眼鏡 おしゃれ ヴィンテージ 風 リーディンググラス レディース メンズ クラシック レトロ アンティーク 丸メガネ ラウンド ボストン かわいい お洒落 シニアグラス プレゼント ギフト 鯖江メーカーデザイン FEELLIFE FLC-002,1,3960,10,360,1,通常,0,,,,指定なし
223410005,楽天市場,67419,株式会社サンリーブ【Ｒ】,361684-20260818-0618448530,2026/08/18 20:58:18,2026/08/18 20:59:23,完了,クレジットカード,田中 康子,662-0083,兵庫県,西宮市,苦楽園一番町2-63 エアフォレスト一番町 フロントテラス（S棟）305,090-9052-3076,[配送日時指定:],5280,0,0,0,480,1000,500,出荷済,未保留,490777420313,自社倉庫,田中 康子,662-0083,兵庫県,西宮市,苦楽園一番町2-63 エアフォレスト一番町 フロントテラス（S棟）305,090-9052-3076,宅配便,,,,,,,2026/08/19 10:33:33,ヤマト運輸,afc20,71032-00001267,メガネ拭き 曇り止め メガネクロス 曇らない めがね拭き メガネクリーナー マイクロファイバー 繰り返し使える くもりどめ 湯気 ゴーグル カーミラー マスク 防曇 結露 防止 対策 持ち運び 保管用缶ケース付き Non-Fog-Cloth NFC-20,1,1320,10,120,1,通常,0,,,,指定なし
223410489,楽天市場,67419,株式会社サンリーブ【Ｒ】,361684-20260818-0344348665,2026/08/18 21:01:51,2026/08/18 21:02:54,完了,クレジットカード,桂 綾菜,770-8023,徳島県,徳島市,勝占町敷地79,090-5910-6277,[配送日時指定:],3300,0,0,110,300,0,200,出荷済,未保留,680674881714,自社倉庫,池端 知里,920-8202,石川県,金沢市,西都1丁目110番地アンソレイエＣ106,090-1323-4616,メール便,,,,,ラッピング包装紙:通常ラッピング(画像をクリック),,2026/08/19 10:32:49,日本郵便,ph5099-1,71032-00000925,【8/18 24H限定クーポン価格】【8月31日までセール価格】調光 サングラス UVカット 紫外線 ブルーライトカット レディース メンズ 伊達メガネ カラーレンズ おしゃれ 眼鏡 ボストン 女性  ブランド ファッション バイカラーケース付 鯖江メーカーデザイン GG eyewear ph5099,1,3300,10,300,1,通常,0,,,,指定なし
223410606,Yahoo!ショッピング,67572,株式会社サンリーブ【Ｙ】,glass-garden-10044623,2026/08/18 20:37:10,2026/08/18 21:03:30,完了,PayPay,ガーフィールド ジェド,5080006,岐阜県,中津川市,落合　973ー7,09067035789,,3850,0,0,0,350,0,500,出荷済,未保留,203890965530,RFC倉庫,ガーフィールド ジェド,5080006,岐阜県,中津川市,落合　973ー7,09067035789,宅配便,2026/08/20,,,,,A00000029908,2026/08/18 21:11:24,日本郵便,spc-009-1-20,71032-00001567,老眼鏡 北欧柄 おしゃれ レディース ブルーライトカット リーディンググラス シニアグラス 女性 老眼 眼鏡 メガネ 鯖江 ケース付 SPC-009,1,3850,10,350,1,通常,0,,,,
223410627,Yahoo!ショッピング,67572,株式会社サンリーブ【Ｙ】,glass-garden-10044624,2026/08/18 20:49:11,2026/08/18 21:03:33,完了,PayPay,山口 宏美,4460061,愛知県,安城市新田町新定,１番地２,0566879109,,5500,0,0,0,500,0,0,出荷済,未保留,680674881725,自社倉庫,山口 宏美,4460061,愛知県,安城市新田町新定,１番地２,0566879109,メール便,,,,,,,2026/08/19 10:32:51,日本郵便,fisi-05-3-15,71032-00000377,老眼鏡 栞 おしゃれ ブルーライトカット メンズ レディース リーディンググラス シニアグラス コンパクト 折りたたみ 老眼 眼鏡 メガネ 鯖江 SI-05,1,5500,10,500,1,通常,0,,,,
223412159,楽天市場,67419,株式会社サンリーブ【Ｒ】,361684-20260818-0307348722,2026/08/18 21:12:30,2026/08/18 21:14:05,完了,コンビニ決済,齋藤 幸重,960-0745,福島県,伊達市,梁川町右城町70-3,090-3982-9189,[配送日時指定:],5280,0,0,0,480,0,200,出荷済,未保留,203891042320,RFC倉庫,齋藤 幸重,960-0745,福島県,伊達市,梁川町右城町70-3,090-3982-9189,宅配便,,,,,,A00000029916,2026/08/19 8:17:13,日本郵便,flc-002-2-15,71032-00000490,【8/18 24H限定クーポン価格】老眼鏡 おしゃれ ヴィンテージ 風 リーディンググラス レディース メンズ クラシック レトロ アンティーク 丸メガネ ラウンド ボストン かわいい お洒落 シニアグラス プレゼント ギフト 鯖江メーカーデザイン FEELLIFE FLC-002,1,3960,10,360,1,通常,0,,,,指定なし
223412159,楽天市場,67419,株式会社サンリーブ【Ｒ】,361684-20260818-0307348722,2026/08/18 21:12:30,2026/08/18 21:14:05,完了,コンビニ決済,齋藤 幸重,960-0745,福島県,伊達市,梁川町右城町70-3,090-3982-9189,[配送日時指定:],5280,0,0,0,480,0,200,出荷済,未保留,490777597940,自社倉庫,齋藤 幸重,960-0745,福島県,伊達市,梁川町右城町70-3,090-3982-9189,宅配便,,,,,,,2026/08/19 10:33:34,ヤマト運輸,afc20,71032-00001267,メガネ拭き 曇り止め メガネクロス 曇らない めがね拭き メガネクリーナー マイクロファイバー 繰り返し使える くもりどめ 湯気 ゴーグル カーミラー マスク 防曇 結露 防止 対策 持ち運び 保管用缶ケース付き Non-Fog-Cloth NFC-20,1,1320,10,120,1,通常,0,,,,指定なし
223413797,楽天市場,67419,株式会社サンリーブ【Ｒ】,361684-20260818-0005448814,2026/08/18 21:24:04,2026/08/18 21:25:38,完了,クレジットカード,松本 陽子,192-0354,東京都,八王子市,松が谷27-4-402,080-5687-2441,[配送日時指定:],1760,0,0,0,160,360,0,出荷済,未保留,680674881736,自社倉庫,松本 陽子,192-0354,東京都,八王子市,松が谷27-4-402,080-5687-2441,メール便,,,,,,,2026/08/19 10:32:51,日本郵便,fi5465a-13,71032-00000308,【8月31日までセール価格】サングラス レディース UVカット 伊達メガネ おしゃれ かわいい 紫外線 対策 美肌 女性 眼鏡 トレンド ボストン ラウンド ライトカラー クリアレンズ ブランド 可愛い バイカラーケース付 鯖江メーカーデザイン GG eyewear fi5465a,1,1760,10,160,1,通常,0,,,,指定なし
223414723,楽天市場,67419,株式会社サンリーブ【Ｒ】,361684-20260818-0401948651,2026/08/18 21:31:00,2026/08/18 21:32:04,完了,クレジットカード,武内 浩子,617-0006,京都府,向日市,上植野町地後３メゾン河忠１０７号,075-933-6113,[配送日時指定:]2026-08-20(木)14:00-16:00,3960,0,0,0,360,3760,200,出荷済,未保留,203890965666,RFC倉庫,武内 浩子,617-0006,京都府,向日市,上植野町地後３メゾン河忠１０７号,075-933-6113,宅配便,2026/08/20,1416,,,,A00000029909,2026/08/18 21:46:18,日本郵便,flc-002-2-10,71032-00000488,【8/18 24H限定クーポン価格】老眼鏡 おしゃれ ヴィンテージ 風 リーディンググラス レディース メンズ クラシック レトロ アンティーク 丸メガネ ラウンド ボストン かわいい お洒落 シニアグラス プレゼント ギフト 鯖江メーカーデザイン FEELLIFE FLC-002,1,3960,10,360,1,優先配送,0,,,,指定なし
223417136,楽天市場,67419,株式会社サンリーブ【Ｒ】,361684-20260818-0714548477,2026/08/18 21:47:44,2026/08/18 21:48:46,完了,クレジットカード,成田 茉由,950-3112,新潟県,新潟市北区,太夫浜1831-12,090-5751-5452,[配送日時指定:],3080,0,0,110,280,1038,200,出荷済,未保留,680674881740,自社倉庫,成田 茉由,959-0261,新潟県,燕市,吉田鴻巣113-1 ハピネスD 203号室,090-5751-5452,メール便,,,,,ラッピング包装紙:通常ラッピング(画像をクリック),,2026/08/19 10:32:53,日本郵便,cloth-mulga-9yell,71032-00001518,メガネクロス MULGA アーティスト イラスト マイクロファイバー メガネ拭き メガネ液晶クリーナー エレファント ゼブラ フォックス キャット ラビット ベア コアトゥー フラミンゴ ライオン オシャレ 買い回り CLOTH-MULGA 父の日,1,1540,10,140,1,通常,0,,,,指定なし
223417136,楽天市場,67419,株式会社サンリーブ【Ｒ】,361684-20260818-0714548477,2026/08/18 21:47:44,2026/08/18 21:48:46,完了,クレジットカード,成田 茉由,950-3112,新潟県,新潟市北区,太夫浜1831-12,090-5751-5452,[配送日時指定:],3080,0,0,110,280,1038,200,出荷済,未保留,680674881740,自社倉庫,成田 茉由,959-0261,新潟県,燕市,吉田鴻巣113-1 ハピネスD 203号室,090-5751-5452,メール便,,,,,ラッピング包装紙:通常ラッピング(画像をクリック),,2026/08/19 10:32:53,日本郵便,cloth-mulga-3pink,71032-00000209,メガネクロス MULGA アーティスト イラスト マイクロファイバー メガネ拭き メガネ液晶クリーナー エレファント ゼブラ フォックス キャット ラビット ベア コアトゥー フラミンゴ ライオン オシャレ 買い回り CLOTH-MULGA 父の日,1,1540,10,140,1,通常,0,,,,指定なし
223419601,楽天市場,67419,株式会社サンリーブ【Ｒ】,361684-20260818-0353148715,2026/08/18 22:05:01,2026/08/18 22:06:03,完了,クレジットカード,山崎 彩乃,385-0025,長野県,佐久市,塚原1549-1 ウィスタリア203,090-2408-0754,[配送日時指定:],1320,0,0,0,120,1320,0,出荷済,未保留,,自社倉庫,山崎 彩乃,385-0025,長野県,佐久市,塚原1549-1 ウィスタリア203,090-2408-0754,メール便,,,,,,,2026/08/19 10:32:53,日本郵便,twig2-01m,71032-00001343,twig アロマウッドキャップ 日本製 アロマストーン ディフューザー エッセンシャルオイル hinoki ヒノキ 檜 おしゃれ 可愛い かわいい 簡単 傾けるだけ コンパクト ナチュラル インテリア 天然木 丸型 四角型 六角形 単品 父の日,1,1320,10,120,1,通常,0,,,,指定なし
223421065,楽天市場,67419,株式会社サンリーブ【Ｒ】,361684-20260818-0408848689,2026/08/18 22:13:41,2026/08/18 22:15:30,完了,クレジットカード,佐藤 麻衣子,141-0001,東京都,品川区,北品川5-8-33-401,090-8680-4009,[配送日時指定:],9240,0,0,0,840,8440,800,出荷済,未保留,680674881751,自社倉庫,佐藤 麻衣子,141-0001,東京都,品川区,北品川5-8-33-401,090-8680-4009,メール便,,,,,,,2026/08/19 10:32:54,日本郵便,ph5012-1,71032-00001577,【8月31日までセール価格】調光 サングラス UVカット 紫外線 ブルーライトカット レディース メンズ 伊達メガネ カラーレンズ おしゃれ 眼鏡 クラウンパント 女性 ブランド ファッション バイカラーケース付 鯖江メーカーデザイン GG eyewear ph5012,1,2970,10,270,1,通常,0,,,,指定なし
223421065,楽天市場,67419,株式会社サンリーブ【Ｒ】,361684-20260818-0408848689,2026/08/18 22:13:41,2026/08/18 22:15:30,完了,クレジットカード,佐藤 麻衣子,141-0001,東京都,品川区,北品川5-8-33-401,090-8680-4009,[配送日時指定:],9240,0,0,0,840,8440,800,出荷済,未保留,680674881751,自社倉庫,佐藤 麻衣子,141-0001,東京都,品川区,北品川5-8-33-401,090-8680-4009,メール便,,,,,,,2026/08/19 10:32:54,日本郵便,ph5012-2,71032-00001578,【8月31日までセール価格】調光 サングラス UVカット 紫外線 ブルーライトカット レディース メンズ 伊達メガネ カラーレンズ おしゃれ 眼鏡 クラウンパント 女性 ブランド ファッション バイカラーケース付 鯖江メーカーデザイン GG eyewear ph5012,1,2970,10,270,1,通常,0,,,,指定なし
223421065,楽天市場,67419,株式会社サンリーブ【Ｒ】,361684-20260818-0408848689,2026/08/18 22:13:41,2026/08/18 22:15:30,完了,クレジットカード,佐藤 麻衣子,141-0001,東京都,品川区,北品川5-8-33-401,090-8680-4009,[配送日時指定:],9240,0,0,0,840,8440,800,出荷済,未保留,680674881751,自社倉庫,佐藤 麻衣子,141-0001,東京都,品川区,北品川5-8-33-401,090-8680-4009,メール便,,,,,,,2026/08/19 10:32:54,日本郵便,ph5099-12,71032-00001818,【8/18 24H限定クーポン価格】【8月31日までセール価格】調光 サングラス UVカット 紫外線 ブルーライトカット レディース メンズ 伊達メガネ カラーレンズ おしゃれ 眼鏡 ボストン 女性  ブランド ファッション バイカラーケース付 鯖江メーカーデザイン GG eyewear ph5099,1,3300,10,300,1,通常,0,,,,指定なし
223424106,楽天市場,67419,株式会社サンリーブ【Ｒ】,361684-20260818-0519248555,2026/08/18 22:35:11,2026/08/18 22:36:32,完了,クレジットカード,岩井 真理子,684-0303,島根県,隠岐郡西ノ島町,美田283‐7,08514-6-0680,[配送日時指定:],6050,0,0,0,550,0,400,出荷済,未保留,680674881762,自社倉庫,岩井 真理子,684-0303,島根県,隠岐郡西ノ島町,美田283‐7,08514-6-0680,メール便,,,,,,,2026/08/19 10:32:55,日本郵便,si-11-2-10,71032-00001364,【8/18 24H限定クーポン価格】栞 老眼鏡 リーディンググラス ブルーライトカット 薄型 非球面レンズ 折りたたみ式 コンパクト 薄い 軽い レディース メンズ おしゃれ シニアグラス 旅行 携帯 クラシック ラウンド 丸メガネ 鯖江メーカーデザイン SHIORI SI-11,1,6050,10,550,1,通常,0,,,,指定なし
223425097,Yahoo!ショッピング,67572,株式会社サンリーブ【Ｙ】,glass-garden-10044625,2026/08/18 22:39:36,2026/08/18 22:43:19,完了,PayPay,立尾 綾花,8618038,熊本県,熊本市東区,長嶺東2丁目9-16 ディアレストマンション210,09095748821,,3960,0,0,0,360,378,0,出荷済,未保留,203891009243,RFC倉庫,立尾 綾花,8618038,熊本県,熊本市東区,長嶺東2丁目9-16 ディアレストマンション210,09095748821,宅配便,,,,,,A00000029910,2026/08/18 23:01:31,日本郵便,flc-002-2-15,71032-00000490,老眼鏡 おしゃれ ヴィンテージ クラシック レディース メンズ リーディンググラス シニアグラス 老眼 眼鏡 メガネ 鯖江 FEELLIFE FLC-002,1,3960,10,360,1,通常,0,,,,
223427296,楽天市場,67419,株式会社サンリーブ【Ｒ】,361684-20260818-0318248739,2026/08/18 22:58:02,2026/08/18 22:59:09,完了,クレジットカード,鈴木 啓子,992-1443,山形県,米沢市,笹野6360 パレ・カンパーニュ 203号室,080-1818-9081,[配送日時指定:]2026-08-20(木)19:00-21:00,3630,0,0,0,330,1000,0,出荷済,未保留,203890963485,RFC倉庫,鈴木 啓子,992-1443,山形県,米沢市,笹野6360 パレ・カンパーニュ 203号室,080-1818-9081,宅配便,2026/08/20,1921,,,,A00000029911,2026/08/18 23:11:37,日本郵便,fll-3004-2-05,71032-00001451,【8/18 24H限定クーポン価格】老眼鏡 0.5から おしゃれ レディース ブルーライトカット 紫外線 uv ボストン かわいい メガネ 老眼 度付き リーディンググラス 30代 40代 50代 女性 クラシック 黒縁 ニュアンスカラー シニアグラス 丸眼鏡 FEELLIFE FLL-3004,1,3630,10,330,1,優先配送,0,,,,玄関前
223427651,楽天市場,67419,株式会社サンリーブ【Ｒ】,361684-20260818-0317148745,2026/08/18 23:00:54,2026/08/18 23:02:00,完了,クレジットカード,土山 美咲,945-0816,新潟県,柏崎市,田中19-39 リザテルノ101号室,090-6947-3639,[配送日時指定:],3300,0,0,0,300,0,200,出荷済,未保留,680674881773,自社倉庫,土山 美咲,945-0816,新潟県,柏崎市,田中19-39 リザテルノ101号室,090-6947-3639,メール便,,,,,,,2026/08/19 10:32:55,日本郵便,ph5099-12,71032-00001818,【8/18 24H限定クーポン価格】【8月31日までセール価格】調光 サングラス UVカット 紫外線 ブルーライトカット レディース メンズ 伊達メガネ カラーレンズ おしゃれ 眼鏡 ボストン 女性  ブランド ファッション バイカラーケース付 鯖江メーカーデザイン GG eyewear ph5099,1,3300,10,300,1,通常,0,,,,指定なし
223429028,楽天市場,67419,株式会社サンリーブ【Ｒ】,361684-20260818-0954748411,2026/08/18 23:10:55,2026/08/18 23:12:01,完了,クレジットカード,島野 寿美子,434-0012,静岡県,浜松市浜名区,中瀬2905-3,090-5620-0818,[配送日時指定:],12100,0,0,0,1100,0,1500,出荷済,未保留,680674881784,自社倉庫,島野 寿美子,434-0012,静岡県,浜松市浜名区,中瀬2905-3,090-5620-0818,メール便,,,,,,,2026/08/19 10:32:56,日本郵便,gc001-1,71032-00001439,【8/18 24H限定クーポン価格】トリプル オゥ グラスコード メガネチェーン 眼鏡ストラップ おしゃれ 日本製 軽い 金属アレルギー対応 シンプル 老眼鏡 リーディンググラス 刺繍 糸 レディース ユニセックス キュプラ 手洗い可能 TRIPLE O プレゼント ギフト,2,6050,10,550,1,通常,0,,,,指定なし
223429170,楽天市場,67419,株式会社サンリーブ【Ｒ】,361684-20260818-0981248351,2026/08/18 23:11:20,2026/08/18 23:12:54,完了,クレジットカード,満留 美雪,299-3241,千葉県,大網白里市,季美の森南4-1-7,090-1119-8593,[配送日時指定:],6050,0,0,0,550,50,400,出荷済,未保留,680674881795,自社倉庫,満留 肇,464-0850,愛知県,名古屋市千種区,今池1-1-17-605,090-1119-8593,メール便,,,,,,,2026/08/19 10:32:57,日本郵便,si-11-1-25,71032-00001372,【8/18 24H限定クーポン価格】栞 老眼鏡 リーディンググラス ブルーライトカット 薄型 非球面レンズ 折りたたみ式 コンパクト 薄い 軽い レディース メンズ おしゃれ シニアグラス 旅行 携帯 クラシック ラウンド 丸メガネ 鯖江メーカーデザイン SHIORI SI-11,1,6050,10,550,1,通常,0,,,,指定なし
223429343,Yahoo!ショッピング,67572,株式会社サンリーブ【Ｙ】,glass-garden-10044626,2026/08/18 23:04:36,2026/08/18 23:13:45,完了,クレジットカード,森 行正,2520244,神奈川県,相模原市中央区,田名5648,0427616648,,7150,0,0,0,650,0,715,出荷済,未保留,680674881806,自社倉庫,森 行正,2520244,神奈川県,相模原市中央区,田名5648,0427616648,メール便,,,,,,,2026/08/19 10:32:58,日本郵便,si-08r-2-15,71032-00001079,老眼鏡 栞 遠近両用 累進 多焦点 調光 リーディンググラス ブルーライトカット uvカット サングラス コンパクト 折り畳み 眼鏡 メガネ 鯖江 SI-08R,1,7150,10,650,1,通常,0,,,,
223431250,楽天市場,67419,株式会社サンリーブ【Ｒ】,361684-20260818-0239548782,2026/08/18 23:26:53,2026/08/18 23:28:07,完了,クレジットカード,大賀 由美,621-0811,京都府,亀岡市,北古世町1丁目4-1メゾンコラール3B,090-2113-7536,[配送日時指定:]2026-08-21(金)午前中,3960,0,0,0,360,3760,200,出荷済,未保留,203890965644,RFC倉庫,山下 由美,730-0852,広島県,広島市中区,猫屋町2-14 グローバル猫屋1F 101,090-2113-7536,宅配便,2026/08/21,0812,,,,A00000029913,2026/08/19 0:02:02,日本郵便,flc-002-2-20,71032-00000492,【8/18 24H限定クーポン価格】老眼鏡 おしゃれ ヴィンテージ 風 リーディンググラス レディース メンズ クラシック レトロ アンティーク 丸メガネ ラウンド ボストン かわいい お洒落 シニアグラス プレゼント ギフト 鯖江メーカーデザイン FEELLIFE FLC-002,1,3960,10,360,1,通常,0,,,,指定なし
223431338,Yahoo!ショッピング,67572,株式会社サンリーブ【Ｙ】,glass-garden-10044627,2026/08/18 23:25:03,2026/08/18 23:28:42,完了,PayPay,日高 隆,8113115,福岡県,古賀市久保,1309-2-F405,09089108128,,4400,0,0,0,400,0,300,出荷済,未保留,203890965051,RFC倉庫,日高 隆,8113115,福岡県,古賀市久保,1309-2-F405,09089108128,宅配便,2026/08/21,,,,,A00000029912,2026/08/18 23:51:13,日本郵便,flm-006-1-10,71032-00000678,老眼鏡 メンズ おしゃれ かっこいい リーディンググラス シニアグラス メタルフレーム ナイロール 老眼 眼鏡 メガネ 鯖江 FEELLIFE FLM-006,1,4400,10,400,1,通常,0,,,,
223431742,楽天市場,67419,株式会社サンリーブ【Ｒ】,361684-20260818-0469048649,2026/08/18 23:30:59,2026/08/18 23:32:00,完了,クレジットカード,森下 貴超,183-0026,東京都,府中市,南町５?３７?６,090-7724-5685,[配送日時指定:],1760,0,0,0,160,0,0,出荷済,未保留,680674881810,自社倉庫,森下 貴超,183-0026,東京都,府中市,南町５?３７?６,090-7724-5685,メール便,,,,,,,2026/08/19 10:32:58,日本郵便,5584-2,71032-00001526,【8月31日までセール価格】サングラス レディース UVカット 伊達メガネ おしゃれ かわいい 紫外線 対策 美肌 眼鏡 ライトカラー クリアレンズ オールシーズン 女性  ボストン ブランド 可愛い バイカラーケース付 鯖江メーカーデザイン GG eyewear 5584,1,1760,10,160,1,通常,0,,,,指定なし
223435812,楽天市場,67419,株式会社サンリーブ【Ｒ】,361684-20260818-0368848733,2026/08/18 23:58:29,2026/08/19 0:00:14,完了,クレジットカード,鬼束 由香,183-0041,東京都,府中市,北山町1-7-63,080-6569-5706,[配送日時指定:]2026-08-20(木)18:00-20:00,3630,0,0,0,330,430,200,出荷済,未保留,369838172141,RFC倉庫,鬼束 由香,183-0041,東京都,府中市,北山町1-7-63,080-6569-5706,宅配便,2026/08/20,1820,,,,A00000029914,2026/08/19 0:11:12,日本郵便,fll-3000-2-05,71032-00001580,【8/18 24H限定クーポン価格】老眼鏡 0.5から おしゃれ レディース ブルーライトカット 紫外線 uv ボストン かわいい シニアグラス リーディンググラス 軽い 軽量 人気 シンプル プレゼント 30代 40代 50代 女性 ケース付 鯖江デザイン FEELLIFE FLL3000,1,3630,10,330,1,優先配送,0,,,,玄関前
223436314,楽天市場,67419,株式会社サンリーブ【Ｒ】,361684-20260819-0804948429,2026/08/19 0:01:14,2026/08/19 0:02:30,完了,クレジットカード,多根 親子,299-0246,千葉県,袖ケ浦市,長浦駅前7-18-12,0438-38-4647,[配送日時指定:]2026-08-20(木)19:00-21:00,7920,0,0,0,720,0,0,出荷済,未保留,203890955925,RFC倉庫,多根 親子,299-0246,千葉県,袖ケ浦市,長浦駅前7-18-12,0438-38-4647,宅配便,2026/08/20,1921,,,,A00000029915,2026/08/19 0:16:02,日本郵便,flc-002-1-20,71032-00000491,【8/18 24H限定クーポン価格】老眼鏡 おしゃれ ヴィンテージ 風 リーディンググラス レディース メンズ クラシック レトロ アンティーク 丸メガネ ラウンド ボストン かわいい お洒落 シニアグラス プレゼント ギフト 鯖江メーカーデザイン FEELLIFE FLC-002,1,3960,10,360,1,優先配送,0,,,,指定なし
223436314,楽天市場,67419,株式会社サンリーブ【Ｒ】,361684-20260819-0804948429,2026/08/19 0:01:14,2026/08/19 0:02:30,完了,クレジットカード,多根 親子,299-0246,千葉県,袖ケ浦市,長浦駅前7-18-12,0438-38-4647,[配送日時指定:]2026-08-20(木)19:00-21:00,7920,0,0,0,720,0,0,出荷済,未保留,203890955925,RFC倉庫,多根 親子,299-0246,千葉県,袖ケ浦市,長浦駅前7-18-12,0438-38-4647,宅配便,2026/08/20,1921,,,,A00000029915,2026/08/19 0:16:02,日本郵便,flc-002-2-20,71032-00000492,【8/18 24H限定クーポン価格】老眼鏡 おしゃれ ヴィンテージ 風 リーディンググラス レディース メンズ クラシック レトロ アンティーク 丸メガネ ラウンド ボストン かわいい お洒落 シニアグラス プレゼント ギフト 鯖江メーカーデザイン FEELLIFE FLC-002,1,3960,10,360,1,優先配送,0,,,,指定なし
223440722,楽天市場,67419,株式会社サンリーブ【Ｒ】,361684-20260819-0040449090,2026/08/19 2:49:29,2026/08/19 2:50:31,完了,クレジットカード,安岡 樹梨,300-0333,茨城県,稲敷郡阿見町,若栗1307-27ホワイトピアA-103,080-3836-1803,[配送日時指定:]18:00-20:00,3960,0,0,0,360,80,0,出荷済,未保留,490777420335,自社倉庫,ウィリアムソン ミッチェル,300-0333,茨城県,稲敷郡阿見町,若栗1307-27ホワイトピアA-103,080-3836-1803,宅配便,,1820,,,,,2026/08/19 10:33:34,ヤマト運輸,obstn-4,71032-00001627,おぼろタオル サステなタオル フェイスタオル バスタオル 三重県産 吸水 小さめ お風呂 タオル ドライ 綿100%  日本製 自社一貫生産 サステナブル 節水 節電 節約 洗濯物 海洋汚染 削減 誕生日 ギフト 父の日,1,1980,10,180,1,通常,0,,,,指定なし
223440722,楽天市場,67419,株式会社サンリーブ【Ｒ】,361684-20260819-0040449090,2026/08/19 2:49:29,2026/08/19 2:50:31,完了,クレジットカード,安岡 樹梨,300-0333,茨城県,稲敷郡阿見町,若栗1307-27ホワイトピアA-103,080-3836-1803,[配送日時指定:]18:00-20:00,3960,0,0,0,360,80,0,出荷済,未保留,490777420335,自社倉庫,ウィリアムソン ミッチェル,300-0333,茨城県,稲敷郡阿見町,若栗1307-27ホワイトピアA-103,080-3836-1803,宅配便,,1820,,,,,2026/08/19 10:33:34,ヤマト運輸,obstn-3,71032-00001626,おぼろタオル サステなタオル フェイスタオル バスタオル 三重県産 吸水 小さめ お風呂 タオル ドライ 綿100%  日本製 自社一貫生産 サステナブル 節水 節電 節約 洗濯物 海洋汚染 削減 誕生日 ギフト 父の日,1,1980,10,180,1,通常,0,,,,指定なし
223444023,楽天市場,67419,株式会社サンリーブ【Ｒ】,361684-20260819-0001349602,2026/08/19 7:07:48,2026/08/19 8:18:39,完了,クレジットカード,山内 雅子,663-8132,兵庫県,西宮市,東鳴尾町2丁目16-10,080-5367-0653,[配送日時指定:]2026-08-20(木),3850,0,0,0,350,0,0,出荷済,未保留,203890965552,RFC倉庫,山内 雅子,663-8132,兵庫県,西宮市,東鳴尾町2丁目16-10,080-5367-0653,宅配便,2026/08/20,,,,,A00000029917,2026/08/19 8:26:16,日本郵便,spc-007-2-25,71032-00001190,【8/18 24H限定クーポン価格】老眼鏡 北欧柄 おしゃれ レディース ブルーライトカット かわいい 可愛い 女性 リーディンググラス ボストン ストライプ シニアグラス 肌に馴染むカラー お揃い柄ケース付 40代 50代 60代  +1.0から SCANDINAVIAN PATTERN SPC-007,1,3850,10,350,1,優先配送,0,,,,玄関前
223444026,楽天市場,67419,株式会社サンリーブ【Ｒ】,361684-20260819-0006349723,2026/08/19 7:53:37,2026/08/19 8:18:39,完了,クレジットカード,広林 美保子,731-5101,広島県,広島市佐伯区,五月が丘5-21-57,082-941-3808,[配送日時指定:]2026-08-20(木)18:00-20:00,3850,0,0,0,350,0,0,出荷済,未保留,288458706340,RFC倉庫,広林 美保子,731-5101,広島県,広島市佐伯区,五月が丘5-21-57,082-941-3808,宅配便,2026/08/20,1820,,,,A00000029918,2026/08/19 8:26:16,日本郵便,spc-009-2-10,71032-00001564,【8/18 24H限定クーポン価格】老眼鏡 北欧柄 おしゃれ レディース クラウンパント ブルーライトカット かわいい 可愛い 女性 リーディンググラス シニアグラス 初めての老眼鏡 ケース メガネ拭き 贈り物 プレゼント ギフト SCANDINAVIAN PATTERN SPC-009,1,3850,10,350,1,優先配送,0,,,,指定なし
223444028,楽天市場,67419,株式会社サンリーブ【Ｒ】,361684-20260819-0010849691,2026/08/19 8:17:36,2026/08/19 8:18:39,完了,クレジットカード,金子 瑞穂,215-0021,神奈川県,川崎市麻生区,上麻生3-2-1-112,090-8477-9918,[配送日時指定:],3960,0,0,0,360,0,0,出荷済,未保留,680674881832,自社倉庫,金子 瑞穂,215-0021,神奈川県,川崎市麻生区,上麻生3-2-1-112,090-8477-9918,メール便,,,,,,,2026/08/19 10:32:59,日本郵便,fisi-04-3,71032-00000369,【8月31日までセール価格】栞 サングラス 薄型 非球面レンズ 折りたたみ式 コンパクト 薄い 軽い レディース メンズ おしゃれ お洒落 かっこいい 旅行用 携帯用 クラシック レトロ ラウンド 丸メガネ ライトカラー 鯖江メーカーデザイン SHIORI SI-04,1,3960,10,360,1,通常,0,,,,指定なし
223444283,Yahoo!ショッピング,67572,株式会社サンリーブ【Ｙ】,glass-garden-10044628,2026/08/19 6:47:18,2026/08/19 8:19:17,完了,クレジットカード,藤本 雅由,5941122,大阪府,和泉市,北田中町462ー2,08038550021,,3520,0,0,0,320,0,0,出荷済,未保留,680674881843,自社倉庫,藤本 雅由,5941122,大阪府,和泉市,北田中町462ー2,08038550021,メール便,,,,,,,2026/08/19 10:33:00,日本郵便,flw-001-002-2,71032-00001552,サングラス 偏光 メンズ レディース uvカット 薄色レンズ メガネ 紫外線 外仕事 プレゼント 軽量 暑さ対策 ドライブ 運転 FEELLIFE FLW-001-002,1,3520,10,320,1,通常,0,,,,
223444291,Yahoo!ショッピング,67572,株式会社サンリーブ【Ｙ】,glass-garden-10044629,2026/08/19 6:59:45,2026/08/19 8:19:19,完了,PayPayあと払い,西谷 徹,9218002,石川県,金沢市,玉鉾3-48,08030459772,,4400,0,0,0,400,0,0,出荷済,未保留,203890965703,RFC倉庫,西谷 徹,9218002,石川県,金沢市,玉鉾3-48,08030459772,宅配便,2026/08/20,,,,,A00000029919,2026/08/19 8:26:16,日本郵便,flm-001-1-15,71032-00000002,老眼鏡 メンズ おしゃれ かっこいい リーディンググラス シニアグラス メタルフレーム ナイロール 老眼 眼鏡 メガネ 鯖江 FEELLIFE FLM-001,1,4400,10,400,1,優先配送,0,,,,
223446589,楽天市場,67419,株式会社サンリーブ【Ｒ】,361684-20260819-0016249608,2026/08/19 8:30:25,2026/08/19 8:31:29,完了,クレジットカード,前田 由美子,963-8401,福島県,東白川郡鮫川村,赤坂中野字道少田68-2,090-1494-0620,[配送日時指定:],6050,0,0,0,550,0,0,出荷済,未保留,680674881854,自社倉庫,前田 由美子,963-8401,福島県,東白川郡鮫川村,赤坂中野字道少田70-3,090-1494-0620,メール便,,,,,,,2026/08/19 10:33:00,日本郵便,gc001-1,71032-00001439,【8/18 24H限定クーポン価格】トリプル オゥ グラスコード メガネチェーン 眼鏡ストラップ おしゃれ 日本製 軽い 金属アレルギー対応 シンプル 老眼鏡 リーディンググラス 刺繍 糸 レディース ユニセックス キュプラ 手洗い可能 TRIPLE O プレゼント ギフト,1,6050,10,550,1,通常,0,,,,指定なし
223447637,楽天市場,67419,株式会社サンリーブ【Ｒ】,361684-20260819-0015549591,2026/08/19 8:40:34,2026/08/19 8:41:44,完了,クレジットカード,宮澤 麻奈,115-0055,東京都,北区,赤羽西6-33-10西赤羽グリーンハイツ208,090-4027-1289,[配送日時指定:],2024,0,0,0,184,249,0,出荷済,未保留,680674881865,自社倉庫,宮澤 麻奈,115-0055,東京都,北区,赤羽西6-33-10西赤羽グリーンハイツ208,090-4027-1289,メール便,,,,,,,2026/08/19 10:33:01,日本郵便,5135-2,71032-00000049,【8月31日までセール価格】サングラス レディース ブルーライトカット UVカット 伊達メガネ だてめがね PCメガネ 眼鏡 おしゃれ かわいい 可愛い 小顔効果 運転 レトロ クリアレンズ 紫外線 対策 女性 ラウンド 丸眼鏡 鯖江メーカーデザイン GG eyewear 5336P,1,2024,10,184,1,通常,0,,,,指定なし
223451656,楽天市場,67419,株式会社サンリーブ【Ｒ】,361684-20260819-0029549313,2026/08/19 9:23:59,2026/08/19 9:25:00,完了,クレジットカード,小濱 圭子,177-0032,東京都,練馬区,谷原6-25-26,090-5813-2501,[配送日時指定:],7150,0,0,0,650,0,0,出荷済,未保留,680674881876,自社倉庫,小濱 圭子,177-0032,東京都,練馬区,谷原6-25-26,090-5813-2501,メール便,,,,,,,2026/08/19 10:33:01,日本郵便,si-16-3-15,71032-00001890,栞 老眼鏡 リーディンググラス シニアグラス メガネ 紫外線 ブルーライト パソコン スマートフォン タブレット  折りたたみ コンパクト 携帯用 スリム メンズ おしゃれ フォーマル カジュアル シック シンプル SHIORI SI-16,1,7150,10,650,1,通常,0,,,,指定なし
223452749,楽天市場,67419,株式会社サンリーブ【Ｒ】,361684-20260819-0027649454,2026/08/19 9:41:25,2026/08/19 9:43:10,完了,クレジットカード,鈴木 智之,370-0078,群馬県,高崎市,上小鳥町197-9,090-1504-4982,[配送日時指定:],5500,0,0,0,500,0,0,出荷済,未保留,680674881880,自社倉庫,鈴木 智之,370-0078,群馬県,高崎市,上小鳥町197-9,090-1504-4982,メール便,,,,,,,2026/08/19 10:33:02,日本郵便,fisi-05-3-10,71032-00000373,栞 老眼鏡 リーディンググラス ブルーライトカット 薄型 非球面レンズ 折りたたみ式 コンパクト 薄い 軽い レディース メンズ おしゃれ お洒落 シニアグラス 旅行 携帯用 特許商品 丸メガネ 鯖江メーカーデザイン SHIORI FISI-05,1,5500,10,500,1,通常,0,,,,指定なし
223453084,Yahoo!ショッピング,67572,株式会社サンリーブ【Ｙ】,glass-garden-10044630,2026/08/19 9:44:25,2026/08/19 9:48:07,完了,PayPayあと払い,浦 あさひ,5918021,大阪府,堺市北区,新金岡町4丁3番 9棟106号,08014788962,,1210,0,0,0,110,88,0,出荷済,未保留,490777420346,自社倉庫,浦 世志美,5998262,大阪府,堺市中区,八田北町495-3-202,09058815005,宅配便,2026/08/20,,,,,,2026/08/19 10:33:36,ヤマト運輸,hy-8061-orange,71032-00000823,メガネケース おしゃれ セミハード ファブリック カントリー 調 メガネ収納ケース 軽量 コンパクト 眼鏡 サングラス 老眼鏡 HY-8061,1,1210,10,110,1,優先配送,0,,,,
223453784,楽天市場,67419,株式会社サンリーブ【Ｒ】,361684-20260819-0025149684,2026/08/19 9:58:31,2026/08/19 9:59:32,完了,クレジットカード,萱田 千秋,311-2215,茨城県,鹿嶋市,和1044,0299-69-0373,[配送日時指定:]2026-08-20(木)14:00-16:00,1001,0,0,0,91,304,0,出荷済,未保留,490777420350,自社倉庫,萱田 千秋,314-0144,茨城県,神栖市,大野原2-12-18サンコーレジデンスタウンC unknown share salon,080-5432-7106,宅配便,2026/08/20,1416,,,,,2026/08/19 10:33:36,ヤマト運輸,hy-8042-red,71032-00001334,メガネケース ハード コンパクト 小さめ 軽量 シンプル デザイン 上品 本革 風 PUレザー ファブリック調 おしゃれ 低価格 女性用 男性用 メガネ 眼鏡 めがね サングラス PCメガネ 老眼鏡 マグネットタイプ 眼鏡ケース 贈り物 HY-8042,1,1001,10,91,1,優先配送,0,,,,指定なし
223455234,Yahoo!ショッピング,67572,株式会社サンリーブ【Ｙ】,glass-garden-10044631,2026/08/19 10:16:01,2026/08/19 10:18:09,完了,PayPay,瀬川 亜紀,0630827,北海道,札幌市西区,発寒7条12丁目 3-1-806,09087083050,,3960,0,0,0,360,502,0,出荷済,未保留,203890964384,RFC倉庫,瀬川 亜紀,0630827,北海道,札幌市西区,発寒7条12丁目 3-1-806,09087083050,宅配便,2026/08/21,,,,,A00000029923,2026/08/19 10:36:29,日本郵便,fll-006-1-15,71032-00000577,老眼鏡 おしゃれ レディース フチなし リムレス 軽量 軽い リーディンググラス シニアグラス 女性 老眼 眼鏡 メガネ 鯖江 FEELLIFE FLL-006,1,3960,10,360,1,通常,0,,,,
223456607,楽天市場,67419,株式会社サンリーブ【Ｒ】,361684-20260819-0040949388,2026/08/19 10:38:24,2026/08/19 10:39:24,完了,クレジットカード,八木橋 峯子,215-0012,神奈川県,川崎市麻生区,東百合丘1-20-6,044-951-9051,[配送日時指定:],11440,0,0,0,1040,545,0,出荷済,未保留,680674881891,自社倉庫,八木橋 峯子,215-0012,神奈川県,川崎市麻生区,東百合丘1-20-6,044-951-9051,メール便,,,,,,,2026/08/19 13:29:39,日本郵便,si-01sa-3-15,71032-00000982,【8/20 24H限定クーポン価格】栞 老眼鏡 リーディンググラス 薄型 非球面レンズ 折りたたみ式 コンパクト スリム 薄い 軽い レディース メンズ おしゃれ お洒落 シニアグラス 旅行 携帯用 外出 特許商品 オーバル 鯖江メーカーデザイン SHIORI SI-01SAP,2,4950,10,450,1,通常,0,,,,指定なし
223456607,楽天市場,67419,株式会社サンリーブ【Ｒ】,361684-20260819-0040949388,2026/08/19 10:38:24,2026/08/19 10:39:24,完了,クレジットカード,八木橋 峯子,215-0012,神奈川県,川崎市麻生区,東百合丘1-20-6,044-951-9051,[配送日時指定:],11440,0,0,0,1040,545,0,出荷済,未保留,680674881891,自社倉庫,八木橋 峯子,215-0012,神奈川県,川崎市麻生区,東百合丘1-20-6,044-951-9051,メール便,,,,,,,2026/08/19 13:29:39,日本郵便,a-62-brn,71032-00001474,栞 メガネケース 老眼鏡 SHIORI 全モデル対応 大きめサイズ リーディンググラス しおり スリム おしゃれ レディース メンズ 折りたたみ 薄型 ブラック ブラウン ベージュ A-62,2,770,10,70,1,通常,0,,,,指定なし
223457273,楽天市場,67419,株式会社サンリーブ【Ｒ】,361684-20260819-0032149709,2026/08/19 10:48:07,2026/08/19 10:49:56,完了,クレジットカード,鈴鹿 晃大,189-0001,東京都,東村山市,秋津町4-16-304,090-3493-9626,[配送日時指定:]2026-08-20(木)午前中,880,0,0,0,80,0,0,出荷済,未保留,490779018306,自社倉庫,鈴鹿 晃大,104-0054,東京都,中央区,勝どき3-3-7 ケンメディアビル801号 立誠社内,090-3493-9626,宅配便,2026/08/20,0812,,,,,2026/08/19 13:29:59,ヤマト運輸,hy-6219-blk,71032-00001318,メガネケース 本革 風 合成皮革 PUレザー おしゃれ シンプル 大人 レトロ クラシカル シック ハードケース 低価格 女性用 男性用 サングラス PCメガネ 老眼鏡 眼鏡 メガネ ブラック ブラウン プレゼント ギフト 贈り物 HY-6219,1,880,10,80,1,優先配送,0,,,,指定なし
223458174,Yahoo!ショッピング,67572,株式会社サンリーブ【Ｙ】,glass-garden-10044632,2026/08/19 10:53:04,2026/08/19 10:58:10,完了,PayPayあと払い,石井 かおり,8493231,佐賀県,唐津市,相知町牟田部1384 玄関横の宅配ボックス,09057249020,,2750,0,0,0,250,250,0,出荷済,未保留,680674881902,自社倉庫,石井 かおり,8493231,佐賀県,唐津市,相知町牟田部1384 玄関横の宅配ボックス,09057249020,メール便,,,,,,,2026/08/19 13:29:42,日本郵便,fll-4000-3-05,71032-00001979,老眼鏡 0.5度数から おしゃれ レディース ボストン メガネ 度付き 30代 40代 50代 女性 FEELLIFE FLL-4000,1,2750,10,250,1,通常,0,,,,
223459942,楽天市場,67419,株式会社サンリーブ【Ｒ】,361684-20260819-0041649675,2026/08/19 11:22:18,2026/08/19 11:23:18,完了,クレジットカード,權田 亜樹子,811-4163,福岡県,宗像市,自由ケ丘2-12-8 ソレジオ50 201号,090-7465-0813,[配送日時指定:]2026-08-20(木)指定なし,3630,0,0,0,330,1731,0,出荷済,未保留,203890964966,RFC倉庫,權田 亜樹子,811-4163,福岡県,宗像市,自由ケ丘2-12-8 ソレジオ50 201号,090-7465-0813,宅配便,2026/08/20,,,,,A00000029924,2026/08/19 11:36:07,日本郵便,fll-3004-1-10,71032-00001453,【8/20 24H限定クーポン価格】老眼鏡 0.5から おしゃれ レディース ブルーライトカット 紫外線 uv ボストン かわいい メガネ 老眼 度付き リーディンググラス 30代 40代 50代 女性 クラシック 黒縁 ニュアンスカラー シニアグラス 丸眼鏡 FEELLIFE FLL-3004,1,3630,10,330,1,優先配送,0,,,,玄関前
223461387,楽天市場,67419,株式会社サンリーブ【Ｒ】,361684-20260819-0042249435,2026/08/19 11:40:30,2026/08/19 11:41:31,完了,クレジットカード,矢崎 一義,197-0832,東京都,あきる野市,上代継314-4,080-3579-5764,[配送日時指定:]2026-08-20(木)16:00-18:00,5610,0,0,0,510,0,0,出荷済,未保留,187120628295,RFC倉庫,矢崎 一義,197-0832,東京都,あきる野市,上代継314-4,080-3579-5764,宅配便,2026/08/20,1618,,,,A00000029925,2026/08/19 11:56:40,日本郵便,flm-001-1-15,71032-00000002,【8/20 24H限定クーポン価格】老眼鏡 メンズ おしゃれ かっこいい シャープ スタイリッシュ お洒落 ちょいワル リーディンググラス シニアグラス メタル ハーフリム スクエア シルバー ブラック 男性用 ギフト 鯖江メーカーデザイン FEELLIFE FLM-001,1,4400,10,400,1,優先配送,0,,,,指定なし
223461387,楽天市場,67419,株式会社サンリーブ【Ｒ】,361684-20260819-0042249435,2026/08/19 11:40:30,2026/08/19 11:41:31,完了,クレジットカード,矢崎 一義,197-0832,東京都,あきる野市,上代継314-4,080-3579-5764,[配送日時指定:]2026-08-20(木)16:00-18:00,5610,0,0,0,510,0,0,出荷済,未保留,490779018310,自社倉庫,矢崎 一義,197-0832,東京都,あきる野市,上代継314-4,080-3579-5764,宅配便,2026/08/20,1618,,,,,2026/08/19 13:30:03,ヤマト運輸,hy-8113-black,71032-00000827,メガネケース ハード コンパクト シンプル 上品 本革 風 PUレザー おしゃれ カラフル 女性用 男性用 めがね サングラス PCメガネ 老眼鏡 マグネットタイプ 眼鏡ケース 贈り物 ブラウン オレンジ レッド ブラック ネイビー HY-8113,1,1210,10,110,1,優先配送,0,,,,指定なし
223464277,楽天市場,67419,株式会社サンリーブ【Ｒ】,361684-20260819-0055349552,2026/08/19 12:22:13,2026/08/19 12:23:16,完了,クレジットカード,大澤 なつみ,181-0002,東京都,三鷹市,牟礼２?１８?４５?２０５ 久我山ガーデンヒルズ一番館,03-5313-2448,[配送日時指定:],2750,0,0,0,250,42,0,出荷済,未保留,680674881913,自社倉庫,大澤 なつみ,181-0002,東京都,三鷹市,牟礼２?１８?４５?２０５ 久我山ガーデンヒルズ一番館,03-5313-2448,メール便,,,,,,,2026/08/19 13:29:43,日本郵便,fll-4000-3-05,71032-00001979,老眼鏡 0.5度数から おしゃれ レディース ブルーライトカット 紫外線 uv ボストン かわいい メガネ 老眼 度付き リーディンググラス 30代 40代 50代 女性 クラシック クリアカラー シニアグラス FEELLIFE FLL-4000,1,2750,10,250,1,通常,0,,,,指定なし
223465001,Yahoo!ショッピング,67572,株式会社サンリーブ【Ｙ】,glass-garden-10044633,2026/08/19 12:32:24,2026/08/19 12:33:16,完了,PayPay,加藤 律子,4350056,静岡県,浜松市中央区,小池町1419ー1 ハイステージカーサ102,09029241950,,1760,0,0,0,160,0,0,出荷済,未保留,680674881924,自社倉庫,加藤 律子,4350056,静岡県,浜松市中央区,小池町1419ー1 ハイステージカーサ102,09029241950,メール便,,,,,,,2026/08/19 13:29:43,日本郵便,fi5465a-81,71032-00001433,サングラス レディース おしゃれ 伊達メガネ uvカット 紫外線 対策 ボストン かわいい 丸メガネ メンズ 眼鏡 鯖江 ケース メガネ拭き付き FI5465A,1,1760,10,160,1,通常,0,,,,
223466271,楽天市場,67419,株式会社サンリーブ【Ｒ】,361684-20260819-0056649558,2026/08/19 12:49:37,2026/08/19 12:51:07,完了,クレジットカード,小泉 博義,664-0853,兵庫県,伊丹市,平松4-3-4-603,090-8166-0560,[配送日時指定:],8250,0,0,0,750,0,0,出荷済,未保留,680674881935,自社倉庫,小泉 博義,664-0853,兵庫県,伊丹市,平松4-3-4-603,090-8166-0560,メール便,,,,,,,2026/08/19 13:33:43,日本郵便,si-13ph-1-10,71032-00001542,【8/20 24H限定クーポン価格】栞 老眼鏡 跳ね上げ式 調光レンズ サングラス UVカット リーディンググラス ブルーライト 薄型 非球面レンズ 折りたたみ式 薄い 軽い レディース メンズ おしゃれ シニアグラス 旅行 携帯 鯖江メーカーデザイン SHIORI SI-13PH,1,8250,10,750,1,通常,0,,,,指定なし
223467051,楽天市場,67419,株式会社サンリーブ【Ｒ】,361684-20260819-0064049340,2026/08/19 13:00:55,2026/08/19 13:02:22,完了,クレジットカード,森重 美紀,270-1432,千葉県,白井市,冨士114-52,090-4910-0105,[配送日時指定:],1001,0,0,0,91,0,0,出荷済,未保留,490783679853,自社倉庫,森重 美紀,270-1432,千葉県,白井市,冨士114-52,090-4910-0105,宅配便,,,,,,,2026/08/20 10:41:51,ヤマト運輸,hy-8042-yel,71032-00001335,メガネケース ハード コンパクト 小さめ 軽量 シンプル デザイン 上品 本革 風 PUレザー ファブリック調 おしゃれ 低価格 女性用 男性用 メガネ 眼鏡 めがね サングラス PCメガネ 老眼鏡 マグネットタイプ 眼鏡ケース 贈り物 HY-8042,1,1001,10,91,1,通常,0,,,,指定なし
223470603,au Payマーケット,67574,株式会社サンリーブ【ａ】,746522208,2026/08/19 13:57:00,2026/08/19 14:02:12,完了,auかんたん決済,高木 綾子,938-0282,富山県,黒部市宇奈月温泉２１６ー８,,090-8269-1051,,3960,0,0,0,360,0,200,出荷済,未保留,203891146082,RFC倉庫,高木 綾子,938-0282,富山県,黒部市宇奈月温泉２１６ー８,,090-8269-1051,宅配便,,,,,,A00000029931,2026/08/19 18:16:08,日本郵便,flc-002-1-15,71032-00000489,老眼鏡 レディース メンズ おしゃれ 丸眼鏡 鯖江企画 ヴィンテージ調 リーディンググラス アンティーク風 シニアグラス ラウンド 専用ケース付き FEELLIFE FLC-002,1,3960,10,360,1,通常,0,,,,
223471277,Yahoo!ショッピング,67572,株式会社サンリーブ【Ｙ】,glass-garden-10044634,2026/08/19 14:10:57,2026/08/19 14:13:33,完了,PayPay,島村 恵美子,3540017,埼玉県,富士見市,針ケ谷2-34-4 センチュリーキャニオン404,0492529373,,3630,0,0,0,330,412,0,出荷済,未保留,187120656085,RFC倉庫,島村 恵美子,3540017,埼玉県,富士見市,針ケ谷2-34-4 センチュリーキャニオン404,0492529373,宅配便,2026/08/21,,,,,A00000029926,2026/08/19 14:31:01,日本郵便,fll-3004-3-15,71032-00001458,老眼鏡 おしゃれ ブルーライトカット +0.5から レディース メンズ リーディンググラス シニアグラス 老眼 眼鏡 メガネ 鯖江 FEELLIFE FLL-3004,1,3630,10,330,1,通常,0,,,,
223472773,楽天市場,67419,株式会社サンリーブ【Ｒ】,361684-20260819-0077349562,2026/08/19 14:37:01,2026/08/19 14:38:07,完了,クレジットカード,山口 珠代,223-0061,神奈川県,横浜市港北区,日吉6-8-30,045-564-3500,[配送日時指定:]2026-08-20(木),3850,0,0,0,350,1000,0,出荷済,未保留,187120632996,RFC倉庫,山口 珠代,223-0061,神奈川県,横浜市港北区,日吉6-8-30,045-564-3500,宅配便,2026/08/20,,,,,A00000029927,2026/08/19 14:51:17,日本郵便,spc-006-1-25,71032-00001181,【8/20 24H限定クーポン価格】老眼鏡 北欧柄 おしゃれ レディース ブルーライトカット かわいい 可愛い 女性 リーディンググラス ウェリントン カフェ柄 シニアグラス グレー ワイン お揃い柄ケース付 40代 50代 60代 +1.0から SCANDINAVIAN PATTERN SPC-006,1,3850,10,350,1,優先配送,0,,,,玄関前
223473885,au Payマーケット,67574,株式会社サンリーブ【ａ】,746523117,2026/08/19 14:51:00,2026/08/19 14:57:12,完了,auかんたん決済,林 瞳,261-0012,千葉県,千葉市美浜区磯辺1-2-9,,090-9679-9268,,6050,0,0,110,550,0,300,出荷済,未保留,680662168071,自社倉庫,加瀬 ゆみ,284-0012,千葉県,四街道市物井1520-12 アルカディアKS2F,,043-4225-633,メール便,,,,,ラッピング[眼鏡チェーン おしゃれ メガネ チェーン コード グラスチェーン 日本製 刺繍 アクセサリー 金属アレルギー対応 TRIPLE O]ギフト包装:ラッピング(カラー・サイズはお選び頂けません),,2026/08/20 10:59:05,日本郵便,gc001-9,71032-00001449,眼鏡チェーン おしゃれ メガネ チェーン コード グラスチェーン 日本製 刺繍 アクセサリー 金属アレルギー対応 TRIPLE O,1,6050,10,550,1,通常,0,,,,
223474818,Yahoo!ショッピング,67572,株式会社サンリーブ【Ｙ】,glass-garden-10044635,2026/08/19 15:08:29,2026/08/19 15:13:17,完了,PayPay,瀬川 三男,8170024,長崎県,対馬市,厳原町大手橋１１３６番地,09043548894,,4840,0,0,0,440,0,0,出荷済,未保留,203891146152,RFC倉庫,勝木 里香,8170323,長崎県,対馬市,美津島町大船越539-12,09074748240,宅配便,2026/08/24,1416,,,,A00000029928,2026/08/19 15:30:59,日本郵便,fll-3004-3-15,71032-00001458,老眼鏡 おしゃれ ブルーライトカット +0.5から レディース メンズ リーディンググラス シニアグラス 老眼 眼鏡 メガネ 鯖江 FEELLIFE FLL-3004,1,3630,10,330,1,通常,0,,,,
223474818,Yahoo!ショッピング,67572,株式会社サンリーブ【Ｙ】,glass-garden-10044635,2026/08/19 15:08:29,2026/08/19 15:13:17,完了,PayPay,瀬川 三男,8170024,長崎県,対馬市,厳原町大手橋１１３６番地,09043548894,,4840,0,0,0,440,0,0,出荷済,未保留,490783679864,自社倉庫,勝木 里香,8170323,長崎県,対馬市,美津島町大船越539-12,09074748240,宅配便,2026/08/24,1416,,,,,2026/08/20 10:41:55,ヤマト運輸,hy-8061-blue,71032-00000820,メガネケース おしゃれ セミハード ファブリック カントリー 調 メガネ収納ケース 軽量 コンパクト 眼鏡 サングラス 老眼鏡 HY-8061,1,1210,10,110,1,通常,0,,,,
223475123,楽天市場,67419,株式会社サンリーブ【Ｒ】,361684-20260819-0077649418,2026/08/19 15:17:43,2026/08/19 15:18:44,完了,クレジットカード,高野 和信,277-0851,千葉県,柏市,向原町3-18-702,080-5694-7342,[配送日時指定:],1001,0,0,0,91,0,0,出荷済,未保留,490783679875,自社倉庫,高野 和信,277-0851,千葉県,柏市,向原町3-18-702,080-5694-7342,宅配便,,,,,,,2026/08/20 10:41:55,ヤマト運輸,hy-8042-blk,71032-00001331,メガネケース ハード コンパクト 小さめ 軽量 シンプル デザイン 上品 本革 風 PUレザー ファブリック調 おしゃれ 低価格 女性用 男性用 メガネ 眼鏡 めがね サングラス PCメガネ 老眼鏡 マグネットタイプ 眼鏡ケース 贈り物 HY-8042,1,1001,10,91,1,通常,0,,,,指定なし
223477746,楽天市場,67419,株式会社サンリーブ【Ｒ】,361684-20260819-0088349652,2026/08/19 16:05:52,2026/08/19 16:06:54,完了,コンビニ決済,小玉 祐子,693-0033,島根県,出雲市,知井宮町821-8,090-6831-6277,[配送日時指定:],1210,0,0,0,110,0,0,出荷済,未保留,490783679886,自社倉庫,小玉 祐子,693-0033,島根県,出雲市,知井宮町821-8,090-6831-6277,宅配便,,,,,,,2026/08/20 10:41:56,ヤマト運輸,hy-8113-orange,71032-00000825,メガネケース ハード コンパクト シンプル 上品 本革 風 PUレザー おしゃれ カラフル 女性用 男性用 めがね サングラス PCメガネ 老眼鏡 マグネットタイプ 眼鏡ケース 贈り物 ブラウン オレンジ レッド ブラック ネイビー HY-8113,1,1210,10,110,1,通常,0,,,,指定なし
223479117,楽天市場,67419,株式会社サンリーブ【Ｒ】,361684-20260819-0097849370,2026/08/19 16:30:42,2026/08/19 16:31:43,完了,クレジットカード,鳥谷部 千秋,338-0001,埼玉県,さいたま市中央区,上落合1ー6ー1ー506,048-858-0637,[配送日時指定:]2026-08-21(金)18:00-20:00,3850,0,0,0,350,0,0,出荷済,未保留,187120644126,RFC倉庫,鳥谷部 千秋,338-0001,埼玉県,さいたま市中央区,上落合1ー6ー1ー506,048-858-0637,宅配便,2026/08/21,1820,,,,A00000029929,2026/08/19 16:46:05,日本郵便,spc-006-2-10,71032-00001176,【8/20 24H限定クーポン価格】老眼鏡 北欧柄 おしゃれ レディース ブルーライトカット かわいい 可愛い 女性 リーディンググラス ウェリントン カフェ柄 シニアグラス グレー ワイン お揃い柄ケース付 40代 50代 60代 +1.0から SCANDINAVIAN PATTERN SPC-006,1,3850,10,350,1,優先配送,0,,,,玄関前
223479495,楽天市場,67419,株式会社サンリーブ【Ｒ】,361684-20260819-0100449408,2026/08/19 16:37:21,2026/08/19 16:38:23,完了,クレジットカード,中井 佐世,558-0033,大阪府,大阪市住吉区,清水丘2-1-20,080-1451-9067,[配送日時指定:],3300,0,0,0,300,0,0,出荷済,未保留,680662168082,自社倉庫,中井 佐世,558-0033,大阪府,大阪市住吉区,清水丘2-1-20,080-1451-9067,メール便,,,,,,,2026/08/20 10:59:07,日本郵便,ph5099-12,71032-00001818,【8/20 24H限定クーポン価格】【8月31日までセール価格】調光 サングラス UVカット 紫外線 ブルーライトカット レディース メンズ 伊達メガネ カラーレンズ おしゃれ 眼鏡 ボストン 女性  ブランド ファッション バイカラーケース付 鯖江メーカーデザイン GG eyewear ph5099,1,3300,10,300,1,通常,0,,,,指定なし
223482222,楽天市場,67419,株式会社サンリーブ【Ｒ】,361684-20260819-0120149575,2026/08/19 17:28:15,2026/08/19 17:29:16,完了,クレジットカード,河野 義治,236-0012,神奈川県,横浜市金沢区,柴町３６３ サウスウイング金沢４ー５０１,045-374-4148,[配送日時指定:]2026-08-21(金),4400,0,0,0,400,0,10,出荷済,未保留,187120644336,RFC倉庫,河野 義治,236-0012,神奈川県,横浜市金沢区,柴町３６３ サウスウイング金沢４ー５０１,045-374-4148,宅配便,2026/08/21,,,,,A00000029930,2026/08/19 17:46:03,日本郵便,flm-006-2-25,71032-00000685,【8/20 24H限定クーポン価格】老眼鏡 メンズ おしゃれ かっこいい シャープ スタイリッシュ お洒落 ちょいワル リーディンググラス シニアグラス ハーフリム スクエア シルバー ガンメタル 男性用 ギフト 鯖江メーカーデザイン FEELLIFE FLM-006,1,4400,10,400,1,優先配送,0,,,,指定なし
223483722,楽天市場,67419,株式会社サンリーブ【Ｒ】,361684-20260819-0104749351,2026/08/19 17:56:06,2026/08/19 17:57:06,完了,クレジットカード,太田 千遥,060-0009,北海道,札幌市中央区,北九条西18丁目35-92 プレミアエグゼクティブ 401,080-4047-3249,[配送日時指定:],1760,0,0,0,160,0,0,出荷済,未保留,680674882016,自社倉庫,太田 千遥,060-0009,北海道,札幌市中央区,北九条西18丁目35-92 プレミアエグゼクティブ 401,080-4047-3249,メール便,,,,,,,2026/08/24 9:29:07,日本郵便,5584-2,71032-00001526,【8月31日までセール価格】サングラス レディース UVカット 伊達メガネ おしゃれ かわいい 紫外線 対策 美肌 眼鏡 ライトカラー クリアレンズ オールシーズン 女性 ボストン ブランド 可愛い バイカラーケース付 鯖江メーカーデザイン GG eyewear 5584,1,1760,10,160,1,通常,0,,,,指定なし
223483722,楽天市場,67419,株式会社サンリーブ【Ｒ】,361684-20260819-0104749351,2026/08/19 17:56:06,2026/08/19 17:57:06,完了,クレジットカード,太田 千遥,060-0009,北海道,札幌市中央区,北九条西18丁目35-92 プレミアエグゼクティブ 401,080-4047-3249,[配送日時指定:],1760,0,0,0,160,0,0,出荷済,未保留,680674882016,自社倉庫,太田 千遥,060-0009,北海道,札幌市中央区,北九条西18丁目35-92 プレミアエグゼクティブ 401,080-4047-3249,メール便,,,,,,,2026/08/24 9:29:07,日本郵便,5584-8,71032-00001738,【8月31日までセール価格】サングラス レディース UVカット 伊達メガネ おしゃれ かわいい 紫外線 対策 美肌 眼鏡 ライトカラー クリアレンズ オールシーズン 女性  ボストン ブランド 可愛い バイカラーケース付 鯖江メーカーデザイン GG eyewear 5584,1,0,10,0,1,通常,0,,,,指定なし
223487134,Yahoo!ショッピング,67572,株式会社サンリーブ【Ｙ】,glass-garden-10044636,2026/08/19 18:54:19,2026/08/19 18:58:10,完了,ゆっくり払い,西田 幸夫,4540833,愛知県,名古屋市中川区,上脇町1-11-1 ひばり荘1,08032844957,,3300,0,254,0,300,0,0,出荷済,未保留,680662168093,自社倉庫,西田 幸夫,4540833,愛知県,名古屋市中川区,上脇町1-11-1 ひばり荘1,08032844957,メール便,,,,,,,2026/08/20 10:59:07,日本郵便,ph5099-12,71032-00001818,調光 サングラス レンズ 伊達 メガネ おしゃれ レディース メンズ UV 紫外線 ブルーライト カット ケース ファッション GG eyewear ph5099,1,3300,10,300,1,通常,0,,,,
223488011,楽天市場,67419,株式会社サンリーブ【Ｒ】,361684-20260819-0123049468,2026/08/19 19:11:20,2026/08/19 19:12:22,完了,クレジットカード,岩松 一也,400-0337,山梨県,南アルプス市,寺部2088-1,090-9370-9023,[配送日時指定:],5500,0,0,0,500,0,0,出荷済,未保留,490783679890,自社倉庫,岩松 一也,400-0337,山梨県,南アルプス市,寺部2088-1,090-9370-9023,宅配便,,,,,,,2026/08/20 10:41:56,ヤマト運輸,bdr-3001-2-15,71032-00000126,【8/20 24H限定クーポン価格】BEAMS DESIGN 老眼鏡 リーディンググラス ブルーライトカット PCメガネ メタル メンズ レディース おしゃれ 眼鏡 ボストン シニアグラス ブラック ゴールド +0.50から 専用ケース付 ギフト ビームスデザイン bdr-3001,1,5500,10,500,1,通常,0,,,,指定なし
223488355,Yahoo!ショッピング,67572,株式会社サンリーブ【Ｙ】,glass-garden-10044637,2026/08/19 19:14:07,2026/08/19 19:18:10,完了,クレジットカード,尹 浩子,5370022,大阪府,大阪市東成区,中本５丁目 ７-４,09067374847,,5500,0,0,0,500,700,0,出荷済,未保留,490783679901,自社倉庫,尹 浩子,5370022,大阪府,大阪市東成区,中本５丁目 ７-４,09067374847,宅配便,2026/08/21,,,,,,2026/08/20 10:41:57,ヤマト運輸,bdr-3004-1-15,71032-00000161,BEAMS DESIGN 老眼鏡 おしゃれ ブルーライトカット リーディンググラス メンズ レディース 老眼 眼鏡 メガネ ビームスデザイン BDR-3004,1,5500,10,500,1,通常,0,,,,
223488417,楽天市場,67419,株式会社サンリーブ【Ｒ】,361684-20260819-0129949505,2026/08/19 19:18:21,2026/08/19 19:19:23,完了,クレジットカード,長崎 優子,230-0076,神奈川県,横浜市鶴見区,馬場4-8-12,090-5395-5807,[配送日時指定:],3300,0,0,0,300,0,0,出荷済,未保留,680662168104,自社倉庫,長崎 優子,230-0076,神奈川県,横浜市鶴見区,馬場4-8-12,090-5395-5807,メール便,,,,,,,2026/08/20 10:59:08,日本郵便,ph5099-12,71032-00001818,【8/20 24H限定クーポン価格】【8月31日までセール価格】調光 サングラス UVカット 紫外線 ブルーライトカット レディース メンズ 伊達メガネ カラーレンズ おしゃれ 眼鏡 ボストン 女性  ブランド ファッション バイカラーケース付 鯖江メーカーデザイン GG eyewear ph5099,1,3300,10,300,1,通常,0,,,,指定なし
223488893,Yahoo!ショッピング,67572,株式会社サンリーブ【Ｙ】,glass-garden-10044638,2026/08/19 19:27:48,2026/08/19 19:28:30,完了,PayPay,今本 正則,3440063,埼玉県,春日部市,緑町4-10-4,09060338511,,3630,0,0,0,330,478,0,出荷済,未保留,187120643953,RFC倉庫,今本 正則,3440063,埼玉県,春日部市,緑町4-10-4,09060338511,宅配便,2026/08/21,,,,,A00000029932,2026/08/19 19:51:05,日本郵便,fll-3004-3-25,71032-00001464,老眼鏡 おしゃれ ブルーライトカット +0.5から レディース メンズ リーディンググラス シニアグラス 老眼 眼鏡 メガネ 鯖江 FEELLIFE FLL-3004,1,3630,10,330,1,通常,0,,,,
223490029,au Payマーケット,67574,株式会社サンリーブ【ａ】,746529276,2026/08/19 19:40:00,2026/08/19 19:47:34,完了,auかんたん決済,須藤 聡子,702-8048,岡山県,岡山市南区福吉町４?８,,090-7509-2431,,1210,0,0,0,110,1180,30,出荷済,未保留,490783679912,自社倉庫,須藤 聡子,702-8048,岡山県,岡山市南区福吉町４?８,,090-7509-2431,宅配便,,,,,,,2026/08/20 10:41:57,ヤマト運輸,hy-80136-f,71032-00001338,眼鏡ケース ハード スリム おしゃれ コンパクト 軽量 メガネケース レディース かわいい 花柄 チェック 水玉 総柄 ハードケース マグネット式  HY-80136,1,1210,10,110,1,通常,0,,,,
223490306,楽天市場,67419,株式会社サンリーブ【Ｒ】,361684-20260819-0126849662,2026/08/19 19:50:54,2026/08/19 19:52:15,完了,クレジットカード,細井 宏一,178-0063,東京都,練馬区,東大泉5-18-5,03-5387-0671,[配送日時指定:],1760,0,0,0,160,0,0,出荷済,未保留,490783679923,自社倉庫,細井 宏一,178-0063,東京都,練馬区,東大泉5-18-5,03-5387-0671,宅配便,,,,,,,2026/08/20 10:41:58,ヤマト運輸,fi2002-1,71032-00000244,【8月31日までセール価格】サングラス メンズ かっこいい クール ちょいワル UVカット おしゃれ スクエア 男性用 メタル ナイロール フラッシュミラーレンズ ライトカラーレンズ 薄い色 ドライブ アウトドア ケース付き 鯖江メーカーデザイン FEELLIFE FI2002 父の日,1,1760,10,160,1,通常,0,,,,指定なし
223491916,楽天市場,67419,株式会社サンリーブ【Ｒ】,361684-20260819-0136549686,2026/08/19 20:13:52,2026/08/19 20:14:54,完了,クレジットカード,牧野 勇三,509-1301,岐阜県,加茂郡東白川村,越原567-1,090-6806-0629,[配送日時指定:]2026-08-21(金),3960,0,0,0,360,0,0,出荷済,未保留,203891008263,RFC倉庫,牧野 勇三,509-1301,岐阜県,加茂郡東白川村,越原567-1,090-6806-0629,宅配便,2026/08/21,,,,,A00000029933,2026/08/19 20:31:03,日本郵便,flc-002-2-10,71032-00000488,【8/20 24H限定クーポン価格】老眼鏡 おしゃれ ヴィンテージ 風 リーディンググラス レディース メンズ クラシック レトロ アンティーク 丸メガネ ラウンド ボストン かわいい お洒落 シニアグラス プレゼント ギフト 鯖江メーカーデザイン FEELLIFE FLC-002,1,3960,10,360,1,優先配送,0,,,,指定なし
223492487,Yahoo!ショッピング,67572,株式会社サンリーブ【Ｙ】,glass-garden-10044639,2026/08/19 20:18:04,2026/08/19 20:23:24,完了,クレジットカード,角田 静香,3760011,群馬県,桐生市,相生町2丁目1024-2 第二グランドハイツ201,09055354793,,1760,0,0,0,160,0,0,出荷済,未保留,680662168115,自社倉庫,角田 静香,3760011,群馬県,桐生市,相生町2丁目1024-2 第二グランドハイツ201,09055354793,メール便,,,,,,,2026/08/20 10:59:09,日本郵便,fi5465a-81,71032-00001433,サングラス レディース おしゃれ 伊達メガネ uvカット 紫外線 対策 ボストン かわいい 丸メガネ メンズ 眼鏡 鯖江 ケース メガネ拭き付き FI5465A,1,1760,10,160,1,通常,0,,,,
223493548,Yahoo!ショッピング,67572,株式会社サンリーブ【Ｙ】,glass-garden-10044640,2026/08/19 20:36:24,2026/08/19 20:38:05,完了,PayPayあと払い,黒田 真寿美,9160022,福井県,鯖江市,水落町3-98-3,0778530766,,3960,0,0,0,360,504,0,出荷済,未保留,203891009022,RFC倉庫,黒田 真寿美,9160022,福井県,鯖江市,水落町3-98-3,0778530766,宅配便,2026/08/21,,,,,A00000029934,2026/08/19 21:01:09,日本郵便,flc-002-2-20,71032-00000492,老眼鏡 おしゃれ ヴィンテージ クラシック レディース メンズ リーディンググラス シニアグラス 老眼 眼鏡 メガネ 鯖江 FEELLIFE FLC-002,1,3960,10,360,1,通常,0,,,,
223494981,楽天市場,67419,株式会社サンリーブ【Ｒ】,361684-20260819-0134249381,2026/08/19 20:55:20,2026/08/19 20:56:24,完了,クレジットカード,水島 友里,422-8005,静岡県,静岡市駿河区,池田2272-1 メゾン聖ヶ丘406,080-1582-3761,[配送日時指定:],1760,0,0,0,160,1760,0,出荷済,未保留,680662168126,自社倉庫,水島 友里,422-8005,静岡県,静岡市駿河区,池田2272-1 メゾン聖ヶ丘406,080-1582-3761,メール便,,,,,,,2026/08/20 10:59:09,日本郵便,5584-22,71032-00001527,【8月31日までセール価格】サングラス レディース UVカット 伊達メガネ おしゃれ かわいい 紫外線 対策 美肌 眼鏡 ライトカラー クリアレンズ オールシーズン 女性  ボストン ブランド 可愛い バイカラーケース付 鯖江メーカーデザイン GG eyewear 5584,1,1760,10,160,1,通常,0,,,,指定なし
223497931,Yahoo!ショッピング,67572,株式会社サンリーブ【Ｙ】,glass-garden-10044641,2026/08/19 21:28:42,2026/08/19 21:33:16,完了,コンビニ決済,佐藤 亜希子,9650015,福島県,会津若松市,北滝沢2-6-37,090-4638-6636,午前中に届けてもらえたらありがたいです,4400,0,330,0,400,0,0,出荷済,未保留,203891042261,RFC倉庫,佐藤 亜希子,9650015,福島県,会津若松市,北滝沢2-6-37,090-4638-6636,宅配便,2026/08/21,0812,,,,A00000029945,2026/08/20 8:36:13,日本郵便,flm-001-1-15,71032-00000002,老眼鏡 メンズ おしゃれ かっこいい リーディンググラス シニアグラス メタルフレーム ナイロール 老眼 眼鏡 メガネ 鯖江 FEELLIFE FLM-001,1,4400,10,400,1,通常,0,,,,指定なし
223499160,Yahoo!ショッピング,67572,株式会社サンリーブ【Ｙ】,glass-garden-10044642,2026/08/19 21:43:40,2026/08/19 21:48:22,完了,PayPay,佐野 竜一郎,2330008,神奈川県,横浜市港南区最戸,1-11-11 Ｄレスティア上大岡205,07064071122,,1760,0,0,0,160,0,200,出荷済,未保留,490783679934,自社倉庫,佐野 竜一郎,2330008,神奈川県,横浜市港南区最戸,1-11-11 Ｄレスティア上大岡205,07064071122,宅配便,2026/08/22,,,,,,2026/08/20 10:41:59,ヤマト運輸,fi2002-1,71032-00000244,サングラス メンズ ミラーレンズ かっこいい ちょい悪 ワル おしゃれ ブロータイプ 紫外線 uvカット 鯖江 ケース メガネ拭き付き FEELLIFE FI2002,1,1760,10,160,1,通常,0,,,,
223501623,Yahoo!ショッピング,67572,株式会社サンリーブ【Ｙ】,glass-garden-10044643,2026/08/19 22:16:23,2026/08/19 22:18:09,完了,クレジットカード,新垣 ノルマ,2520238,神奈川県,相模原市中央区,星が丘1-9-2 レオパレスメゾン田中2 104号室,08035229634,,5500,0,0,0,500,0,0,出荷済,未保留,490783679945,自社倉庫,新垣 ノルマ,2520238,神奈川県,相模原市中央区,星が丘1-9-2 レオパレスメゾン田中2 104号室,08035229634,宅配便,2026/08/21,,,,,,2026/08/20 10:41:59,ヤマト運輸,bdr-3001-1-20,71032-00000127,BEAMS DESIGN 老眼鏡 おしゃれ ブルーライトカット リーディンググラス メンズ レディース 老眼 眼鏡 メガネ ビームスデザイン BDR-3001,1,5500,10,500,1,通常,0,,,,
223502475,Yahoo!ショッピング,67572,株式会社サンリーブ【Ｙ】,glass-garden-10044644,2026/08/19 22:26:49,2026/08/19 22:28:54,完了,PayPay,杉本 真里,1600007,東京都,新宿区,荒木町7-14 アクサス四谷3丁目301,08032737287,,3630,0,0,0,330,449,200,出荷済,未保留,187120643791,RFC倉庫,杉本 真里,1600007,東京都,新宿区,荒木町7-14 アクサス四谷3丁目301,08032737287,宅配便,2026/08/21,,,,,A00000029936,2026/08/19 22:51:24,日本郵便,fll-3000-1-10,71032-00000593,老眼鏡 おしゃれ ブルーライトカット 軽い 軽量 +0.5から レディース メンズ リーディンググラス 老眼 眼鏡 メガネ 鯖江 FEELLIFE FLL-3000,1,3630,10,330,1,通常,0,,,,
223502493,Yahoo!ショッピング,67572,株式会社サンリーブ【Ｙ】,glass-garden-10044645,2026/08/19 22:27:58,2026/08/19 22:28:57,完了,PayPayあと払い,大野 真司,5600081,大阪府,豊中市,新千里北町　1-1 Cー27-205,09052581890,,3960,0,0,0,360,0,0,出荷済,未保留,203891146115,RFC倉庫,大野 真司,5600081,大阪府,豊中市,新千里北町　1-1 Cー27-205,09052581890,宅配便,,,,,,A00000029935,2026/08/19 22:51:24,日本郵便,flc-002-1-20,71032-00000491,老眼鏡 おしゃれ ヴィンテージ クラシック レディース メンズ リーディンググラス シニアグラス 老眼 眼鏡 メガネ 鯖江 FEELLIFE FLC-002,1,3960,10,360,1,通常,0,,,,
223503386,楽天市場,67419,株式会社サンリーブ【Ｒ】,361684-20260819-0162049277,2026/08/19 22:39:56,2026/08/19 22:40:59,完了,クレジットカード,土居 郁保,783-0085,高知県,南国市,十市5365番地,070-9195-0942,[配送日時指定:],2420,0,0,0,220,2420,0,出荷済,未保留,680662168130,自社倉庫,平石 淳一,783-0022,高知県,南国市,小籠78-38(株)フラットストーン,090-7146-2411,メール便,,,,,,,2026/08/20 10:59:10,日本郵便,fl-3000-3-05,71032-00001926,度数+0.5から 老眼鏡 おしゃれ メンズ 調光レンズ ブルーライトカット リーディンググラス uvカット 紫外線カット 軽量 調光メガネ 変色 男性用 スクエア メガネケース メガネ拭き 贈り物 ギフト FEELLIFE FL-3000 父の日,1,2420,10,220,1,通常,0,,,,指定なし
223503545,Yahoo!ショッピング,67572,株式会社サンリーブ【Ｙ】,glass-garden-10044646,2026/08/19 22:41:15,2026/08/19 22:43:03,完了,PayPay,須藤 祐美子,1460083,東京都,大田区千鳥,3-4-7 103,09078315058,,2750,0,0,0,250,249,0,出荷済,未保留,680662168141,自社倉庫,須藤 祐美子,1460083,東京都,大田区千鳥,3-4-7 103,09078315058,メール便,,,,,,,2026/08/20 10:59:10,日本郵便,fll-4000-3-05,71032-00001979,老眼鏡 0.5度数から おしゃれ レディース ボストン メガネ 度付き 30代 40代 50代 女性 FEELLIFE FLL-4000,1,2750,10,250,1,通常,0,,,,
223508829,楽天市場,67419,株式会社サンリーブ【Ｒ】,361684-20260820-0187049517,2026/08/20 0:06:36,2026/08/20 0:08:03,完了,クレジットカード,徳広 真起,880-0951,宮崎県,宮崎市,大塚町竹原2025-1-302,090-9072-5327,[配送日時指定:],1001,0,0,0,91,391,0,出荷済,未保留,490783679956,自社倉庫,徳広 真起,880-0951,宮崎県,宮崎市,大塚町竹原2025-1-302,090-9072-5327,宅配便,,,,,,,2026/08/20 10:42:00,ヤマト運輸,hy-8042-red,71032-00001334,メガネケース ハード コンパクト 小さめ 軽量 シンプル デザイン 上品 本革 風 PUレザー ファブリック調 おしゃれ 低価格 女性用 男性用 メガネ 眼鏡 めがね サングラス PCメガネ 老眼鏡 マグネットタイプ 眼鏡ケース 贈り物 HY-8042,1,1001,10,91,1,通常,0,,,,指定なし
223509181,楽天市場,67419,株式会社サンリーブ【Ｒ】,361684-20260820-0199149657,2026/08/20 0:11:15,2026/08/20 0:12:16,完了,クレジットカード,清野 美智子,970-8026,福島県,いわき市,平字梅香町２ー１０,0246-22-5112,[配送日時指定:]2026-08-21(金)16:00-18:00,3960,0,0,0,360,760,200,出荷済,未保留,203891042574,RFC倉庫,清野 美智子,970-8026,福島県,いわき市,平字梅香町２ー１０,0246-22-5112,宅配便,2026/08/21,1618,,,,A00000029937,2026/08/20 0:21:21,日本郵便,flc-002-2-15,71032-00000490,【8/20 24H限定クーポン価格】老眼鏡 おしゃれ ヴィンテージ 風 リーディンググラス レディース メンズ クラシック レトロ アンティーク 丸メガネ ラウンド ボストン かわいい お洒落 シニアグラス プレゼント ギフト 鯖江メーカーデザイン FEELLIFE FLC-002,1,3960,10,360,1,優先配送,0,,,,指定なし
223509529,楽天市場,67419,株式会社サンリーブ【Ｒ】,361684-20260820-0178649525,2026/08/20 0:15:47,2026/08/20 0:16:53,完了,クレジットカード,木村 由理子,700-0975,岡山県,岡山市北区,今1-13-26 CRASSO IMA 801,090-2960-8943,[配送日時指定:]2026-08-21(金)18:00-20:00,3630,0,0,0,330,743,200,出荷済,未保留,203891042876,RFC倉庫,木村 由理子,700-0975,岡山県,岡山市北区,今1-13-26 CRASSO IMA 801,090-2960-8943,宅配便,2026/08/21,1820,,,,A00000029938,2026/08/20 0:31:19,日本郵便,fll-3000-1-20,71032-00000597,【8/20 24H限定クーポン価格】老眼鏡 0.5から おしゃれ レディース ブルーライトカット 紫外線 uv ボストン かわいい シニアグラス リーディンググラス 軽い 軽量 人気 シンプル プレゼント 30代 40代 50代 女性 ケース付 鯖江デザイン FEELLIFE FLL3000,1,3630,10,330,1,優先配送,0,,,,指定なし
223510413,楽天市場,67419,株式会社サンリーブ【Ｒ】,361684-20260820-0162449587,2026/08/20 0:29:15,2026/08/20 0:30:17,完了,クレジットカード,伊澤 すみ江,192-0363,東京都,八王子市,別所2-16コリナス長池3-902,080-1141-1883,[配送日時指定:],1980,0,0,0,180,480,0,出荷済,未保留,680662168152,自社倉庫,伊澤 すみ江,192-0363,東京都,八王子市,別所２丁目16番コリナス長池3号棟902号室,080-1141-1883,メール便,,,,,,,2026/08/20 10:59:11,日本郵便,k-cloth-2,71032-00001480,メガネ拭き クロス めがねふき マイクロファイバー 恐竜 グッズ 子ども 大人 プレゼント かわいい スマホクリーナー カメラ拭き ティラノサウルス トリケラトプス ブラキオサウルス お土産 福井 ダイナソー K-CLOTH プレゼント 父の日,1,990,10,90,1,通常,0,,,,指定なし
223510413,楽天市場,67419,株式会社サンリーブ【Ｒ】,361684-20260820-0162449587,2026/08/20 0:29:15,2026/08/20 0:30:17,完了,クレジットカード,伊澤 すみ江,192-0363,東京都,八王子市,別所2-16コリナス長池3-902,080-1141-1883,[配送日時指定:],1980,0,0,0,180,480,0,出荷済,未保留,680662168152,自社倉庫,伊澤 すみ江,192-0363,東京都,八王子市,別所２丁目16番コリナス長池3号棟902号室,080-1141-1883,メール便,,,,,,,2026/08/20 10:59:11,日本郵便,k-cloth-6,71032-00001576,メガネ拭き クロス めがねふき マイクロファイバー 恐竜 グッズ 子ども 大人 プレゼント かわいい スマホクリーナー カメラ拭き ティラノサウルス トリケラトプス ブラキオサウルス お土産 福井 ダイナソー K-CLOTH プレゼント 父の日,1,990,10,90,1,通常,0,,,,指定なし
223511053,楽天市場,67419,株式会社サンリーブ【Ｒ】,361684-20260820-0205549379,2026/08/20 0:39:57,2026/08/20 0:41:07,完了,クレジットカード,鏑木 祐子,960-0241,福島県,福島市,笹谷字三本松27-4-5,090-9741-4918,[配送日時指定:]2026-08-21(金)午前中,3630,0,0,0,330,0,200,出荷済,未保留,203891008112,RFC倉庫,鏑木 祐子,960-0241,福島県,福島市,笹谷字三本松27-4-5,090-9741-4918,宅配便,2026/08/21,0812,,,,A00000029939,2026/08/20 0:56:00,日本郵便,fll-3004-2-15,71032-00001457,【8/20 24H限定クーポン価格】老眼鏡 0.5から おしゃれ レディース ブルーライトカット 紫外線 uv ボストン かわいい メガネ 老眼 度付き リーディンググラス 30代 40代 50代 女性 クラシック 黒縁 ニュアンスカラー シニアグラス 丸眼鏡 FEELLIFE FLL-3004,1,3630,10,330,1,優先配送,0,,,,玄関前
223511054,楽天市場,67419,株式会社サンリーブ【Ｒ】,361684-20260820-0195649721,2026/08/20 0:40:04,2026/08/20 0:41:07,完了,クレジットカード,鬼頭 詠子,802-0811,福岡県,北九州市小倉南区,重住1-2-63,080-2914-2537,[配送日時指定:]2026-08-22(土)19:00-21:00,10780,0,0,0,980,0,0,出荷済,未保留,490783679960,自社倉庫,赤瀬 陽子,851-0103,長崎県,長崎市,中里町943-11,080-1778-8571,宅配便,2026/08/22,1921,,,,,2026/08/20 10:42:00,ヤマト運輸,bds-314-2,71032-00002022,【8/20 24H限定クーポン価格】【8月31日までセール価格】BEAMS DESIGN ビームス デザイン サングラス 偏光レンズ UV99%カット ウェリントン コンビネーションフレーム メンズ レディース ユニセックス タウンユース アウトドア ドライブ ギフト bds-314,1,10780,10,980,1,優先配送,0,,,,指定なし
223512466,Yahoo!ショッピング,67572,株式会社サンリーブ【Ｙ】,glass-garden-10044647,2026/08/20 1:09:18,2026/08/20 1:13:14,完了,PayPay,増井 理江子,4260061,静岡県,藤枝市,田沼3-4-31,09065774361,,770,0,0,0,70,38,0,出荷済,未保留,680662168163,自社倉庫,増井 理江子,4260061,静岡県,藤枝市,田沼3-4-31,09065774361,メール便,,,,,,,2026/08/20 10:59:11,日本郵便,a-62-beg,71032-00001475,老眼鏡 栞 専用メガネケース 全モデル 対応 SHIORI A-62,1,770,10,70,1,通常,0,,,,
223515151,楽天市場,67419,株式会社サンリーブ【Ｒ】,361684-20260820-0009649745,2026/08/20 2:46:20,2026/08/20 2:47:23,完了,クレジットカード,丸田 裕美,640-8392,和歌山県,和歌山市,中之島284-6,073-471-0625,[配送日時指定:]18:00-20:00,8140,0,0,0,740,1128,800,出荷済,未保留,203891146060,RFC倉庫,丸田 裕美,640-8392,和歌山県,和歌山市,中之島284-6,073-471-0625,宅配便,,1820,,,,A00000029940,2026/08/20 7:03:38,日本郵便,flc-002-2-10,71032-00000488,【8/20 24H限定クーポン価格】老眼鏡 おしゃれ ヴィンテージ 風 リーディンググラス レディース メンズ クラシック レトロ アンティーク 丸メガネ ラウンド ボストン かわいい お洒落 シニアグラス プレゼント ギフト 鯖江メーカーデザイン FEELLIFE FLC-002,1,3960,10,360,1,通常,0,,,,指定なし
223515151,楽天市場,67419,株式会社サンリーブ【Ｒ】,361684-20260820-0009649745,2026/08/20 2:46:20,2026/08/20 2:47:23,完了,クレジットカード,丸田 裕美,640-8392,和歌山県,和歌山市,中之島284-6,073-471-0625,[配送日時指定:]18:00-20:00,8140,0,0,0,740,1128,800,出荷済,未保留,490783679971,自社倉庫,丸田 裕美,640-8392,和歌山県,和歌山市,中之島284-6,073-471-0625,宅配便,,1820,,,,,2026/08/20 10:42:02,ヤマト運輸,b-120-blk,71032-00000088,サングラスケース メガネケース 大きめ 軽量 おしゃれ フック付き カナビナ対応ベルト ハードケース アウトドア スポーツ めがね 眼鏡 老眼鏡 大人 子供 リュック カーキ ブラウン ブラック 迷彩 グリーン ベージュ b-120 父の日,1,1760,10,160,1,通常,0,,,,指定なし
223515151,楽天市場,67419,株式会社サンリーブ【Ｒ】,361684-20260820-0009649745,2026/08/20 2:46:20,2026/08/20 2:47:23,完了,クレジットカード,丸田 裕美,640-8392,和歌山県,和歌山市,中之島284-6,073-471-0625,[配送日時指定:]18:00-20:00,8140,0,0,0,740,1128,800,出荷済,未保留,490783679971,自社倉庫,丸田 裕美,640-8392,和歌山県,和歌山市,中之島284-6,073-471-0625,宅配便,,1820,,,,,2026/08/20 10:42:02,ヤマト運輸,bsc-001-ivr,71032-00001586,メガネケース 大人 かわいい くすみカラー 日本製 眼鏡ケース ストラップ付き おしゃれ レザー調 コンパクト 軽量 スリム バッグに付ける サングラスケース 女性 レディース 持ち運び 老眼鏡ケース 携帯 メガネ入れ ギフト BSC-001,1,2420,10,220,1,通常,0,,,,指定なし
223515664,楽天市場,67419,株式会社サンリーブ【Ｒ】,361684-20260820-0192049374,2026/08/20 3:08:45,2026/08/20 3:09:47,完了,クレジットカード,赤石 尚美,373-0031,群馬県,太田市,脇屋町227-5,090-2448-3861,[配送日時指定:]2026-08-21(金)16:00-18:00,3960,0,0,0,360,59,200,出荷済,未保留,203891008823,RFC倉庫,赤石 尚美,373-0031,群馬県,太田市,脇屋町227-5,090-2448-3861,宅配便,2026/08/21,1618,,,,A00000029941,2026/08/20 7:03:38,日本郵便,flc-002-1-20,71032-00000491,【8/20 24H限定クーポン価格】老眼鏡 おしゃれ ヴィンテージ 風 リーディンググラス レディース メンズ クラシック レトロ アンティーク 丸メガネ ラウンド ボストン かわいい お洒落 シニアグラス プレゼント ギフト 鯖江メーカーデザイン FEELLIFE FLC-002,1,3960,10,360,1,優先配送,0,,,,指定なし
223515771,楽天市場,67419,株式会社サンリーブ【Ｒ】,361684-20260820-0216749520,2026/08/20 3:17:07,2026/08/20 3:18:08,完了,クレジットカード,前中 洋平,651-1515,兵庫県,神戸市北区,上津台4丁目16‐16,090-8215-3504,[配送日時指定:]2026-08-21(金)18:00-20:00,3630,0,0,0,330,30,200,出荷済,未保留,203891009066,RFC倉庫,前中 洋平,651-1515,兵庫県,神戸市北区,上津台4丁目16‐16,090-8215-3504,宅配便,2026/08/21,1820,,,,A00000029942,2026/08/20 7:03:38,日本郵便,fll-3004-2-05,71032-00001451,【8/20 24H限定クーポン価格】老眼鏡 0.5から おしゃれ レディース ブルーライトカット 紫外線 uv ボストン かわいい メガネ 老眼 度付き リーディンググラス 30代 40代 50代 女性 クラシック 黒縁 ニュアンスカラー シニアグラス 丸眼鏡 FEELLIFE FLL-3004,1,3630,10,330,1,優先配送,0,,,,玄関前
223517536,楽天市場,67419,株式会社サンリーブ【Ｒ】,361684-20260820-0199149679,2026/08/20 5:37:54,2026/08/20 5:38:56,完了,クレジットカード,渡邊 篤史,310-0845,茨城県,水戸市,吉沢町45-152,029-246-2540,[配送日時指定:]2026-08-21(金)18:00-20:00,3630,0,0,0,330,3630,0,出荷済,未保留,203891008543,RFC倉庫,渡邊 篤史,310-0845,茨城県,水戸市,吉沢町45-152,029-246-2540,宅配便,2026/08/21,1820,,,,A00000029943,2026/08/20 7:03:38,日本郵便,fll-3004-3-25,71032-00001464,【8/20 24H限定クーポン価格】老眼鏡 0.5から おしゃれ レディース ブルーライトカット 紫外線 uv ボストン かわいい メガネ 老眼 度付き リーディンググラス 30代 40代 50代 女性 クラシック 黒縁 ニュアンスカラー シニアグラス 丸眼鏡 FEELLIFE FLL-3004,1,3630,10,330,1,優先配送,0,,,,指定なし
223518281,楽天市場,67419,株式会社サンリーブ【Ｒ】,361684-20260820-0225949712,2026/08/20 6:05:40,2026/08/20 6:07:26,完了,クレジットカード,佐田 百合子,694-0064,島根県,大田市,大田町大田イ414?8,090-7134-8764,[配送日時指定:]2026-08-21(金),3960,0,0,0,360,0,0,出荷済,未保留,203891009103,RFC倉庫,佐田 百合子,694-0064,島根県,大田市,大田町大田イ414?8,090-7134-8764,宅配便,2026/08/21,,,,,A00000029944,2026/08/20 7:03:38,日本郵便,flc-002-2-20,71032-00000492,【8/20 24H限定クーポン価格】老眼鏡 おしゃれ ヴィンテージ 風 リーディンググラス レディース メンズ クラシック レトロ アンティーク 丸メガネ ラウンド ボストン かわいい お洒落 シニアグラス プレゼント ギフト 鯖江メーカーデザイン FEELLIFE FLC-002,1,3960,10,360,1,優先配送,0,,,,指定なし
223520559,楽天市場,67419,株式会社サンリーブ【Ｒ】,361684-20260820-0223049308,2026/08/20 6:56:10,2026/08/20 6:57:18,完了,クレジットカード,原 英美,669-5211,兵庫県,朝来市,和田山町平野306-1アミカーレB203,079-672-1091,[配送日時指定:],5500,0,0,0,500,0,400,出荷済,未保留,680662168174,自社倉庫,原 英美,669-5211,兵庫県,朝来市,和田山町平野306-1アミカーレB203,079-672-1091,メール便,,,,,,,2026/08/20 10:59:12,日本郵便,si-10-3-15,71032-00001101,【8/20 24H限定クーポン価格】栞 老眼鏡 リーディンググラス ツートンカラー ブルーライトカット 薄型 非球面レンズ 折りたたみ式 コンパクト 薄い 軽い レディース 女性用 おしゃれ お洒落 旅行用 携帯用 特許商品 鯖江メーカーデザイン SHIORI SI-10,1,5500,10,500,1,通常,0,,,,指定なし
223522102,楽天市場,67419,株式会社サンリーブ【Ｒ】,361684-20260820-0231949358,2026/08/20 7:18:50,2026/08/20 7:19:54,完了,クレジットカード,黒澤 るみ,305-0056,茨城県,つくば市,松野木152-70,090-4582-4576,[配送日時指定:]2026-08-21(金)19:00-21:00,3630,0,0,0,330,25,200,出荷済,未保留,490783679982,自社倉庫,黒澤 るみ,305-0056,茨城県,つくば市,松野木152-70,090-4582-4576,宅配便,2026/08/21,1921,,,,,2026/08/20 10:42:02,ヤマト運輸,hy-8061-brown,71032-00000821,メガネケース ハード コンパクト 軽量 シンプル 上品 本革 風 PUレザー ファブリック調 ステッチ カジュアル おしゃれ カラフル 女性用 男性用 めがね サングラス PCメガネ 老眼鏡 マグネットタイプ 眼鏡ケース 贈り物 HY-8061,1,1210,10,110,1,優先配送,0,,,,指定なし
223522102,楽天市場,67419,株式会社サンリーブ【Ｒ】,361684-20260820-0231949358,2026/08/20 7:18:50,2026/08/20 7:19:54,完了,クレジットカード,黒澤 るみ,305-0056,茨城県,つくば市,松野木152-70,090-4582-4576,[配送日時指定:]2026-08-21(金)19:00-21:00,3630,0,0,0,330,25,200,出荷済,未保留,490783679982,自社倉庫,黒澤 るみ,305-0056,茨城県,つくば市,松野木152-70,090-4582-4576,宅配便,2026/08/21,1921,,,,,2026/08/20 10:42:02,ヤマト運輸,hy-8061-blue,71032-00000820,メガネケース ハード コンパクト 軽量 シンプル 上品 本革 風 PUレザー ファブリック調 ステッチ カジュアル おしゃれ カラフル 女性用 男性用 めがね サングラス PCメガネ 老眼鏡 マグネットタイプ 眼鏡ケース 贈り物 HY-8061,1,1210,10,110,1,優先配送,0,,,,指定なし
223522102,楽天市場,67419,株式会社サンリーブ【Ｒ】,361684-20260820-0231949358,2026/08/20 7:18:50,2026/08/20 7:19:54,完了,クレジットカード,黒澤 るみ,305-0056,茨城県,つくば市,松野木152-70,090-4582-4576,[配送日時指定:]2026-08-21(金)19:00-21:00,3630,0,0,0,330,25,200,出荷済,未保留,490783679982,自社倉庫,黒澤 るみ,305-0056,茨城県,つくば市,松野木152-70,090-4582-4576,宅配便,2026/08/21,1921,,,,,2026/08/20 10:42:02,ヤマト運輸,hy-8061-gray,71032-00000819,メガネケース ハード コンパクト 軽量 シンプル 上品 本革 風 PUレザー ファブリック調 ステッチ カジュアル おしゃれ カラフル 女性用 男性用 めがね サングラス PCメガネ 老眼鏡 マグネットタイプ 眼鏡ケース 贈り物 HY-8061,1,1210,10,110,1,優先配送,0,,,,指定なし
223523505,楽天市場,67419,株式会社サンリーブ【Ｒ】,361684-20260820-0234749696,2026/08/20 7:37:14,2026/08/20 7:38:20,完了,クレジットカード,赤岩 沙紀,773-0017,徳島県,小松島市,立江町字小田ノ浦19-1,090-5711-3894,[配送日時指定:],3300,0,0,0,300,28,200,出荷済,未保留,680662168185,自社倉庫,赤岩 沙紀,773-0017,徳島県,小松島市,立江町字小田ノ浦19-1,090-5711-3894,メール便,,,,,,,2026/08/20 10:59:13,日本郵便,ph5099-12,71032-00001818,【8/20 24H限定クーポン価格】【8月31日までセール価格】調光 サングラス UVカット 紫外線 ブルーライトカット レディース メンズ 伊達メガネ カラーレンズ おしゃれ 眼鏡 ボストン 女性  ブランド ファッション バイカラーケース付 鯖江メーカーデザイン GG eyewear ph5099,1,3300,10,300,1,通常,0,,,,指定なし
223523900,楽天市場,67419,株式会社サンリーブ【Ｒ】,361684-20260820-0271149294,2026/08/20 7:41:29,2026/08/20 7:43:07,完了,クレジットカード,齊藤 有理,399-2603,長野県,飯田市,下久堅知久平1815,080-2267-6400,[配送日時指定:],1760,0,0,0,160,1760,0,出荷済,未保留,680662168196,自社倉庫,齊藤 有理,399-2603,長野県,飯田市,下久堅知久平1815,080-2267-6400,メール便,,,,,,,2026/08/20 10:59:13,日本郵便,5584-2,71032-00001526,【8月31日までセール価格】サングラス レディース UVカット 伊達メガネ おしゃれ かわいい 紫外線 対策 美肌 眼鏡 ライトカラー クリアレンズ オールシーズン 女性  ボストン ブランド 可愛い バイカラーケース付 鯖江メーカーデザイン GG eyewear 5584,1,1760,10,160,1,通常,0,,,,指定なし
223524609,楽天市場,67419,株式会社サンリーブ【Ｒ】,361684-20260820-0056549737,2026/08/20 7:49:33,2026/08/20 7:51:15,完了,クレジットカード,櫻井 大久,321-0933,栃木県,宇都宮市,簗瀬町2501-1 NARABU五番館508,090-8644-4940,[配送日時指定:],3520,0,0,0,320,0,0,出荷済,未保留,680662168200,自社倉庫,櫻井 大久,329-1326,栃木県,さくら市,向河原４１４７ 有限会社桜井建設 再生プラント,090-8644-4940,メール便,,,,,,,2026/08/20 10:59:14,日本郵便,flw-001-002-4a,71032-00001558,【8/20 24H限定クーポン価格】【8月31日までセール価格】サングラス 偏光 メンズ レディース uvカット 薄色サングラス レンズ メガネ 紫外線 男性 外仕事 軽量 疲れない 眩しくない 暑さ対策 作業服 日差し アウトドア ドライブ 運転 おしゃれ シンプル FEELLIFE FLW-001-002,1,3520,10,320,1,通常,0,,,,指定なし
223527223,楽天市場,67419,株式会社サンリーブ【Ｒ】,361684-20260820-0240349676,2026/08/20 8:17:48,2026/08/20 8:19:29,完了,クレジットカード,鈴村 亜美瑠,509-5124,岐阜県,土岐市,土岐口中町1-12 アルドール105号室,090-6765-7821,[配送日時指定:],3520,0,0,0,320,0,200,出荷済,未保留,680662168211,自社倉庫,鈴村 亜美瑠,509-5124,岐阜県,土岐市,土岐口中町1-12 アルドール105号室,090-6765-7821,メール便,,,,,,,2026/08/20 10:59:14,日本郵便,5584-22,71032-00001527,【8月31日までセール価格】サングラス レディース UVカット 伊達メガネ おしゃれ かわいい 紫外線 対策 美肌 眼鏡 ライトカラー クリアレンズ オールシーズン 女性  ボストン ブランド 可愛い バイカラーケース付 鯖江メーカーデザイン GG eyewear 5584,1,1760,10,160,1,通常,0,,,,指定なし
223527223,楽天市場,67419,株式会社サンリーブ【Ｒ】,361684-20260820-0240349676,2026/08/20 8:17:48,2026/08/20 8:19:29,完了,クレジットカード,鈴村 亜美瑠,509-5124,岐阜県,土岐市,土岐口中町1-12 アルドール105号室,090-6765-7821,[配送日時指定:],3520,0,0,0,320,0,200,出荷済,未保留,680662168211,自社倉庫,鈴村 亜美瑠,509-5124,岐阜県,土岐市,土岐口中町1-12 アルドール105号室,090-6765-7821,メール便,,,,,,,2026/08/20 10:59:14,日本郵便,5584-2,71032-00001526,【8月31日までセール価格】サングラス レディース UVカット 伊達メガネ おしゃれ かわいい 紫外線 対策 美肌 眼鏡 ライトカラー クリアレンズ オールシーズン 女性  ボストン ブランド 可愛い バイカラーケース付 鯖江メーカーデザイン GG eyewear 5584,1,1760,10,160,1,通常,0,,,,指定なし
223528150,楽天市場,67419,株式会社サンリーブ【Ｒ】,361684-20260820-0239249671,2026/08/20 8:27:15,2026/08/20 8:28:57,完了,クレジットカード,竹中 明佳音,923-1205,石川県,能美市,宮竹町,076-276-9426,[配送日時指定:],3300,0,0,0,300,0,200,出荷済,未保留,680662168222,自社倉庫,竹中 明佳音,923-1115,石川県,能美市,大長野町ト17-1レジダンス1-202,080-3742-9232,メール便,,,,,,,2026/08/20 10:59:15,日本郵便,ph5099-12,71032-00001818,【8/20 24H限定クーポン価格】【8月31日までセール価格】調光 サングラス UVカット 紫外線 ブルーライトカット レディース メンズ 伊達メガネ カラーレンズ おしゃれ 眼鏡 ボストン 女性  ブランド ファッション バイカラーケース付 鯖江メーカーデザイン GG eyewear ph5099,1,3300,10,300,1,通常,0,,,,指定なし
223529393,楽天市場,67419,株式会社サンリーブ【Ｒ】,361684-20260820-0260049606,2026/08/20 8:40:58,2026/08/20 8:42:20,完了,クレジットカード,小嶋 清美,267-0053,千葉県,千葉市緑区,高津戸町７３７?１７,043-295-1373,[配送日時指定:]2026-08-21(金)指定なし,3960,0,0,0,360,700,200,出荷済,未保留,203891042526,RFC倉庫,小嶋 清美,267-0053,千葉県,千葉市緑区,高津戸町737-17 不在の際は宅配BOXへ入れてください,090-2622-3524,宅配便,2026/08/21,,,,,A00000029946,2026/08/20 8:56:24,日本郵便,flc-002-1-15,71032-00000489,【8/20 24H限定クーポン価格】老眼鏡 おしゃれ ヴィンテージ 風 リーディンググラス レディース メンズ クラシック レトロ アンティーク 丸メガネ ラウンド ボストン かわいい お洒落 シニアグラス プレゼント ギフト 鯖江メーカーデザイン FEELLIFE FLC-002,1,3960,10,360,1,優先配送,0,,,,宅配ボックス
223531642,Yahoo!ショッピング,67572,株式会社サンリーブ【Ｙ】,glass-garden-10044648,2026/08/20 9:06:15,2026/08/20 9:08:07,完了,PayPay,品田 英保,1360074,東京都,江東区,東砂3-26-1 ロイヤルクレスト603,09016947195,,4400,0,0,0,400,0,0,出荷済,未保留,187120656063,RFC倉庫,品田 英保,1360074,東京都,江東区,東砂3-26-1 ロイヤルクレスト603,09016947195,宅配便,2026/08/21,,,,,A00000029947,2026/08/20 9:31:27,日本郵便,flm-006-2-15,71032-00000681,老眼鏡 メンズ おしゃれ かっこいい リーディンググラス シニアグラス メタルフレーム ナイロール 老眼 眼鏡 メガネ 鯖江 FEELLIFE FLM-006,1,4400,10,400,1,優先配送,0,,,,
223533184,楽天市場,67419,株式会社サンリーブ【Ｒ】,361684-20260820-0284649432,2026/08/20 9:23:21,2026/08/20 9:24:23,完了,クレジットカード,久下 唯,252-0143,神奈川県,相模原市緑区,橋本7丁目13-23,080-1303-9827,[配送日時指定:],3300,0,0,0,300,0,200,出荷済,未保留,680662168233,自社倉庫,久下 唯,252-0143,神奈川県,相模原市緑区,橋本7丁目13-23,080-1303-9827,メール便,,,,,,,2026/08/20 10:59:16,日本郵便,ph5099-12,71032-00001818,【8/20 24H限定クーポン価格】【8月31日までセール価格】調光 サングラス UVカット 紫外線 ブルーライトカット レディース メンズ 伊達メガネ カラーレンズ おしゃれ 眼鏡 ボストン 女性  ブランド ファッション バイカラーケース付 鯖江メーカーデザイン GG eyewear ph5099,1,3300,10,300,1,通常,0,,,,指定なし
223536088,Yahoo!ショッピング,67572,株式会社サンリーブ【Ｙ】,glass-garden-10044649,2026/08/20 9:52:57,2026/08/20 9:53:45,完了,クレジットカード,石井 静,2992401,千葉県,南房総市,富浦町南無谷2240,09093988160,,7150,0,0,0,650,0,500,出荷済,未保留,680662168244,自社倉庫,石井 静,2992401,千葉県,南房総市,富浦町南無谷2240,09093988160,メール便,,,,,,,2026/08/20 10:59:16,日本郵便,si-08r-2-20,71032-00001082,老眼鏡 栞 遠近両用 累進 多焦点 調光 リーディンググラス ブルーライトカット uvカット サングラス コンパクト 折り畳み 眼鏡 メガネ 鯖江 SI-08R,1,7150,10,650,1,通常,0,,,,
223537971,楽天市場,67419,株式会社サンリーブ【Ｒ】,361684-20260820-0282549365,2026/08/20 10:12:55,2026/08/20 10:13:56,完了,クレジットカード,中田 乃里衣,933-0866,富山県,高岡市,清水町3-1-52,0766-28-7317,[配送日時指定:],5500,0,0,0,500,106,400,出荷済,未保留,680662168255,自社倉庫,中田 乃里衣,933-0866,富山県,高岡市,清水町3-1-52,0766-28-7317,メール便,,,,,,,2026/08/20 10:59:17,日本郵便,si-10-1-20,71032-00001103,【8/20 24H限定クーポン価格】栞 老眼鏡 リーディンググラス ツートンカラー ブルーライトカット 薄型 非球面レンズ 折りたたみ式 コンパクト 薄い 軽い レディース 女性用 おしゃれ お洒落 旅行用 携帯用 特許商品 鯖江メーカーデザイン SHIORI SI-10,1,5500,10,500,1,通常,0,,,,指定なし
223538379,Yahoo!ショッピング,67572,株式会社サンリーブ【Ｙ】,glass-garden-10044650,2026/08/20 10:13:57,2026/08/20 10:18:19,完了,PayPay,綿古里 優子,2620046,千葉県,千葉市花見川区花見川,3-19-101,09015524455,,3960,0,0,0,360,0,0,出荷済,未保留,203891042213,RFC倉庫,綿古里 優子,2620046,千葉県,千葉市花見川区花見川,3-19-101,09015524455,宅配便,2026/08/21,,,,,A00000029948,2026/08/20 10:51:25,日本郵便,fll-006-1-15,71032-00000577,老眼鏡 おしゃれ レディース フチなし リムレス 軽量 軽い リーディンググラス シニアグラス 女性 老眼 眼鏡 メガネ 鯖江 FEELLIFE FLL-006,1,3960,10,360,1,優先配送,0,,,,
223542905,Yahoo!ショッピング,67572,株式会社サンリーブ【Ｙ】,glass-garden-10044651,2026/08/20 10:58:36,2026/08/20 11:03:12,完了,クレジットカード,久保田 智久,6511111,兵庫県,神戸市北区,鈴蘭台北町 ３丁目１２-２３,09030514234,,3960,0,0,0,360,0,0,出荷済,未保留,203891042482,RFC倉庫,久保田 智久,6511111,兵庫県,神戸市北区,鈴蘭台北町 ３丁目１２-２３,09030514234,宅配便,2026/08/21,,,,,A00000029949,2026/08/20 11:21:06,日本郵便,flc-002-1-25,71032-00000493,老眼鏡 おしゃれ ヴィンテージ クラシック レディース メンズ リーディンググラス シニアグラス 老眼 眼鏡 メガネ 鯖江 FEELLIFE FLC-002,1,3960,10,360,1,優先配送,0,,,,
223545048,楽天市場,67419,株式会社サンリーブ【Ｒ】,361684-20260820-0296149661,2026/08/20 11:23:00,2026/08/20 11:24:42,完了,クレジットカード,木本 美智子,799-2204,愛媛県,今治市,大西町大井浜4-9,090-1003-4394,[配送日時指定:],5500,0,0,0,500,1000,400,出荷済,未保留,680674881961,自社倉庫,木本 美智子,799-2204,愛媛県,今治市,大西町大井浜4-9,090-1003-4394,メール便,,,,,,,2026/08/20 13:21:36,日本郵便,fisi-05-3-15,71032-00000377,【8/20 24H限定クーポン価格】栞 老眼鏡 リーディンググラス ブルーライトカット 薄型 非球面レンズ 折りたたみ式 コンパクト 薄い 軽い レディース メンズ おしゃれ お洒落 シニアグラス 旅行 携帯用 特許商品 丸メガネ 鯖江メーカーデザイン SHIORI FISI-05,1,5500,10,500,1,通常,0,,,,指定なし
223547460,楽天市場,67419,株式会社サンリーブ【Ｒ】,361684-20260820-0619849356,2026/08/20 11:49:39,2026/08/20 11:51:17,完了,クレジットカード,小野 茉莉江,020-0542,岩手県,岩手郡雫石町,万田渡43-3,090-8926-9876,[配送日時指定:]2026-08-21(金),1001,0,0,0,91,101,0,出荷済,未保留,490785400022,自社倉庫,小野 茉莉江,020-0542,岩手県,岩手郡雫石町,万田渡43-3,090-8926-9876,宅配便,2026/08/21,,,,,,2026/08/20 13:21:51,ヤマト運輸,hy-8042-blk,71032-00001331,メガネケース ハード コンパクト 小さめ 軽量 シンプル デザイン 上品 本革 風 PUレザー ファブリック調 おしゃれ 低価格 女性用 男性用 メガネ 眼鏡 めがね サングラス PCメガネ 老眼鏡 マグネットタイプ 眼鏡ケース 贈り物 HY-8042,1,1001,10,91,1,優先配送,0,,,,指定なし
223548961,楽天市場,67419,株式会社サンリーブ【Ｒ】,361684-20260820-0302949684,2026/08/20 12:07:20,2026/08/20 12:08:21,完了,クレジットカード,渡辺 浩一,360-0023,埼玉県,熊谷市,佐谷田3951-1,090-2324-4902,[配送日時指定:],770,0,0,0,70,70,0,出荷済,未保留,680662168266,自社倉庫,渡辺 浩一,360-0023,埼玉県,熊谷市,佐谷田3951-1,090-2324-4902,メール便,,,,,,,2026/08/21 11:02:42,日本郵便,a-62-brn,71032-00001474,栞 メガネケース 老眼鏡 SHIORI 全モデル対応 大きめサイズ リーディンググラス しおり スリム おしゃれ レディース メンズ 折りたたみ 薄型 ブラック ブラウン ベージュ A-62,1,770,10,70,1,通常,0,,,,指定なし
223549512,楽天市場,67419,株式会社サンリーブ【Ｒ】,361684-20260820-0298649393,2026/08/20 12:13:53,2026/08/20 12:15:03,完了,クレジットカード,古藤 博文,448-0011,愛知県,刈谷市,築地町3丁目25-1,090-5614-9652,[配送日時指定:]2026-08-21(金)18:00-20:00,1760,0,0,0,160,260,0,出荷済,未保留,490785400033,自社倉庫,古藤 博文,448-0011,愛知県,刈谷市,築地町3丁目25-1,090-5614-9652,宅配便,2026/08/21,1820,,,,,2026/08/20 13:21:54,ヤマト運輸,b-120-blk,71032-00000088,サングラスケース メガネケース 大きめ 軽量 おしゃれ フック付き カナビナ対応ベルト ハードケース アウトドア スポーツ めがね 眼鏡 老眼鏡 大人 子供 リュック カーキ ブラウン ブラック 迷彩 グリーン ベージュ b-120 父の日,1,1760,10,160,1,優先配送,0,,,,指定なし
223555205,楽天市場,67419,株式会社サンリーブ【Ｒ】,361684-20260820-0284649324,2026/08/20 13:11:48,2026/08/20 13:12:50,完了,クレジットカード,鈴木 敏子,123-0855,東京都,足立区,本木南町4-4,03-3849-7495,[配送日時指定:],4400,0,0,0,400,0,0,出荷済,未保留,490798276205,自社倉庫,鈴木 敏子,123-0855,東京都,足立区,本木南町4-4,03-3849-7495,宅配便,,,,,,,2026/08/24 9:03:54,ヤマト運輸,mor-001-1-35,71032-00001291,【8/20 24H限定クーポン価格】MOOMIN 老眼鏡 首掛け おしゃれ レディース ブルーライトカット 紫外線 uvカット かわいい 可愛い ムーミン リトルミィ スナフキン リーディンググラス シニアグラス メガネ 女性 40代 50代 60代 プレゼント ギフト MOR-001,1,4400,10,400,1,通常,0,,,,指定なし
223557449,楽天市場,67419,株式会社サンリーブ【Ｒ】,361684-20260820-0388249417,2026/08/20 13:36:31,2026/08/20 13:38:22,完了,クレジットカード,池上 賢治,373-0022,群馬県,太田市,東金井町1061-2,0276-22-7570,[配送日時指定:],7920,0,0,0,720,920,0,出荷済,未保留,490789983924,自社倉庫,池上 賢治,373-0022,群馬県,太田市,東金井町1061-2,0276-22-7570,宅配便,,,,,,,2026/08/21 10:42:25,ヤマト運輸,hinoki-01-3,71032-00001604,【8/20 24H限定クーポン価格】ひのき屋 ひのき 枕 まくら 純国産 檜 ヒノキ 消臭 抗菌 防虫 防カビ カバー付き チップ入り 洗える ピロー 首枕 小さめ 寝心地 自然の香り 続く 快眠 安眠 おしゃれ ナチュラル インテリア リラックス 日本製 誕生日,1,3960,10,360,1,通常,0,,,,指定なし
223557449,楽天市場,67419,株式会社サンリーブ【Ｒ】,361684-20260820-0388249417,2026/08/20 13:36:31,2026/08/20 13:38:22,完了,クレジットカード,池上 賢治,373-0022,群馬県,太田市,東金井町1061-2,0276-22-7570,[配送日時指定:],7920,0,0,0,720,920,0,出荷済,未保留,490789983924,自社倉庫,池上 賢治,373-0022,群馬県,太田市,東金井町1061-2,0276-22-7570,宅配便,,,,,,,2026/08/21 10:42:25,ヤマト運輸,hinoki-01-4,71032-00001605,【8/20 24H限定クーポン価格】ひのき屋 ひのき 枕 まくら 純国産 檜 ヒノキ 消臭 抗菌 防虫 防カビ カバー付き チップ入り 洗える ピロー 首枕 小さめ 寝心地 自然の香り 続く 快眠 安眠 おしゃれ ナチュラル インテリア リラックス 日本製 誕生日,1,3960,10,360,1,通常,0,,,,指定なし
223561326,Yahoo!ショッピング,67572,株式会社サンリーブ【Ｙ】,glass-garden-10044652,2026/08/20 14:19:31,2026/08/20 14:23:07,完了,PayPay,田村 妙子,3890802,長野県,千曲市,大字内川556-3,08069366505,,3850,0,0,0,350,174,0,出荷済,未保留,203891089242,RFC倉庫,田村 妙子,3890802,長野県,千曲市,大字内川556-3,08069366505,宅配便,2026/08/22,,,,,A00000029950,2026/08/20 14:41:34,日本郵便,spc-006-1-25,71032-00001181,老眼鏡 北欧柄 おしゃれ レディース ブルーライトカット リーディンググラス シニアグラス 女性 老眼 眼鏡 メガネ 鯖江 ケース付 SPC-006,1,3850,10,350,1,通常,0,,,,
223565070,楽天市場,67419,株式会社サンリーブ【Ｒ】,361684-20260820-0345549371,2026/08/20 15:06:05,2026/08/20 15:07:27,完了,クレジットカード,松村 重子,600-8241,京都府,京都市,下京区志水町１２８?２,075-352-1753,[配送日時指定:],2750,0,0,0,250,0,0,出荷済,未保留,680662168270,自社倉庫,松村 重子,600-8241,京都府,京都市,下京区志水町１２８?２,075-352-1753,メール便,,,,,,,2026/08/21 11:02:46,日本郵便,fll-4000-2-05,71032-00001974,老眼鏡 0.5度数から おしゃれ レディース ブルーライトカット 紫外線 uv ボストン かわいい メガネ 老眼 度付き リーディンググラス 30代 40代 50代 女性 クラシック クリアカラー シニアグラス FEELLIFE FLL-4000,1,2750,10,250,1,通常,0,,,,指定なし
223565549,Yahoo!ショッピング,67572,株式会社サンリーブ【Ｙ】,glass-garden-10044653,2026/08/20 15:11:16,2026/08/20 15:13:11,完了,PayPayあと払い,葛西 綾,4700162,愛知県,愛知郡東郷町,春木涼松228-6 ヒルズシャトー2 102号室,09051177072,,1760,0,0,0,160,80,0,出荷済,未保留,680662168281,自社倉庫,葛西 綾,4700162,愛知県,愛知郡東郷町,春木涼松228-6 ヒルズシャトー2 102号室,09051177072,メール便,,,,,,,2026/08/21 11:02:47,日本郵便,fi5099-12,71032-00000294,サングラス レディース おしゃれ 伊達メガネ uvカット 紫外線 対策 ボストン かわいい 丸メガネ 眼鏡 鯖江 ケース メガネ拭き付き FI5099,1,1760,10,160,1,通常,0,,,,
223566805,楽天市場,67419,株式会社サンリーブ【Ｒ】,361684-20260820-0376149585,2026/08/20 15:27:49,2026/08/20 15:28:50,完了,クレジットカード,秋田 倫花,104-0044,東京都,中央区,明石町1-35 明石寮,080-4142-1307,[配送日時指定:]2026-08-22(土)午前中,7920,0,0,0,720,0,400,出荷済,未保留,490789983935,自社倉庫,秋田 倫花,104-0044,東京都,中央区,明石町1-35 明石寮,080-4142-1307,宅配便,2026/08/22,0812,,,,,2026/08/21 10:42:29,ヤマト運輸,clt01-l-cm,71032-00001732,【8/20 24H限定クーポン価格】colm 日本製 レザートレイ Lサイズ 本革 メガネトレー キャッシュトレー おしゃれ 長方形 レザートレー 小物入れ 革 トレイ ペントレー アクセサリートレイ 立体 収納 ケース 眼鏡置き トレー キャッシュトレイ ギフト CLT01-L,1,7920,10,720,1,優先配送,0,,,,指定なし
223570319,Yahoo!ショッピング,67572,株式会社サンリーブ【Ｙ】,glass-garden-10044654,2026/08/20 15:57:37,2026/08/20 16:13:25,完了,PayPayあと払い,岡崎 信賢,3370016,埼玉県,さいたま市見沼区,東門前436-1 エステスクエア大宮東705,09017037768,,1760,0,0,0,160,48,0,出荷済,未保留,490789983946,自社倉庫,岡崎 信賢,3370016,埼玉県,さいたま市見沼区,東門前436-1 エステスクエア大宮東705,09017037768,宅配便,,,,,,,2026/08/21 10:42:30,ヤマト運輸,fi2002-1,71032-00000244,サングラス メンズ ミラーレンズ かっこいい ちょい悪 ワル おしゃれ ブロータイプ 紫外線 uvカット 鯖江 ケース メガネ拭き付き FEELLIFE FI2002,1,1760,10,160,1,通常,0,,,,
223570787,楽天市場,67419,株式会社サンリーブ【Ｒ】,361684-20260820-0364449286,2026/08/20 16:17:49,2026/08/20 16:18:53,完了,クレジットカード,渡辺 紀子,175-0082,東京都,板橋区,高島平9-4-7パークホームズ西台302,03-6909-7457,[配送日時指定:]2026-08-22(土)指定なし,3850,0,0,0,350,0,0,出荷済,未保留,369838187305,RFC倉庫,渡辺 紀子,175-0082,東京都,板橋区,高島平9-4-7パークホームズ西台302,03-6909-7457,宅配便,2026/08/22,,,,,A00000029951,2026/08/20 16:31:06,日本郵便,spc-007-2-20,71032-00001188,【8/20 24H限定クーポン価格】老眼鏡 北欧柄 おしゃれ レディース ブルーライトカット かわいい 可愛い 女性 リーディンググラス ボストン ストライプ シニアグラス 肌に馴染むカラー お揃い柄ケース付 40代 50代 60代  +1.0から SCANDINAVIAN PATTERN SPC-007,1,3850,10,350,1,優先配送,0,,,,宅配ボックス
223571338,楽天市場,67419,株式会社サンリーブ【Ｒ】,361684-20260820-0330949292,2026/08/20 16:23:49,2026/08/20 16:25:29,完了,コンビニ決済,大関 享,090-0067,北海道,北見市,緑ケ丘3丁目7-21,090-3397-4006,[配送日時指定:],880,0,0,0,80,0,0,出荷済,未保留,490789983950,自社倉庫,大関 享,090-0067,北海道,北見市,緑ケ丘3丁目7-21,090-3397-4006,宅配便,,,,,,,2026/08/21 10:42:30,ヤマト運輸,hy-6219-blk,71032-00001318,メガネケース 本革 風 合成皮革 PUレザー おしゃれ シンプル 大人 レトロ クラシカル シック ハードケース 低価格 女性用 男性用 サングラス PCメガネ 老眼鏡 眼鏡 メガネ ブラック ブラウン プレゼント ギフト 贈り物 HY-6219,1,880,10,80,1,通常,0,,,,指定なし
223572767,Yahoo!ショッピング,67572,株式会社サンリーブ【Ｙ】,glass-garden-10044655,2026/08/20 16:40:27,2026/08/20 16:43:13,完了,PayPay,守谷 佳子,7391741,広島県,広島市安佐北区,真亀2-13-10-407,08046145489,,3630,0,0,0,330,165,0,出荷済,未保留,203891089264,RFC倉庫,守谷 佳子,7391741,広島県,広島市安佐北区,真亀2-13-10-407,08046145489,宅配便,2026/08/22,,,,,A00000029952,2026/08/20 17:01:39,日本郵便,fll-3004-3-25,71032-00001464,老眼鏡 おしゃれ ブルーライトカット +0.5から レディース メンズ リーディンググラス シニアグラス 老眼 眼鏡 メガネ 鯖江 FEELLIFE FLL-3004,1,3630,10,330,1,通常,0,,,,
223573585,楽天市場,67419,株式会社サンリーブ【Ｒ】,361684-20260820-0379349437,2026/08/20 16:51:38,2026/08/20 16:53:25,完了,クレジットカード,坂中 瑞穂,517-0603,三重県,志摩市,大王町波切 3717-5,090-2264-9483,[配送日時指定:],3300,0,0,0,300,0,200,出荷済,未保留,680662168292,自社倉庫,坂中 瑞穂,517-0603,三重県,志摩市,大王町波切 3717-5,090-2264-9483,メール便,,,,,,,2026/08/21 11:02:47,日本郵便,ph5099-1,71032-00000925,【8/20 24H限定クーポン価格】【8月31日までセール価格】調光 サングラス UVカット 紫外線 ブルーライトカット レディース メンズ 伊達メガネ カラーレンズ おしゃれ 眼鏡 ボストン 女性  ブランド ファッション バイカラーケース付 鯖江メーカーデザイン GG eyewear ph5099,1,3300,10,300,1,通常,0,,,,指定なし
223574703,楽天市場,67419,株式会社サンリーブ【Ｒ】,361684-20260820-0366549377,2026/08/20 17:06:27,2026/08/20 17:07:30,完了,クレジットカード,山本 由紀子,930-1305,富山県,富山市,下番３６１?２６,090-4327-4907,[配送日時指定:]2026-08-23(日)午前中,3850,0,0,0,350,0,200,出荷済,未保留,203891089765,RFC倉庫,山本 由紀子,930-1305,富山県,富山市,下番３６１?２６,090-4327-4907,宅配便,2026/08/23,0812,,,,A00000029953,2026/08/20 17:51:28,日本郵便,spc-009-1-20,71032-00001567,【8/20 24H限定クーポン価格】老眼鏡 北欧柄 おしゃれ レディース クラウンパント ブルーライトカット かわいい 可愛い 女性 リーディンググラス シニアグラス 初めての老眼鏡 ケース メガネ拭き 贈り物 プレゼント ギフト SCANDINAVIAN PATTERN SPC-009,1,3850,10,350,1,通常,0,,,,指定なし
223576834,楽天市場,67419,株式会社サンリーブ【Ｒ】,361684-20260820-0421949454,2026/08/20 17:32:03,2026/08/20 17:33:04,完了,クレジットカード,藤野 純子,675-1343,兵庫県,小野市,来住町63-1,0794-62-5832,[配送日時指定:]2026-08-22(土)宅配ボックスに入れてください,3630,0,0,0,330,450,200,出荷済,未保留,203891089312,RFC倉庫,藤野 純子,675-1343,兵庫県,小野市,来住町63-1（宅配ボックスへ）,0794-62-5832,宅配便,2026/08/22,,,,,A00000029954,2026/08/20 17:56:16,日本郵便,fll-3004-3-25,71032-00001464,【8/20 24H限定クーポン価格】老眼鏡 0.5から おしゃれ レディース ブルーライトカット 紫外線 uv ボストン かわいい メガネ 老眼 度付き リーディンググラス 30代 40代 50代 女性 クラシック 黒縁 ニュアンスカラー シニアグラス 丸眼鏡 FEELLIFE FLL-3004,1,3630,10,330,1,優先配送,0,,,,宅配ボックス
223577226,楽天市場,67419,株式会社サンリーブ【Ｒ】,361684-20260820-0396049343,2026/08/20 17:36:12,2026/08/20 17:38:04,完了,クレジットカード,後藤田 佳愛,776-0010,徳島県,吉野川市,鴨島町鴨島274-3,090-4500-8342,[配送日時指定:],3300,0,0,0,300,0,0,出荷済,未保留,680662168303,自社倉庫,後藤田 佳愛,776-0010,徳島県,吉野川市,鴨島町鴨島274-3,090-4500-8342,メール便,,,,,,,2026/08/21 11:02:48,日本郵便,ph5099-12,71032-00001818,【8/20 24H限定クーポン価格】【8月31日までセール価格】調光 サングラス UVカット 紫外線 ブルーライトカット レディース メンズ 伊達メガネ カラーレンズ おしゃれ 眼鏡 ボストン 女性  ブランド ファッション バイカラーケース付 鯖江メーカーデザイン GG eyewear ph5099,1,3300,10,300,1,通常,0,,,,指定なし
223578088,Yahoo!ショッピング,67572,株式会社サンリーブ【Ｙ】,glass-garden-10044656,2026/08/20 17:46:36,2026/08/20 17:48:27,完了,クレジットカード,佐藤 三紀夫,1680072,東京都,杉並区,高井戸東３-２８-１８ グランピラー高井戸1201,08040020201,,8250,0,0,0,750,0,0,出荷済,未保留,680662168314,自社倉庫,佐藤 三紀夫,1680072,東京都,杉並区,高井戸東３-２８-１８ グランピラー高井戸1201,08040020201,メール便,,,,,,,2026/08/21 11:02:49,日本郵便,si-13ph-2-20,71032-00001549,老眼鏡 栞 跳ね上げ式 調光レンズ ブルーライトカット メンズ レディース リーディンググラス 折りたたみ 老眼 眼鏡 メガネ 鯖江 SHIORI SI-13PH,1,8250,10,750,1,通常,0,,,,
223580645,楽天市場,67419,株式会社サンリーブ【Ｒ】,361684-20260820-0408149652,2026/08/20 18:17:41,2026/08/20 18:19:04,完了,クレジットカード,田中 ユリカ,125-0041,東京都,葛飾区,東金町4-39-4-207,080-5886-3093,[配送日時指定:],3300,0,0,0,300,100,200,出荷済,未保留,680662168325,自社倉庫,田中 ユリカ,125-0031,東京都,葛飾区,西水元5-5-10,080-5886-3093,メール便,,,,,,,2026/08/21 11:02:49,日本郵便,ph5099-1,71032-00000925,【8/20 24H限定クーポン価格】【8月31日までセール価格】調光 サングラス UVカット 紫外線 ブルーライトカット レディース メンズ 伊達メガネ カラーレンズ おしゃれ 眼鏡 ボストン 女性  ブランド ファッション バイカラーケース付 鯖江メーカーデザイン GG eyewear ph5099,1,3300,10,300,1,通常,0,,,,指定なし
223584352,楽天市場,67419,株式会社サンリーブ【Ｒ】,361684-20260820-0399249695,2026/08/20 19:02:37,2026/08/20 19:03:41,完了,クレジットカード,清水 英美子,164-0001,東京都,中野区,中野1-52-15 (駐車場奥),03-3371-7758,[配送日時指定:],660,0,0,0,60,0,0,出荷済,未保留,680662168336,自社倉庫,清水 英美子,164-0001,東京都,中野区,中野1-52-15 (駐車場奥),03-3371-7758,メール便,,,,,,,2026/08/21 11:02:50,日本郵便,p370pu,71032-00001392,栞 メガネケース 老眼鏡 SHIORI SI-09 SI-10 専用 リーディンググラス しおり スリム おしゃれ メンズ レディース 折りたたみ 薄型 P370PU,1,660,10,60,1,通常,0,,,,指定なし
223585638,楽天市場,67419,株式会社サンリーブ【Ｒ】,361684-20260820-0419449710,2026/08/20 19:17:29,2026/08/20 19:18:30,完了,クレジットカード,岸本 麻衣,253-0101,神奈川県,高座郡寒川町,倉見1111-3,080-3475-4482,[配送日時指定:],7150,0,0,0,650,1534,400,出荷済,未保留,680662168340,自社倉庫,岸本 麻衣,253-0101,神奈川県,高座郡寒川町,倉見1111-3,080-3475-4482,メール便,,,,,,,2026/08/21 11:02:50,日本郵便,si-13-2-15,71032-00001397,【8/20 24H限定クーポン価格】栞 老眼鏡 跳ね上げ式 リーディンググラス ブルーライトカット 薄型 非球面レンズ 折りたたみ式 コンパクト 薄い 軽い レディース メンズ おしゃれ シニアグラス 旅行 携帯 ラウンド 丸メガネ 鯖江メーカーデザイン SHIORI SI-13,1,7150,10,650,1,通常,0,,,,指定なし
223586137,楽天市場,67419,株式会社サンリーブ【Ｒ】,361684-20260820-0412849627,2026/08/20 19:22:28,2026/08/20 19:23:36,完了,クレジットカード,福原 美寿々,036-0541,青森県,黒石市,北美町2-58-18,0172-52-2096,[配送日時指定:],4180,0,0,0,380,0,0,出荷済,未保留,680662168351,自社倉庫,福原 美寿々,036-0541,青森県,黒石市,北美町2-58-18,0172-52-2096,メール便,,,,,,,2026/08/21 11:02:51,日本郵便,gg5099-1-30,71032-00000769,【8/20 24H限定クーポン価格】メガネ 度付き 度入り 眼鏡 UVカット ブルーライトカット 近視 お得 レディース メンズ おしゃれ 可愛い かわいい ボストン 予備 エマージェンシー  セカンドメガネ バイカラーケース 鯖江メーカーデザイン GG eyewear gg5099,1,4180,10,380,1,通常,0,,,,指定なし
223586874,楽天市場,67419,株式会社サンリーブ【Ｒ】,361684-20260820-0373349602,2026/08/20 19:30:15,2026/08/20 19:31:17,完了,クレジットカード,平井 洋永,707-0204,岡山県,美作市,右手 383,090-7990-9464,[配送日時指定:]指定なし,3630,0,0,0,330,0,200,出荷済,未保留,203891179774,RFC倉庫,平井 洋永,707-0204,岡山県,美作市,右手 383,090-7990-9464,宅配便,,,,,,A00000029955,2026/08/20 20:16:13,日本郵便,fll-3000-1-05,71032-00001579,【8/20 24H限定クーポン価格】老眼鏡 0.5から おしゃれ レディース ブルーライトカット 紫外線 uv ボストン かわいい シニアグラス リーディンググラス 軽い 軽量 人気 シンプル プレゼント 30代 40代 50代 女性 ケース付 鯖江デザイン FEELLIFE FLL3000,1,3630,10,330,1,通常,0,,,,玄関前
223595284,楽天市場,67419,株式会社サンリーブ【Ｒ】,361684-20260820-0471549694,2026/08/20 20:39:48,2026/08/20 20:41:09,完了,クレジットカード,河野 和夫,676-0046,兵庫県,高砂市,高砂町西宮町389-2,090-5641-4070,[配送日時指定:]2026-08-22(土)19:00-21:00,4400,0,0,0,400,0,0,出荷済,未保留,203891089216,RFC倉庫,河野 和夫,676-0046,兵庫県,高砂市,高砂町西宮町389-2,090-5641-4070,宅配便,2026/08/22,1921,,,,A00000029956,2026/08/20 20:52:05,日本郵便,flm-002-1-30,71032-00000646,【8/20 24H限定クーポン価格】老眼鏡 メンズ おしゃれ かっこいい クール シャープ スタイリッシュ ちょいワル リーディンググラス シニアグラス リムレス スクエア シルバーマット ブルーマット 男性用 ギフト 鯖江メーカーデザイン FEELLIFE FLM-002,1,4400,10,400,1,優先配送,0,,,,指定なし
223595641,楽天市場,67419,株式会社サンリーブ【Ｒ】,361684-20260820-0474549571,2026/08/20 20:42:25,2026/08/20 20:43:42,完了,クレジットカード,武島 正典,583-0866,大阪府,羽曳野市,埴生野577-22,090-1586-5467,[配送日時指定:]2026-08-22(土)16:00-18:00,8800,0,0,0,800,0,0,出荷済,未保留,203891113112,RFC倉庫,武島 正典,583-0866,大阪府,羽曳野市,埴生野577-22,090-1586-5467,宅配便,2026/08/22,1618,,,,A00000029957,2026/08/20 21:01:24,日本郵便,flm-001-2-15,71032-00000631,【8/20 24H限定クーポン価格】老眼鏡 メンズ おしゃれ かっこいい シャープ スタイリッシュ お洒落 ちょいワル リーディンググラス シニアグラス メタル ハーフリム スクエア シルバー ブラック 男性用 ギフト 鯖江メーカーデザイン FEELLIFE FLM-001,2,4400,10,400,1,優先配送,0,,,,指定なし
223597681,Yahoo!ショッピング,67572,株式会社サンリーブ【Ｙ】,glass-garden-10044657,2026/08/20 20:55:45,2026/08/20 20:58:12,完了,PayPay,守田 幸雄,4730914,愛知県,豊田市若林東町,竹陽53-4,0565527543,,3960,0,0,0,360,0,0,出荷済,未保留,203891088785,RFC倉庫,守田 幸雄,4730914,愛知県,豊田市若林東町,竹陽53-4,0565527543,宅配便,2026/08/22,,,,,A00000029958,2026/08/20 21:21:15,日本郵便,fll-006-2-30,71032-00000584,老眼鏡 おしゃれ レディース フチなし リムレス 軽量 軽い リーディンググラス シニアグラス 女性 老眼 眼鏡 メガネ 鯖江 FEELLIFE FLL-006,1,3960,10,360,1,通常,0,,,,
223600013,楽天市場,67419,株式会社サンリーブ【Ｒ】,361684-20260820-0456849314,2026/08/20 21:12:39,2026/08/20 21:14:26,完了,クレジットカード,黒田 淳子,211-0063,神奈川県,川崎市中原区,小杉町3-600 K3Aザ・レジデンス1911,090-4131-6613,[配送日時指定:]2026-08-22(土)午前中,3630,0,0,0,330,0,200,出荷済,未保留,187120671463,RFC倉庫,黒田 淳子,211-0063,神奈川県,川崎市中原区,小杉町3-600 K3Aザ・レジデンス1911,090-4131-6613,宅配便,2026/08/22,0812,,,,A00000029959,2026/08/20 21:31:17,日本郵便,fll-3000-2-15,71032-00000596,【8/20 24H限定クーポン価格】老眼鏡 0.5から おしゃれ レディース ブルーライトカット 紫外線 uv ボストン かわいい シニアグラス リーディンググラス 軽い 軽量 人気 シンプル プレゼント 30代 40代 50代 女性 ケース付 鯖江デザイン FEELLIFE FLL3000,1,3630,10,330,1,優先配送,0,,,,指定なし
223602776,楽天市場,67419,株式会社サンリーブ【Ｒ】,361684-20260820-0500349686,2026/08/20 21:32:07,2026/08/20 21:33:09,完了,クレジットカード,黒川 愛莉,350-1301,埼玉県,狭山市,青柳63-6-402,080-5022-9672,[配送日時指定:]2026-08-22(土)指定なし,880,0,0,0,80,180,0,出荷済,未保留,490789983961,自社倉庫,黒川 愛莉,350-1301,埼玉県,狭山市,青柳63-6-402,080-5022-9672,宅配便,2026/08/22,,,,,,2026/08/21 10:42:31,ヤマト運輸,hy-6219-brn,71032-00001319,メガネケース 本革 風 合成皮革 PUレザー おしゃれ シンプル 大人 レトロ クラシカル シック ハードケース 低価格 女性用 男性用 サングラス PCメガネ 老眼鏡 眼鏡 メガネ ブラック ブラウン プレゼント ギフト 贈り物 HY-6219,1,880,10,80,1,優先配送,0,,,,指定なし
223603525,Yahoo!ショッピング,67572,株式会社サンリーブ【Ｙ】,glass-garden-10044658,2026/08/20 21:34:28,2026/08/20 21:38:12,完了,PayPay,岩下 彰夫,3350034,埼玉県,戸田市,笹目1-4-7 シャーメゾンフローラ  303号室,08065415018,,4400,0,0,0,400,198,0,出荷済,未保留,187120671485,RFC倉庫,岩下 彰夫,3350034,埼玉県,戸田市,笹目1-4-7 シャーメゾンフローラ  303号室,08065415018,宅配便,2026/08/22,,,,,A00000029960,2026/08/20 22:01:25,日本郵便,flm-006-2-25,71032-00000685,老眼鏡 メンズ おしゃれ かっこいい リーディンググラス シニアグラス メタルフレーム ナイロール 老眼 眼鏡 メガネ 鯖江 FEELLIFE FLM-006,1,4400,10,400,1,通常,0,,,,
223603930,楽天市場,67419,株式会社サンリーブ【Ｒ】,361684-20260820-0493749603,2026/08/20 21:39:32,2026/08/20 21:41:02,完了,クレジットカード,岩永 理紗,277-0054,千葉県,柏市,南増尾1-20-1-228,04-7176-3309,[配送日時指定:],3300,0,0,0,300,1100,200,出荷済,未保留,680662168362,自社倉庫,岩永 理紗,277-0054,千葉県,柏市,南増尾1-20-1-228,04-7176-3309,メール便,,,,,,,2026/08/21 11:02:53,日本郵便,ph5099-12,71032-00001818,【8/20 24H限定クーポン価格】【8月31日までセール価格】調光 サングラス UVカット 紫外線 ブルーライトカット レディース メンズ 伊達メガネ カラーレンズ おしゃれ 眼鏡 ボストン 女性  ブランド ファッション バイカラーケース付 鯖江メーカーデザイン GG eyewear ph5099,1,3300,10,300,1,通常,0,,,,指定なし
223604281,Yahoo!ショッピング,67572,株式会社サンリーブ【Ｙ】,glass-garden-10044659,2026/08/20 21:38:26,2026/08/20 21:43:03,完了,PayPay,盛武 厚代,8890102,宮崎県,延岡市,北川町長井3912,09084065552,,880,0,0,0,80,0,0,出荷済,未保留,490789983972,自社倉庫,盛武 厚代,8890102,宮崎県,延岡市,北川町長井3912,09084065552,宅配便,,,,,,,2026/08/21 10:42:31,ヤマト運輸,hy-6219-brn,71032-00001319,メガネケース おしゃれ 本革 風 シンプル ハード 収納 クラシカル メガネ 眼鏡 サングラス 老眼鏡 メンズ レディース 贈り物 HY-6219,1,880,10,80,1,通常,0,,,,
223604755,楽天市場,67419,株式会社サンリーブ【Ｒ】,361684-20260820-0412749629,2026/08/20 21:44:42,2026/08/20 21:46:11,完了,クレジットカード,木村 茂生,612-0805,京都府,京都市伏見区,深草開土口町5-31 株式会社薬力亭,090-9624-5929,[配送日時指定:]18:00-20:00,1650,0,0,0,150,0,0,出荷済,未保留,490789983983,自社倉庫,木村 美和,612-0806,京都府,京都市伏見区,深草開土町75-6,090-9624-8687,宅配便,,1820,,,,,2026/08/21 10:42:32,ヤマト運輸,standenpitsu-green,71032-00001201,メガネスタンド かわいい おしゃれ 鉛筆型 ペン立て メガネ立て サングラス PCメガネ 老眼鏡 インテリア カラフル ブルー ピンク グリーン 小学生 中学生 STANDENPITSU,1,1650,10,150,1,通常,0,,,,指定なし
223606691,楽天市場,67419,株式会社サンリーブ【Ｒ】,361684-20260820-0289249745,2026/08/20 21:57:46,2026/08/20 21:58:58,完了,クレジットカード,芦立 奈美江,983-0824,宮城県,仙台市宮城野区,鶴ケ谷6-4-2棟301,090-5350-4080,[配送日時指定:]2026-08-24(月)午前中,3630,0,0,0,330,0,200,出荷済,未保留,203891145975,RFC倉庫,芦立 奈美江,983-0824,宮城県,仙台市宮城野区,鶴ケ谷6-4-2棟301,090-5350-4080,宅配便,2026/08/24,0812,,,,A00000029962,2026/08/20 22:42:07,日本郵便,fll-3004-1-10,71032-00001453,【8/20 24H限定クーポン価格】老眼鏡 0.5から おしゃれ レディース ブルーライトカット 紫外線 uv ボストン かわいい メガネ 老眼 度付き リーディンググラス 30代 40代 50代 女性 クラシック 黒縁 ニュアンスカラー シニアグラス 丸眼鏡 FEELLIFE FLL-3004,1,3630,10,330,1,通常,0,,,,指定なし
223607078,楽天市場,67419,株式会社サンリーブ【Ｒ】,361684-20260820-0482749666,2026/08/20 21:59:46,2026/08/20 22:01:21,完了,クレジットカード,小林 理恵,513-0011,三重県,鈴鹿市,高塚町1841-177,059-367-2238,[配送日時指定:]2026-08-22(土)16:00-18:00,3850,0,0,0,350,0,200,出荷済,未保留,203891089791,RFC倉庫,小林 理恵,513-0011,三重県,鈴鹿市,高塚町1841-177,059-367-2238,宅配便,2026/08/22,1618,,,,A00000029961,2026/08/20 22:16:27,日本郵便,spc-006-1-10,71032-00001175,【8/20 24H限定クーポン価格】老眼鏡 北欧柄 おしゃれ レディース ブルーライトカット かわいい 可愛い 女性 リーディンググラス ウェリントン カフェ柄 シニアグラス グレー ワイン お揃い柄ケース付 40代 50代 60代 +1.0から SCANDINAVIAN PATTERN SPC-006,1,3850,10,350,1,優先配送,0,,,,玄関前
223607352,楽天市場,67419,株式会社サンリーブ【Ｒ】,361684-20260820-0545849446,2026/08/20 22:01:59,2026/08/20 22:03:05,完了,クレジットカード,榊原 和美,213-0032,神奈川県,川崎市高津区,久地２ー１２ー31,080-3016-6456,[配送日時指定:],6050,0,0,0,550,0,400,出荷済,未保留,680662168373,自社倉庫,榊原 和美,213-0032,神奈川県,川崎市高津区,久地２ー１２ー31,080-3016-6456,メール便,,,,,,,2026/08/21 11:02:53,日本郵便,gc001-6,71032-00001446,【8/20 24H限定クーポン価格】トリプル オゥ グラスコード メガネチェーン 眼鏡ストラップ おしゃれ 日本製 軽い 金属アレルギー対応 シンプル 老眼鏡 リーディンググラス 刺繍 糸 レディース ユニセックス キュプラ 手洗い可能 TRIPLE O プレゼント ギフト,1,6050,10,550,1,通常,0,,,,指定なし
223607960,au Payマーケット,67574,株式会社サンリーブ【ａ】,746556159,2026/08/20 22:01:00,2026/08/20 22:07:11,完了,ポイント全額払い,清水 佳代,573-0024,大阪府,枚方市田宮本町１４?２５?３１２,,080-6118-6866,,3630,0,0,0,330,3330,300,出荷済,未保留,490789983994,自社倉庫,清水 佳代,573-0024,大阪府,枚方市田宮本町１４?２５?３１２,,080-6118-6866,宅配便,,1416,14:00-16:00,,,,2026/08/21 10:42:32,ヤマト運輸,hy-8113-brown,71032-00000824,眼鏡ケース ハード スリム おしゃれ コンパクト 軽量 メガネケース ハードケース 合成皮革 シンプル マグネット式 HY-8113,3,1210,10,110,1,通常,0,,,,
223611845,楽天市場,67419,株式会社サンリーブ【Ｒ】,361684-20260820-0449049328,2026/08/20 22:30:24,2026/08/20 22:32:01,完了,クレジットカード,神津 優美,388-8006,長野県,長野市,篠ノ井御幣川1051-7,090-6791-4771,[配送日時指定:],4180,0,0,0,380,0,200,出荷済,未保留,680662168384,自社倉庫,神津 優美,388-8006,長野県,長野市,篠ノ井御幣川1051-7,090-6791-4771,メール便,,,,,,,2026/08/21 11:02:55,日本郵便,gg5099-2-30,71032-00000770,【8/20 24H限定クーポン価格】メガネ 度付き 度入り 眼鏡 UVカット ブルーライトカット 近視 お得 レディース メンズ おしゃれ 可愛い かわいい ボストン 予備 エマージェンシー  セカンドメガネ バイカラーケース 鯖江メーカーデザイン GG eyewear gg5099,1,4180,10,380,1,通常,0,,,,指定なし
223614399,楽天市場,67419,株式会社サンリーブ【Ｒ】,361684-20260820-0578249417,2026/08/20 22:48:30,2026/08/20 22:49:39,完了,クレジットカード,松尾 秋代,819-0043,福岡県,福岡市西区,野方1-9-23,092-811-2877,[配送日時指定:],2420,0,0,0,220,0,0,出荷済,未保留,680662168395,自社倉庫,松尾 秋代,819-0043,福岡県,福岡市西区,野方1-9-23,092-811-2877,メール便,,,,,,,2026/08/21 11:02:55,日本郵便,bsc-001-fbl,71032-00001589,メガネケース 大人 かわいい くすみカラー 日本製 眼鏡ケース ストラップ付き おしゃれ レザー調 コンパクト 軽量 スリム バッグに付ける サングラスケース 女性 レディース 持ち運び 老眼鏡ケース 携帯 メガネ入れ ギフト BSC-001,1,2420,10,220,1,通常,0,,,,指定なし
223614942,Yahoo!ショッピング,67572,株式会社サンリーブ【Ｙ】,glass-garden-10044660,2026/08/20 22:50:41,2026/08/20 22:53:26,完了,クレジットカード,鯨津 英昭,8591321,長崎県,雲仙市国見町多比良,甲２１０-２,0957781386,,3960,0,0,0,360,0,300,出荷済,未保留,203891089404,RFC倉庫,鯨津 英昭,8591321,長崎県,雲仙市国見町多比良,甲２１０-２,0957781386,宅配便,2026/08/23,,,,,A00000029963,2026/08/20 23:11:22,日本郵便,flc-002-2-25,71032-00000494,老眼鏡 おしゃれ ヴィンテージ クラシック レディース メンズ リーディンググラス シニアグラス 老眼 眼鏡 メガネ 鯖江 FEELLIFE FLC-002,1,3960,10,360,1,通常,0,,,,
223615641,Yahoo!ショッピング,67572,株式会社サンリーブ【Ｙ】,glass-garden-10044661,2026/08/20 22:55:26,2026/08/20 22:58:05,完了,クレジットカード,長崎 健二,7815451,高知県,香南市,香我美町上分952,0887543013,,7150,0,0,0,650,0,0,出荷済,未保留,680662168406,自社倉庫,長崎 健二,7815451,高知県,香南市,香我美町上分952,0887543013,メール便,,,,,,,2026/08/21 11:02:56,日本郵便,si-08r-2-15,71032-00001079,老眼鏡 栞 遠近両用 累進 多焦点 調光 リーディンググラス ブルーライトカット uvカット サングラス コンパクト 折り畳み 眼鏡 メガネ 鯖江 SI-08R,1,7150,10,650,1,通常,0,,,,
223616895,楽天市場,67419,株式会社サンリーブ【Ｒ】,361684-20260820-0529749456,2026/08/20 23:05:54,2026/08/20 23:07:13,完了,クレジットカード,山田 芳明,990-0021,山形県,山形市,小白川町5-5-11,023-632-0410,[配送日時指定:]2026-08-22(土)18:00-20:00,3850,0,0,0,350,1050,200,出荷済,未保留,203891071510,RFC倉庫,山田 芳明,990-0021,山形県,山形市,小白川町5-5-11,023-632-0410,宅配便,2026/08/22,1820,,,,A00000029964,2026/08/20 23:21:10,日本郵便,spc-006-1-15,71032-00001177,【8/20 24H限定クーポン価格】老眼鏡 北欧柄 おしゃれ レディース ブルーライトカット かわいい 可愛い 女性 リーディンググラス ウェリントン カフェ柄 シニアグラス グレー ワイン お揃い柄ケース付 40代 50代 60代 +1.0から SCANDINAVIAN PATTERN SPC-006,1,3850,10,350,1,優先配送,0,,,,宅配ボックス
223617441,楽天市場,67419,株式会社サンリーブ【Ｒ】,361684-20260820-0528349514,2026/08/20 23:09:44,2026/08/20 23:10:57,完了,クレジットカード,鳥居 いち代,577-0001,大阪府,東大阪市,徳庵本町7-2-105,06-6744-9786,[配送日時指定:]2026-08-23(日)18:00-20:00,4180,0,0,0,380,0,200,出荷済,未保留,203891145500,RFC倉庫,鳥居 いち代,577-0001,大阪府,東大阪市,徳庵本町7-2-105,06-6744-9786,宅配便,2026/08/23,1820,,,,A00000029967,2026/08/20 23:56:21,日本郵便,flow-c-2camo,71032-00000725,【8/20 24H限定クーポン価格】メガネ スタンド シンプル おしゃれ 上品 かわいい 幾何学デザイン メガネ立て 牛革使用 ステンレス 滑りどめ加工 インテリア  贈り物 ギフト メガネハンガー 眼鏡スタンド 日本製 FLOW Circle series KINZOKUOH Flow-C,1,4180,10,380,1,通常,0,,,,指定なし
223620968,楽天市場,67419,株式会社サンリーブ【Ｒ】,361684-20260820-0534549711,2026/08/20 23:35:20,2026/08/20 23:37:12,完了,クレジットカード,野上 泰子,530-0035,大阪府,大阪市北区,同心1-4-22 ローズガーデン501,06-4800-2402,[配送日時指定:]2026-08-22(土)指定なし,3850,0,0,0,350,650,200,出荷済,未保留,203891089080,RFC倉庫,野上 泰子,530-0035,大阪府,大阪市北区,同心1-4-22 ローズガーデン501,06-4800-2402,宅配便,2026/08/22,,,,,A00000029965,2026/08/20 23:51:19,日本郵便,spc-007-3-15,71032-00001560,【8/20 24H限定クーポン価格】老眼鏡 北欧柄 おしゃれ レディース ブルーライトカット かわいい 可愛い 女性 リーディンググラス ボストン ストライプ シニアグラス 肌に馴染むカラー お揃い柄ケース付 40代 50代 60代  +1.0から SCANDINAVIAN PATTERN SPC-007,1,3850,10,350,1,優先配送,0,,,,玄関前
223621159,Yahoo!ショッピング,67572,株式会社サンリーブ【Ｙ】,glass-garden-10044662,2026/08/20 23:33:33,2026/08/20 23:38:16,完了,PayPay,淺賀 彰子,2720023,千葉県,市川市,南八幡3-13-6 ブランズ本八幡503,09023163603,,3630,0,0,0,330,115,0,出荷済,未保留,369838204293,RFC倉庫,淺賀 彰子,2720023,千葉県,市川市,南八幡3-13-6 ブランズ本八幡503,09023163603,宅配便,,,,,,A00000029966,2026/08/20 23:56:21,日本郵便,fll-3004-2-05,71032-00001451,老眼鏡 おしゃれ ブルーライトカット +0.5から レディース メンズ リーディンググラス シニアグラス 老眼 眼鏡 メガネ 鯖江 FEELLIFE FLL-3004,1,3630,10,330,1,通常,0,,,,
223621163,Yahoo!ショッピング,67572,株式会社サンリーブ【Ｙ】,glass-garden-10044663,2026/08/20 23:35:00,2026/08/20 23:38:19,完了,PayPay,森 悦子,5938322,大阪府,堺市西区津久野町３丁,29番30号,0722626558,,5500,0,0,0,500,0,0,出荷済,未保留,680662168410,自社倉庫,森 悦子,5938322,大阪府,堺市西区津久野町３丁,29番30号,0722626558,メール便,,,,,,,2026/08/21 11:02:56,日本郵便,si-03-2-15,71032-00001036,老眼鏡 栞 おしゃれ ブルーライトカット メンズ レディース リーディンググラス シニアグラス コンパクト 折りたたみ 老眼 眼鏡 メガネ 鯖江 SI-03,1,5500,10,500,1,通常,0,,,,
223622496,楽天市場,67419,株式会社サンリーブ【Ｒ】,361684-20260820-0547549513,2026/08/20 23:46:31,2026/08/20 23:47:54,完了,クレジットカード,榎木 明美,510-0222,三重県,鈴鹿市,若松西５?１?１１,059-385-5157,[配送日時指定:]2026-08-22(土)18:00-20:00,3630,0,0,0,330,3,300,出荷済,未保留,203891088984,RFC倉庫,榎木 明美,510-0222,三重県,鈴鹿市,若松西５?１?１１,059-385-5157,宅配便,2026/08/22,1820,,,,A00000029968,2026/08/21 0:02:00,日本郵便,fll-3004-2-05,71032-00001451,【8/20 24H限定クーポン価格】老眼鏡 0.5から おしゃれ レディース ブルーライトカット 紫外線 uv ボストン かわいい メガネ 老眼 度付き リーディンググラス 30代 40代 50代 女性 クラシック 黒縁 ニュアンスカラー シニアグラス 丸眼鏡 FEELLIFE FLL-3004,1,3630,10,330,1,優先配送,0,,,,玄関前
223624392,楽天市場,67419,株式会社サンリーブ【Ｒ】,361684-20260820-0596349535,2026/08/20 23:57:54,2026/08/20 23:59:04,完了,クレジットカード,金子 沙羅,154-0002,東京都,世田谷区,下馬6-19-15 STハイツ 102,090-6590-7923,[配送日時指定:]2026-08-24(月)午前中,1430,0,0,0,130,0,0,出荷済,未保留,490789984005,自社倉庫,金子 沙羅,154-0002,東京都,世田谷区,下馬6-19-15 STハイツ 102,090-6590-7923,宅配便,2026/08/24,0812,,,,,2026/08/21 10:42:33,ヤマト運輸,kibi-s-n1re,71032-00001855,割れにくい リサイクルペット樹脂 皿 陶器 高級感 重厚感 肉厚 器 食器 食卓 キッチン リビング 電子レンジ 食洗器 使い心地 日本製 石川県産 サステナブル エコ 3R 選べるデザイン マットカラー 誕生日 贈り物 ギフト 父の日,1,1430,10,130,1,通常,0,,,,指定なし
223630705,au Payマーケット,67574,株式会社サンリーブ【ａ】,746560587,2026/08/21 5:28:00,2026/08/21 5:32:12,完了,クレジットカード,清水 佳代,573-0024,大阪府,枚方市田宮本町１４?２５?３１２,,080-6118-6866,,8470,0,0,0,770,0,200,出荷済,未保留,490789984016,自社倉庫,清水 佳代,573-0024,大阪府,枚方市田宮本町１４?２５?３１２,,080-6118-6866,宅配便,,1416,14:00-16:00,,,,2026/08/21 10:42:34,ヤマト運輸,hy-8113-navy,71032-00000828,眼鏡ケース ハード スリム おしゃれ コンパクト 軽量 メガネケース ハードケース 合成皮革 シンプル マグネット式 HY-8113,1,1210,10,110,1,通常,0,,,,
223630705,au Payマーケット,67574,株式会社サンリーブ【ａ】,746560587,2026/08/21 5:28:00,2026/08/21 5:32:12,完了,クレジットカード,清水 佳代,573-0024,大阪府,枚方市田宮本町１４?２５?３１２,,080-6118-6866,,8470,0,0,0,770,0,200,出荷済,未保留,490789984016,自社倉庫,清水 佳代,573-0024,大阪府,枚方市田宮本町１４?２５?３１２,,080-6118-6866,宅配便,,1416,14:00-16:00,,,,2026/08/21 10:42:34,ヤマト運輸,hy-8113-black,71032-00000827,眼鏡ケース ハード スリム おしゃれ コンパクト 軽量 メガネケース ハードケース 合成皮革 シンプル マグネット式 HY-8113,3,1210,10,110,1,通常,0,,,,
223630705,au Payマーケット,67574,株式会社サンリーブ【ａ】,746560587,2026/08/21 5:28:00,2026/08/21 5:32:12,完了,クレジットカード,清水 佳代,573-0024,大阪府,枚方市田宮本町１４?２５?３１２,,080-6118-6866,,8470,0,0,0,770,0,200,出荷済,未保留,490789984016,自社倉庫,清水 佳代,573-0024,大阪府,枚方市田宮本町１４?２５?３１２,,080-6118-6866,宅配便,,1416,14:00-16:00,,,,2026/08/21 10:42:34,ヤマト運輸,hy-8113-brown,71032-00000824,眼鏡ケース ハード スリム おしゃれ コンパクト 軽量 メガネケース ハードケース 合成皮革 シンプル マグネット式 HY-8113,3,1210,10,110,1,通常,0,,,,
223630990,Yahoo!ショッピング,67572,株式会社サンリーブ【Ｙ】,glass-garden-10044664,2026/08/21 5:51:49,2026/08/21 5:53:19,完了,PayPay,瀬津 直巳,6660245,兵庫県,川辺郡,猪名川町つつじが丘4-18-25,09014890894,,3960,0,0,0,360,183,0,出荷済,未保留,203891146023,RFC倉庫,瀬津 直巳,6660245,兵庫県,川辺郡,猪名川町つつじが丘4-18-25,09014890894,宅配便,2026/08/23,,,,,A00000029969,2026/08/21 7:02:59,日本郵便,flc-002-1-30,71032-00000495,老眼鏡 おしゃれ ヴィンテージ クラシック レディース メンズ リーディンググラス シニアグラス 老眼 眼鏡 メガネ 鯖江 FEELLIFE FLC-002,1,3960,10,360,1,通常,0,,,,
223632958,楽天市場,67419,株式会社サンリーブ【Ｒ】,361684-20260821-0506649409,2026/08/21 7:08:14,2026/08/21 7:09:17,完了,クレジットカード,佐々木 敏久,018-3505,秋田県,大館市,早口字上野47ー10,090-8927-5468,[配送日時指定:]2026-08-22(土),4400,0,0,0,400,0,0,出荷済,未保留,203891088903,RFC倉庫,佐々木 敏久,018-3505,秋田県,大館市,早口字上野47ー10,090-8927-5468,宅配便,2026/08/22,,,,,A00000029970,2026/08/21 7:25:59,日本郵便,flm-006-2-15,71032-00000681,【8/20 24H限定クーポン価格】老眼鏡 メンズ おしゃれ かっこいい シャープ スタイリッシュ お洒落 ちょいワル リーディンググラス シニアグラス ハーフリム スクエア シルバー ガンメタル 男性用 ギフト 鯖江メーカーデザイン FEELLIFE FLM-006,1,4400,10,400,1,優先配送,0,,,,指定なし
223633134,Yahoo!ショッピング,67572,株式会社サンリーブ【Ｙ】,glass-garden-10044665,2026/08/21 7:11:33,2026/08/21 7:13:12,完了,PayPay,塩田 哲大,3990034,長野県,松本市,野溝東1-5-54 エターナルB202,09032822890,,5500,0,0,0,500,0,0,出荷済,未保留,490789984020,自社倉庫,塩田 哲大,3990034,長野県,松本市,野溝東1-5-54 エターナルB202,09032822890,宅配便,2026/08/22,,,,,,2026/08/21 10:42:34,ヤマト運輸,bdr-3003-2-15,71032-00000150,BEAMS DESIGN 老眼鏡 おしゃれ ブルーライトカット リーディンググラス メンズ レディース 老眼 眼鏡 メガネ ビームスデザイン BDR-3003,1,5500,10,500,1,優先配送,0,,,,
223638474,Yahoo!ショッピング,67572,株式会社サンリーブ【Ｙ】,glass-garden-10044666,2026/08/21 8:57:17,2026/08/21 8:58:30,完了,PayPay,百川 博一,5150333,三重県,多気郡,明和町大字坂本1155,09026109218,,3630,0,0,0,330,0,0,出荷済,未保留,203891137391,RFC倉庫,百川 博一,5150333,三重県,多気郡,明和町大字坂本1155,09026109218,宅配便,2026/08/22,,,,,A00000029971,2026/08/21 9:21:07,日本郵便,fll-3000-1-05,71032-00001579,老眼鏡 おしゃれ ブルーライトカット 軽い 軽量 +0.5から レディース メンズ リーディンググラス 老眼 眼鏡 メガネ 鯖江 FEELLIFE FLL-3000,1,3630,10,330,1,優先配送,0,,,,
223638718,Yahoo!ショッピング,67572,株式会社サンリーブ【Ｙ】,glass-garden-10044667,2026/08/21 9:02:50,2026/08/21 9:03:13,完了,クレジットカード,石橋 真貴子,3430838,埼玉県,越谷市,蒲生3-3-50 エムブランド越谷GAMO　404,09055289445,,3630,0,0,0,330,0,200,出荷済,未保留,187120684354,RFC倉庫,石橋 真貴子,3430838,埼玉県,越谷市,蒲生3-3-50 エムブランド越谷GAMO　404,09055289445,宅配便,2026/08/22,,,,,A00000029972,2026/08/21 9:26:05,日本郵便,fll-3004-2-05,71032-00001451,老眼鏡 おしゃれ ブルーライトカット +0.5から レディース メンズ リーディンググラス シニアグラス 老眼 眼鏡 メガネ 鯖江 FEELLIFE FLL-3004,1,3630,10,330,1,優先配送,0,,,,
223639352,楽天市場,67419,株式会社サンリーブ【Ｒ】,361684-20260821-0521749730,2026/08/21 9:12:11,2026/08/21 9:13:12,完了,クレジットカード,脇水 ゆりか,870-0819,大分県,大分市,王子新町14-19,097-547-1568,[配送日時指定:],6380,0,0,0,580,1073,0,出荷済,未保留,490789984031,自社倉庫,脇水 ゆりか,870-0819,大分県,大分市,王子新町14-19,097-547-1568,宅配便,,,,,,,2026/08/21 10:42:35,ヤマト運輸,bdr-1001-2-15,71032-00000096,BEAMS DESIGN 老眼鏡 折りたたみ 携帯 レディース メンズ 女性用 男性用 おしゃれ コンパクト ラウンド リーディンググラス シニアグラス グレーマット レッドマット 専用ケース付 ギフト ビームス デザイン BDR-1001,1,6380,10,580,1,通常,0,,,,指定なし
223639479,楽天市場,67419,株式会社サンリーブ【Ｒ】,361684-20260821-0606449689,2026/08/21 9:14:10,2026/08/21 9:15:49,完了,クレジットカード,山崎 強,181-0015,東京都,三鷹市,大沢3-8-38,090-2746-8919,[配送日時指定:]2026-08-22(土)午前中,4400,0,0,0,400,0,0,出荷済,未保留,369838195985,RFC倉庫,有)オートサービス ヤマザキ,181-0015,東京都,三鷹市,大沢3-3-11,0422-32-5371,宅配便,2026/08/22,0812,,,,A00000029973,2026/08/21 9:31:03,日本郵便,flm-006-1-25,71032-00000684,老眼鏡 メンズ おしゃれ かっこいい シャープ スタイリッシュ お洒落 ちょいワル リーディンググラス シニアグラス ハーフリム スクエア シルバー ガンメタル 男性用 ギフト 鯖江メーカーデザイン FEELLIFE FLM-006,1,4400,10,400,1,優先配送,0,,,,指定なし
223639572,楽天市場,67419,株式会社サンリーブ【Ｒ】,361684-20260821-0606949714,2026/08/21 9:16:20,2026/08/21 9:17:40,完了,クレジットカード,山崎 強,181-0015,東京都,三鷹市,大沢3-8-38,090-2746-8919,[配送日時指定:]2026-08-22(土)午前中,4400,0,0,0,400,0,0,出荷済,未保留,369838196000,RFC倉庫,有)オートサービス ヤマザキ,181-0015,東京都,三鷹市,大沢3-3-11,0422-32-5371,宅配便,2026/08/22,0812,,,,A00000029974,2026/08/21 9:31:03,日本郵便,flm-006-2-30,71032-00000687,老眼鏡 メンズ おしゃれ かっこいい シャープ スタイリッシュ お洒落 ちょいワル リーディンググラス シニアグラス ハーフリム スクエア シルバー ガンメタル 男性用 ギフト 鯖江メーカーデザイン FEELLIFE FLM-006,1,4400,10,400,1,優先配送,0,,,,指定なし
223641232,楽天市場,67419,株式会社サンリーブ【Ｒ】,361684-20260821-0604149300,2026/08/21 9:43:46,2026/08/21 9:44:48,完了,クレジットカード,黒川 智幸,315-0131,茨城県,石岡市,下林2448-672,090-6193-9216,[配送日時指定:]2026-08-22(土)19:00-21:00,4400,0,0,0,400,0,0,出荷済,未保留,203891137332,RFC倉庫,黒川 智幸,315-0131,茨城県,石岡市,下林2448-672,090-6193-9216,宅配便,2026/08/22,1921,,,,A00000029975,2026/08/21 10:01:04,日本郵便,flm-001-1-10,71032-00000629,老眼鏡 メンズ おしゃれ かっこいい シャープ スタイリッシュ お洒落 ちょいワル リーディンググラス シニアグラス メタル ハーフリム スクエア シルバー ブラック 男性用 ギフト 鯖江メーカーデザイン FEELLIFE FLM-001,1,4400,10,400,1,優先配送,0,,,,指定なし
223641454,Yahoo!ショッピング,67572,株式会社サンリーブ【Ｙ】,glass-garden-10044668,2026/08/21 9:47:59,2026/08/21 9:48:14,完了,PayPay,二宮 扶美江,3900861,長野県,松本市,蟻ケ崎6-24-2 信大こまくさ寮,09055050090,,6050,0,0,0,550,629,300,出荷済,未保留,680662168421,自社倉庫,二宮 扶美江,3900861,長野県,松本市,蟻ケ崎6-24-2 信大こまくさ寮,09055050090,メール便,,,,,,,2026/08/21 11:02:57,日本郵便,gc001-10,71032-00001440,トリプル オゥ グラスコード メガネチェーン 眼鏡ストラップ おしゃれ 日本製 軽い 老眼鏡 サングラス レディース プレゼント gc001,1,6050,10,550,1,通常,0,,,,
223642540,楽天市場,67419,株式会社サンリーブ【Ｒ】,361684-20260821-0627349642,2026/08/21 10:02:47,2026/08/21 10:03:48,完了,クレジットカード,小原 美恵子,424-0879,静岡県,静岡市清水区,有度本町2番15号,0543-48-7033,[配送日時指定:]2026-08-22(土)午前中,3630,0,0,0,330,272,0,出荷済,未保留,203891136363,RFC倉庫,小原 美恵子,424-0879,静岡県,静岡市清水区,有度本町2番15号,0543-48-7033,宅配便,2026/08/22,0812,,,,A00000029976,2026/08/21 10:21:08,日本郵便,fll-3004-1-15,71032-00001456,老眼鏡 0.5から おしゃれ レディース ブルーライトカット 紫外線 uv ボストン かわいい メガネ 老眼 度付き リーディンググラス 30代 40代 50代 女性 クラシック 黒縁 ニュアンスカラー シニアグラス 丸眼鏡 FEELLIFE FLL-3004,1,3630,10,330,1,優先配送,0,,,,指定なし
223643872,楽天市場,67419,株式会社サンリーブ【Ｒ】,361684-20260821-0596249310,2026/08/21 10:24:27,2026/08/21 10:25:48,完了,クレジットカード,石井 唯貴,340-0822,埼玉県,八潮市,大瀬4-18-11ラルーチェ107号室,090-2307-0572,[配送日時指定:],3300,0,0,0,300,324,0,出荷済,未保留,680674881994,自社倉庫,石井 唯貴,340-0822,埼玉県,八潮市,大瀬4-18-11ラルーチェ107号室,090-2307-0572,メール便,,,,,,,2026/08/21 13:07:27,日本郵便,ohari-2-1,71032-00001521,小さなお針箱 裁縫セット ソーイングセット 裁縫道具 裁縫箱 日本製 国産 金沢 伝統工芸 引き出物 かわいい おしゃれ レトロ 旅行 携帯 桐箱 麻の葉 青海波 燕三条 はさみ 糸 ワンタッチ針 ミニ ヒロ OHARI-2,1,3300,10,300,1,通常,0,,,,指定なし
223644108,Yahoo!ショッピング,67572,株式会社サンリーブ【Ｙ】,glass-garden-10044669,2026/08/21 10:09:38,2026/08/21 10:28:52,完了,PayPay,菅野 由美子,9608055,福島県,福島市,野田町字台15-4,09010632283,,1210,0,0,0,110,115,0,出荷済,未保留,490791568260,自社倉庫,菅野 由美子,9608055,福島県,福島市,野田町字台15-4,09010632283,宅配便,,,,,,,2026/08/21 13:14:33,ヤマト運輸,hy-80136-e,71032-00001337,メガネケース 小さめ コンパクト ハードケース 軽量 柄 チェック 花 ドット おしゃれ 低価格 メガネ 眼鏡 サングラス PCメガネ 老眼鏡 HY-80136,1,1210,10,110,1,通常,0,,,,
223644998,楽天市場,67419,株式会社サンリーブ【Ｒ】,361684-20260821-0698549283,2026/08/21 10:40:02,2026/08/21 10:41:05,完了,クレジットカード,萩原 由美,162-0065,東京都,新宿区,住吉町11-6,090-3412-2329,[配送日時指定:],10010,0,0,0,910,2010,0,出荷済,未保留,490791568271,自社倉庫,萩原 由美,162-0065,東京都,新宿区,住吉町11-6,090-3412-2329,宅配便,,,,,,,2026/08/21 13:14:36,ヤマト運輸,rf-001-1,71032-00001306,【8月31日までセール価格】サングラス レディース UVカット HEVカット ブルーライトカット おしゃれ 上品 大人カジュアル 美肌 軽量 βチタン ウェリントン 女性 旅行 日本製レンズ 専用ハードケース メガネ拭き付き 鯖江メーカーデザイン REFLET RF-001,1,10010,10,910,1,通常,0,,,,指定なし
223646669,au Payマーケット,67574,株式会社サンリーブ【ａ】,746565109,2026/08/21 10:55:00,2026/08/21 11:02:13,完了,auかんたん決済,清水 佳代,573-0024,大阪府,枚方市田宮本町１４?２５?３１２,,080-6118-6866,,3630,0,0,0,330,0,30,出荷済,未保留,490791568282,自社倉庫,清水 佳代,573-0024,大阪府,枚方市田宮本町１４?２５?３１２,,080-6118-6866,宅配便,,1416,14:00-16:00,,,,2026/08/21 13:14:37,ヤマト運輸,hy-8113-brown,71032-00000824,眼鏡ケース ハード スリム おしゃれ コンパクト 軽量 メガネケース ハードケース 合成皮革 シンプル マグネット式 HY-8113,1,1210,10,110,1,通常,0,,,,
223646669,au Payマーケット,67574,株式会社サンリーブ【ａ】,746565109,2026/08/21 10:55:00,2026/08/21 11:02:13,完了,auかんたん決済,清水 佳代,573-0024,大阪府,枚方市田宮本町１４?２５?３１２,,080-6118-6866,,3630,0,0,0,330,0,30,出荷済,未保留,490791568282,自社倉庫,清水 佳代,573-0024,大阪府,枚方市田宮本町１４?２５?３１２,,080-6118-6866,宅配便,,1416,14:00-16:00,,,,2026/08/21 13:14:37,ヤマト運輸,hy-8113-black,71032-00000827,眼鏡ケース ハード スリム おしゃれ コンパクト 軽量 メガネケース ハードケース 合成皮革 シンプル マグネット式 HY-8113,1,1210,10,110,1,通常,0,,,,
223646669,au Payマーケット,67574,株式会社サンリーブ【ａ】,746565109,2026/08/21 10:55:00,2026/08/21 11:02:13,完了,auかんたん決済,清水 佳代,573-0024,大阪府,枚方市田宮本町１４?２５?３１２,,080-6118-6866,,3630,0,0,0,330,0,30,出荷済,未保留,490791568282,自社倉庫,清水 佳代,573-0024,大阪府,枚方市田宮本町１４?２５?３１２,,080-6118-6866,宅配便,,1416,14:00-16:00,,,,2026/08/21 13:14:37,ヤマト運輸,hy-8113-navy,71032-00000828,眼鏡ケース ハード スリム おしゃれ コンパクト 軽量 メガネケース ハードケース 合成皮革 シンプル マグネット式 HY-8113,1,1210,10,110,1,通常,0,,,,
223650965,楽天市場,67419,株式会社サンリーブ【Ｒ】,361684-20260821-0619749565,2026/08/21 12:01:18,2026/08/21 12:02:20,完了,クレジットカード,三木 次郎,323-0829,栃木県,小山市,東城南４?１５?４,0285-27-5406,[配送日時指定:]2026-08-22(土)午前中,5940,0,0,0,540,0,0,出荷済,未保留,203891137321,RFC倉庫,三木 次郎,323-0829,栃木県,小山市,東城南４?１５?４,0285-27-5406,宅配便,2026/08/22,0812,,,,A00000029977,2026/08/21 12:21:11,日本郵便,fl-1000-1-15,71032-00000391,老眼鏡 チタン製 おしゃれ かっこいい メンズ ブルーライトカット リーディンググラス 軽い 軽量 頑丈 男性用 スクエア シニアグラス ギフト ハードケースとメガネ拭き付 鯖江メーカーデザイン FEELLIFE FL-1000,1,5940,10,540,1,優先配送,0,,,,指定なし
223652376,楽天市場,67419,株式会社サンリーブ【Ｒ】,361684-20260821-0606649558,2026/08/21 12:21:39,2026/08/21 12:22:40,完了,クレジットカード,紺野 理恵,960-2261,福島県,福島市,町庭坂字下原20?1,080-5554-0722,[配送日時指定:],1760,0,0,0,160,0,0,出荷済,未保留,680674882005,自社倉庫,紺野 理恵,960-2261,福島県,福島市,町庭坂字下原20?1,080-5554-0722,メール便,,,,,,,2026/08/21 13:07:31,日本郵便,5584-1,71032-00001523,【8月31日までセール価格】サングラス レディース UVカット 伊達メガネ おしゃれ かわいい 紫外線 対策 美肌 眼鏡 ライトカラー クリアレンズ オールシーズン 女性  ボストン ブランド 可愛い バイカラーケース付 鯖江メーカーデザイン GG eyewear 5584,1,1760,10,160,1,通常,0,,,,指定なし
223652676,楽天市場,67419,株式会社サンリーブ【Ｒ】,361684-20260821-0664249617,2026/08/21 12:26:13,2026/08/21 12:27:15,完了,クレジットカード,オオハタ カズミ,798-0015,愛媛県,宇和島市,和霊元町1?2?8,090-4782-3699,[配送日時指定:]2026-08-24(月)18:00-20:00,10010,0,0,0,910,0,0,出荷済,未保留,490791568293,自社倉庫,大畑 数美,798-0015,愛媛県,宇和島市,和霊元町1-2-8,090-4782-3699,宅配便,2026/08/24,1820,,,,,2026/08/21 13:14:38,ヤマト運輸,rf-002-1,71032-00001308,【8月31日までセール価格】サングラス レディース UVカット HEVカット ブルーライトカット おしゃれ 上品 大人カジュアル 美肌 軽量 βチタン ボストン 女性 旅行 トラベル 日本製レンズ ハードケース メガネ拭き付き 鯖江メーカーデザイン REFLET RF-002,1,10010,10,910,1,通常,0,,,,指定なし
223655757,楽天市場,67419,株式会社サンリーブ【Ｒ】,361684-20260821-0613949415,2026/08/21 13:09:55,2026/08/21 13:11:32,完了,クレジットカード,松岡 美由紀,503-2422,岐阜県,揖斐郡池田町,田畑789-1,090-9127-1262,[配送日時指定:],7150,0,0,0,650,3824,0,出荷済,未保留,680674882020,自社倉庫,松岡 美由紀,503-2422,岐阜県,揖斐郡池田町,田畑789-1,090-9127-1262,メール便,,,,,,,2026/08/24 9:29:11,日本郵便,si-11r-3-15,71032-00001940,栞 累進 老眼鏡 リーディンググラス シニアグラス 遠近両用 メガネ 紫外線 ブルーライト カット パソコン スマートフォン タブレット 折りたたみ 携帯 スリム レディース メンズ おしゃれ クラシック マットカラー SHIORI SI-11R,1,7150,10,650,1,通常,0,,,,指定なし
223658525,Yahoo!ショッピング,67572,株式会社サンリーブ【Ｙ】,glass-garden-10044670,2026/08/21 13:45:39,2026/08/21 13:58:26,完了,PayPay,本郷 あゆ子,9830002,宮城県,仙台市宮城野区,蒲生字雑子袋5-9 希実の杜A棟,09020900313,,5940,0,0,0,540,612,300,出荷済,未保留,680674882031,自社倉庫,本郷 あゆ子,9830002,宮城県,仙台市宮城野区,蒲生字雑子袋5-9 希実の杜A棟,09020900313,メール便,,,,,,,2026/08/24 9:29:12,日本郵便,flk-001-3-15,71032-00001595,老眼鏡 首掛け 首かけ ブルーライトカット おしゃれ レディース メンズ リーディンググラス シニアグラス 老眼 眼鏡 メガネ 鯖江 FEELLIFE FLK-001,1,5940,10,540,1,通常,0,,,,
223660010,楽天市場,67419,株式会社サンリーブ【Ｒ】,361684-20260821-0598449401,2026/08/21 14:24:07,2026/08/21 14:25:58,完了,クレジットカード,平野 明美,343-0047,埼玉県,越谷市,弥十郎672-1 越谷弥十郎団地1-206,090-2162-3159,[配送日時指定:],3300,0,0,0,300,0,0,出荷済,未保留,680674882042,自社倉庫,平野 明美,343-0047,埼玉県,越谷市,弥十郎672-1 越谷弥十郎団地1-206,090-2162-3159,メール便,,,,,,,2026/08/24 9:29:13,日本郵便,ph5099-12,71032-00001818,【8月31日までセール価格】調光 サングラス UVカット 紫外線 ブルーライトカット レディース メンズ 伊達メガネ カラーレンズ おしゃれ 眼鏡 ボストン 女性  ブランド ファッション バイカラーケース付 鯖江メーカーデザイン GG eyewear ph5099,1,3300,10,300,1,通常,0,,,,指定なし
223661200,楽天市場,67419,株式会社サンリーブ【Ｒ】,361684-20260821-0563949528,2026/08/21 14:44:40,2026/08/21 14:45:42,完了,銀行振込,河上 尚浩,939-8151,富山県,富山市,上栄348,090-2373-1088,[配送日時指定:],4400,0,0,0,400,0,0,出荷済,未保留,203891247405,RFC倉庫,河上 尚浩,939-8151,富山県,富山市,上栄348,090-2373-1088,宅配便,,,,,,A00000029990,2026/08/22 13:31:06,日本郵便,flm-001-1-25,71032-00000634,老眼鏡 メンズ おしゃれ かっこいい シャープ スタイリッシュ お洒落 ちょいワル リーディンググラス シニアグラス メタル ハーフリム スクエア シルバー ブラック 男性用 ギフト 鯖江メーカーデザイン FEELLIFE FLM-001,1,4400,10,400,1,通常,0,,,,指定なし
223667147,au Payマーケット,67574,株式会社サンリーブ【ａ】,746571315,2026/08/21 16:29:00,2026/08/21 16:37:12,完了,auかんたん決済,平井 秀一,640-8306,和歌山県,和歌山市出島３７８,,090-8445-2144,,1001,0,0,0,91,482,30,出荷済,未保留,490798276216,自社倉庫,平井 秀一,640-8306,和歌山県,和歌山市出島３７８,,090-8445-2144,宅配便,,,,,,,2026/08/24 9:03:55,ヤマト運輸,hy-8101-blk,71032-00001324,眼鏡ケース 折りたたみ おしゃれ コンパクト スリム 軽量 メガネケース シンプル マグネット式 HY-8101,1,1001,10,91,1,通常,0,,,,
223667471,楽天市場,67419,株式会社サンリーブ【Ｒ】,361684-20260821-0660749458,2026/08/21 16:42:29,2026/08/21 16:43:30,完了,クレジットカード,末永 亜季,386-0401,長野県,上田市,塩川3360-33,090-4912-8724,[配送日時指定:],2750,0,0,0,250,0,0,出荷済,未保留,680674882053,自社倉庫,末永 亜季,386-0401,長野県,上田市,塩川3360-33,090-4912-8724,メール便,,,,,,,2026/08/24 9:29:14,日本郵便,fll-4000-1-15,71032-00001971,老眼鏡 0.5度数から おしゃれ レディース ブルーライトカット 紫外線 uv ボストン かわいい メガネ 老眼 度付き リーディンググラス 30代 40代 50代 女性 クラシック クリアカラー シニアグラス FEELLIFE FLL-4000,1,2750,10,250,1,通常,0,,,,指定なし
223667954,Yahoo!ショッピング,67572,株式会社サンリーブ【Ｙ】,glass-garden-10044671,2026/08/21 16:48:51,2026/08/21 16:53:32,完了,クレジットカード,堀間 さゆり,020-0854,岩手県,盛岡市,上飯岡17-67,0196592373,,3960,0,0,0,360,0,0,出荷済,未保留,203891179984,RFC倉庫,堀間 さゆり,020-0854,岩手県,盛岡市,上飯岡17-67,0196592373,宅配便,2026/08/25,,,,,A00000029978,2026/08/21 17:11:04,日本郵便,fll-006-2-15,71032-00000578,老眼鏡 おしゃれ レディース フチなし リムレス 軽量 軽い リーディンググラス シニアグラス 女性 老眼 眼鏡 メガネ 鯖江 FEELLIFE FLL-006,1,3960,10,360,1,通常,0,,,,
223669215,楽天市場,67419,株式会社サンリーブ【Ｒ】,361684-20260821-0583749482,2026/08/21 17:16:38,2026/08/21 17:17:40,完了,クレジットカード,杉本 亜美,461-0048,愛知県,名古屋市東区,矢田南2-10-2,090-2267-9327,[配送日時指定:]2026-08-24(月)16:00-18:00,3850,0,0,0,350,0,0,出荷済,未保留,203891179962,RFC倉庫,杉本 亜美,461-0048,愛知県,名古屋市東区,矢田南2-10-2,090-2267-9327,宅配便,2026/08/24,1618,,,,A00000029979,2026/08/21 18:01:18,日本郵便,spc-006-3-20,71032-00001573,老眼鏡 北欧柄 おしゃれ レディース ブルーライトカット かわいい 可愛い 女性 リーディンググラス ウェリントン カフェ柄 シニアグラス グレー ワイン お揃い柄ケース付 40代 50代 60代 +1.0から SCANDINAVIAN PATTERN SPC-006,1,3850,10,350,1,通常,0,,,,指定なし
223674064,Yahoo!ショッピング,67572,株式会社サンリーブ【Ｙ】,glass-garden-10044672,2026/08/21 18:50:26,2026/08/21 18:53:17,完了,コンビニ決済,新田 牧代,925-0147,石川県,羽咋郡志賀町,大島ホ５‐２,08030957176,,3300,0,330,0,300,0,0,出荷済,未保留,490798276220,自社倉庫,新田 牧代,925-0147,石川県,羽咋郡志賀町,大島ホ５‐２,08030957176,宅配便,2026/08/29,,,,,,2026/08/24 9:03:56,ヤマト運輸,1000-1-30,71032-00001963,防災用メガネ 近視用 度入り 非常用 メガネ 災害用 防災グッズ 防災バッグ 避難 常備 軽量 コンパクト ケース付き 高度数対応 -3.0?-8.0,1,3300,10,300,1,通常,0,,,,
223674765,Yahoo!ショッピング,67572,株式会社サンリーブ【Ｙ】,glass-garden-10044673,2026/08/21 19:05:11,2026/08/21 19:08:17,完了,クレジットカード,片畑 めぐみ,5998111,大阪府,堺市東区,日置荘北町1-33-16,09085381005,,1760,0,0,0,160,0,500,出荷済,未保留,680674882064,自社倉庫,片畑 めぐみ,5998111,大阪府,堺市東区,日置荘北町1-33-16,09085381005,メール便,,,,,,,2026/08/24 9:29:14,日本郵便,fi5465a-112,71032-00001747,サングラス レディース おしゃれ 伊達メガネ uvカット 紫外線 対策 ボストン かわいい 丸メガネ メンズ 眼鏡 鯖江 ケース メガネ拭き付き FI5465A,1,1760,10,160,1,通常,0,,,,
223674900,楽天市場,67419,株式会社サンリーブ【Ｒ】,361684-20260821-0699249690,2026/08/21 19:10:11,2026/08/21 19:11:13,完了,クレジットカード,加藤 美樹,373-0815,群馬県,太田市,東別所町470-1,090-4946-9023,[配送日時指定:]2026-08-23(日),3630,0,0,0,330,0,0,出荷済,未保留,203891180124,RFC倉庫,加藤 美樹,373-0815,群馬県,太田市,東別所町470-1,090-4946-9023,宅配便,2026/08/23,,,,,A00000029980,2026/08/21 19:25:56,日本郵便,fll-3004-3-10,71032-00001455,老眼鏡 0.5から おしゃれ レディース ブルーライトカット 紫外線 uv ボストン かわいい メガネ 老眼 度付き リーディンググラス 30代 40代 50代 女性 クラシック 黒縁 ニュアンスカラー シニアグラス 丸眼鏡 FEELLIFE FLL-3004,1,3630,10,330,1,優先配送,0,,,,指定なし
223674994,楽天市場,67419,株式会社サンリーブ【Ｒ】,361684-20260821-0731349317,2026/08/21 19:11:37,2026/08/21 19:12:57,完了,クレジットカード,本間 知子,464-0027,愛知県,名古屋市千種区,新池町1-16-1-206,090-1627-2358,[配送日時指定:]2026-08-23(日),3850,0,0,0,350,0,0,出荷済,未保留,203891158671,RFC倉庫,本間 知子,464-0027,愛知県,名古屋市千種区,新池町1-16-1-206,090-1627-2358,宅配便,2026/08/23,,,,,A00000029981,2026/08/21 19:25:56,日本郵便,spc-006-1-15,71032-00001177,老眼鏡 北欧柄 おしゃれ レディース ブルーライトカット かわいい 可愛い 女性 リーディンググラス ウェリントン カフェ柄 シニアグラス グレー ワイン お揃い柄ケース付 40代 50代 60代 +1.0から SCANDINAVIAN PATTERN SPC-006,1,3850,10,350,1,優先配送,0,,,,指定なし
223675204,楽天市場,67419,株式会社サンリーブ【Ｒ】,361684-20260821-0674649308,2026/08/21 19:16:01,2026/08/21 19:17:04,完了,クレジットカード,笠原 綾,810-0033,福岡県,福岡市中央区,小笹3丁目１２ー８ アソシア小笹翠景５０７,092-523-6551,[配送日時指定:]2026-08-23(日)指定なし,3630,0,0,0,330,0,0,出荷済,未保留,203891180043,RFC倉庫,笠原 綾,810-0033,福岡県,福岡市中央区,小笹3丁目１２ー８ アソシア小笹翠景５０７,092-523-6551,宅配便,2026/08/23,,,,,A00000029982,2026/08/21 19:30:58,日本郵便,fll-3000-2-10,71032-00000594,老眼鏡 0.5から おしゃれ レディース ブルーライトカット 紫外線 uv ボストン かわいい シニアグラス リーディンググラス 軽い 軽量 人気 シンプル プレゼント 30代 40代 50代 女性 ケース付 鯖江デザイン FEELLIFE FLL3000,1,3630,10,330,1,優先配送,0,,,,宅配ボックス
223677247,楽天市場,67419,株式会社サンリーブ【Ｒ】,361684-20260821-0677049640,2026/08/21 19:54:56,2026/08/21 19:55:59,完了,クレジットカード,高橋 美智代,411-0945,静岡県,駿東郡,長泉町本宿188-8,055-986-6377,[配送日時指定:],2750,0,0,0,250,28,0,出荷済,未保留,680674882075,自社倉庫,高橋 美智代,411-0945,静岡県,駿東郡,長泉町本宿188-8,055-986-6377,メール便,,,,,,,2026/08/24 9:29:15,日本郵便,fll-4000-2-25,71032-00001978,老眼鏡 0.5度数から おしゃれ レディース ブルーライトカット 紫外線 uv ボストン かわいい メガネ 老眼 度付き リーディンググラス 30代 40代 50代 女性 クラシック クリアカラー シニアグラス FEELLIFE FLL-4000,1,2750,10,250,1,通常,0,,,,指定なし
223677265,楽天市場,67419,株式会社サンリーブ【Ｒ】,361684-20260821-0629149521,2026/08/21 19:55:19,2026/08/21 19:56:30,完了,クレジットカード,大高 ちえみ,982-0013,宮城県,仙台市太白区,太子堂4-25,090-5838-3267,[配送日時指定:],2750,0,0,0,250,2750,0,出荷済,未保留,680674882086,自社倉庫,大高 ちえみ,982-0013,宮城県,仙台市太白区,太子堂4-25,090-5838-3267,メール便,,,,,,,2026/08/24 9:29:16,日本郵便,fll-4000-1-05,71032-00001969,老眼鏡 0.5度数から おしゃれ レディース ブルーライトカット 紫外線 uv ボストン かわいい メガネ 老眼 度付き リーディンググラス 30代 40代 50代 女性 クラシック クリアカラー シニアグラス FEELLIFE FLL-4000,1,2750,10,250,1,通常,0,,,,指定なし
223678402,Yahoo!ショッピング,67572,株式会社サンリーブ【Ｙ】,glass-garden-10044674,2026/08/21 20:09:10,2026/08/21 20:13:34,完了,PayPay,古川 恵美,8120053,福岡県,福岡市東区,箱崎5丁目1-33 アーティックス箱崎九大前714,0926332254,,3630,0,0,0,330,0,0,出荷済,未保留,203891179225,RFC倉庫,古川 恵美,8120053,福岡県,福岡市東区,箱崎5丁目1-33 アーティックス箱崎九大前714,0926332254,宅配便,2026/08/26,,,,,A00000029983,2026/08/21 20:31:22,日本郵便,fll-3004-2-10,71032-00001454,老眼鏡 おしゃれ ブルーライトカット +0.5から レディース メンズ リーディンググラス シニアグラス 老眼 眼鏡 メガネ 鯖江 FEELLIFE FLL-3004,1,3630,10,330,1,通常,0,,,,
223678984,Yahoo!ショッピング,67572,株式会社サンリーブ【Ｙ】,glass-garden-10044675,2026/08/21 20:22:29,2026/08/21 20:23:14,完了,クレジットカード,齋藤 岳史,9902432,山形県,山形市,荒楯町一丁目9番24号,09014940213,,4400,0,0,0,400,0,300,出荷済,未保留,203891179925,RFC倉庫,齋藤 岳史,9902432,山形県,山形市,荒楯町一丁目9番24号,09014940213,宅配便,2026/08/25,,,,,A00000029984,2026/08/21 20:51:31,日本郵便,flm-006-1-10,71032-00000678,老眼鏡 メンズ おしゃれ かっこいい リーディンググラス シニアグラス メタルフレーム ナイロール 老眼 眼鏡 メガネ 鯖江 FEELLIFE FLM-006,1,4400,10,400,1,通常,0,,,,
223681303,Yahoo!ショッピング,67572,株式会社サンリーブ【Ｙ】,glass-garden-10044676,2026/08/21 20:50:30,2026/08/21 20:58:31,完了,クレジットカード,北川 順也,5100855,三重県,四日市市,馳出町１-１０７-２,09056295444,,4400,0,0,0,400,0,0,出荷済,未保留,203891179855,RFC倉庫,北川 順也,5100855,三重県,四日市市,馳出町１-１０７-２,09056295444,宅配便,2026/08/27,,,,,A00000029985,2026/08/21 21:11:10,日本郵便,flm-006-1-15,71032-00000680,老眼鏡 メンズ おしゃれ かっこいい リーディンググラス シニアグラス メタルフレーム ナイロール 老眼 眼鏡 メガネ 鯖江 FEELLIFE FLM-006,1,4400,10,400,1,通常,0,,,,
223682331,Yahoo!ショッピング,67572,株式会社サンリーブ【Ｙ】,glass-garden-10044677,2026/08/21 20:59:57,2026/08/21 21:13:48,完了,PayPay,中本 悠桔,5770801,大阪府,東大阪市,小阪2-17-3 小阪プライムプレイス803,08061053314,,3300,0,0,0,300,0,0,出荷済,未保留,680674882090,自社倉庫,中本 悠桔,5770801,大阪府,東大阪市,小阪2-17-3 小阪プライムプレイス803,08061053314,メール便,,,,,,,2026/08/24 9:29:16,日本郵便,ph5099-12,71032-00001818,調光 サングラス レンズ 伊達 メガネ おしゃれ レディース メンズ UV 紫外線 ブルーライト カット ケース ファッション GG eyewear ph5099,1,3300,10,300,1,通常,0,,,,
223682980,Yahoo!ショッピング,67572,株式会社サンリーブ【Ｙ】,glass-garden-10044678,2026/08/21 21:14:53,2026/08/21 21:23:19,完了,PayPay,西本 憲正,8200066,福岡県,飯塚市,幸袋467-5 アール幸袋101,09064249284,,6050,0,0,0,550,0,300,出荷済,未保留,680674882101,自社倉庫,西本 裕子,8201103,福岡県,鞍手郡小竹町,勝野3312-1,09013687563,メール便,,,,,,,2026/08/24 9:29:17,日本郵便,si-12-2-25,71032-00001415,老眼鏡 栞 おしゃれ ブルーライトカット メンズ レディース リーディンググラス シニアグラス コンパクト 折りたたみ 老眼 眼鏡 メガネ 鯖江 SI-12,1,6050,10,550,1,通常,0,,,,
223686367,楽天市場,67419,株式会社サンリーブ【Ｒ】,361684-20260821-0818749508,2026/08/21 22:12:08,2026/08/21 22:13:09,完了,クレジットカード,住吉 敏夫,400-0302,山梨県,南アルプス市,沢登964-7,090-3080-5094,[配送日時指定:],1760,0,0,0,160,86,300,出荷済,未保留,680674882112,自社倉庫,住吉 敏夫,400-0302,山梨県,南アルプス市,沢登964-7,090-3080-5094,メール便,,,,,,,2026/08/24 9:29:17,日本郵便,fi5465a-81,71032-00001433,【8月31日までセール価格】サングラス レディース UVカット 伊達メガネ おしゃれ かわいい 紫外線 対策 美肌 女性 眼鏡 トレンド ボストン ラウンド ライトカラー クリアレンズ ブランド 可愛い バイカラーケース付 鯖江メーカーデザイン GG eyewear fi5465a,1,1760,10,160,1,通常,0,,,,指定なし
223693792,Yahoo!ショッピング,67572,株式会社サンリーブ【Ｙ】,glass-garden-10044679,2026/08/22 0:30:13,2026/08/22 0:33:24,完了,PayPay,藤井 祐太,2140001,神奈川県,川崎市多摩区,菅4-13-50 リヴェールK201,08055129163,,1001,0,0,0,91,135,0,出荷済,未保留,490798276231,自社倉庫,藤井 祐太,2140001,神奈川県,川崎市多摩区,菅4-13-50 リヴェールK201,08055129163,宅配便,,,,,,,2026/08/24 9:03:56,ヤマト運輸,hy-8101-org,71032-00001327,メガネケース 折りたたみ おしゃれ 本革 風 コンパクト シンプル デザイン 軽量 メガネ 眼鏡 サングラス 老眼鏡 女性用 男性用 HY-8101,1,1001,10,91,1,通常,0,,,,
223694560,Yahoo!ショッピング,67572,株式会社サンリーブ【Ｙ】,glass-garden-10044680,2026/08/22 0:57:01,2026/08/22 0:58:18,完了,PayPay,宮越 哲郎,1560041,東京都,世田谷区,大原1-60-3 ショーネシー203,09042017832,,7920,0,0,0,720,1025,400,出荷済,未保留,490798276242,自社倉庫,宮越 哲郎,1560041,東京都,世田谷区,大原1-60-3 ショーネシー203,09042017832,宅配便,,,,,,,2026/08/24 9:03:57,ヤマト運輸,clt01-l-bu,71032-00001733,colm レザートレイ L ブランド 日本製 キャッシュトレイ メガネトレー おしゃれ アクセサリートレイ レザー 本革 トレー トレイ メガネトレイ,1,7920,10,720,1,通常,0,,,,
223701450,Yahoo!ショッピング,67572,株式会社サンリーブ【Ｙ】,glass-garden-10044681,2026/08/22 7:14:47,2026/08/22 7:18:06,完了,クレジットカード,朝日 一寿,9101305,福井県,吉田郡永平寺町,竹原14ー6,09013175434,,4400,0,0,0,400,0,200,出荷済,未保留,203891179822,RFC倉庫,朝日 一寿,9101305,福井県,吉田郡永平寺町,竹原14ー6,09013175434,宅配便,,,,,,A00000029986,2026/08/22 7:35:53,日本郵便,flm-002-2-25,71032-00000645,老眼鏡 メンズ おしゃれ かっこいい リーディンググラス シニアグラス リムレス メタルフレーム 老眼 眼鏡 メガネ 鯖江 FEELLIFE FLM-002,1,4400,10,400,1,通常,0,,,,
223701661,Yahoo!ショッピング,67572,株式会社サンリーブ【Ｙ】,glass-garden-10044682,2026/08/22 7:22:06,2026/08/22 7:23:19,完了,PayPay,福本 忠浩,8120877,福岡県,福岡市博多区,元町3丁目2-16 コスモ南福岡2番館701,0925848870,,4400,0,0,0,400,580,0,出荷済,未保留,369838204245,RFC倉庫,福本 忠浩,1340084,東京都,江戸川区,東葛西6-9-10 関栄ビル602,08094537919,宅配便,2026/08/26,,,,,A00000029987,2026/08/22 7:46:02,日本郵便,flm-006-2-20,71032-00000683,老眼鏡 メンズ おしゃれ かっこいい リーディンググラス シニアグラス メタルフレーム ナイロール 老眼 眼鏡 メガネ 鯖江 FEELLIFE FLM-006,1,4400,10,400,1,通常,0,,,,
223704290,Yahoo!ショッピング,67572,株式会社サンリーブ【Ｙ】,glass-garden-10044683,2026/08/22 8:08:42,2026/08/22 8:18:33,完了,PayPay,小野 美和,5810094,大阪府,八尾市,志紀町西2丁目1-15-314,0729488606,,1760,0,0,0,160,0,0,出荷済,未保留,680674882123,自社倉庫,小野 美和,5810094,大阪府,八尾市,志紀町西2丁目1-15-314,0729488606,メール便,,,,,,,2026/08/24 9:29:18,日本郵便,5013-31,71032-00001424,サングラス レディース おしゃれ 伊達メガネ uvカット 紫外線 対策 ウェリントン かわいい メンズ 眼鏡 鯖江 ケース メガネ拭き付き 5013,1,1760,10,160,1,通常,0,,,,
223704663,楽天市場,67419,株式会社サンリーブ【Ｒ】,361684-20260822-0681649292,2026/08/22 8:24:30,2026/08/22 8:25:42,完了,クレジットカード,松岡 純一,146-0092,東京都,大田区,下丸子4-26-3パークハウス多摩川南参番館2203,090-3204-6091,[配送日時指定:],5500,0,0,0,500,0,0,出荷済,未保留,680674882134,自社倉庫,松岡 純一,146-0092,東京都,大田区,下丸子4-26-3パークハウス多摩川南参番館2203,090-3204-6091,メール便,,,,,,,2026/08/24 9:29:19,日本郵便,si-09-3-15,71032-00001089,栞 老眼鏡 リーディンググラス ブルーライトカット 薄型 非球面レンズ 折りたたみ式 コンパクト 薄い 軽い レディース メンズ おしゃれ お洒落 シニアグラス 旅行 携帯 特許商品 オーバル 鯖江メーカーデザイン SHIORI SI-09,1,5500,10,500,1,通常,0,,,,指定なし
223707400,楽天市場,67419,株式会社サンリーブ【Ｒ】,361684-20260822-0777949636,2026/08/22 9:11:31,2026/08/22 9:12:33,完了,クレジットカード,城野 寿美礼,811-3221,福岡県,福津市,若木台5-14-2,070-4337-9304,[配送日時指定:],1760,0,0,0,160,1760,0,出荷済,未保留,680674882145,自社倉庫,城野 寿美礼,811-3221,福岡県,福津市,若木台5-14-2,070-4337-9304,メール便,,,,,,,2026/08/24 9:29:20,日本郵便,fi5020-12,71032-00000274,【8月31日までセール価格】サングラス レディース UVカット 伊達メガネ おしゃれ かわいい 紫外線 対策 美肌 女性 眼鏡 ボストン ユニセックス ライトカラー クリアレンズ ブランド ファッション バイカラーケース付 鯖江メーカーデザイン GG eyewear fi5020,1,1760,10,160,1,通常,0,,,,指定なし
223707772,Yahoo!ショッピング,67572,株式会社サンリーブ【Ｙ】,glass-garden-10044684,2026/08/22 9:13:36,2026/08/22 9:18:20,完了,PayPay,武藤 ひろ子,1430027,東京都,大田区,中馬込2-3-20 メゾンアザレ 208,09085145724,,6050,0,0,0,550,0,400,出荷済,未保留,680674882156,自社倉庫,武藤 ひろ子,1430027,東京都,大田区,中馬込2-3-20 メゾンアザレ 208,09085145724,メール便,,,,,,,2026/08/24 9:29:21,日本郵便,si-12-3-30,71032-00001419,老眼鏡 栞 おしゃれ ブルーライトカット メンズ レディース リーディンググラス シニアグラス コンパクト 折りたたみ 老眼 眼鏡 メガネ 鯖江 SI-12,1,6050,10,550,1,通常,0,,,,
223714173,Yahoo!ショッピング,67572,株式会社サンリーブ【Ｙ】,glass-garden-10044685,2026/08/22 10:39:07,2026/08/22 10:48:12,完了,PayPay,峯村 良子,3812224,長野県,長野市,川中島町原202-19,09044645701,,1760,0,0,0,160,240,0,出荷済,未保留,680674882160,自社倉庫,峯村 良子,3812224,長野県,長野市,川中島町原202-19,09044645701,メール便,,,,,,,2026/08/24 9:29:21,日本郵便,fi5099-52,71032-00001736,サングラス レディース おしゃれ 伊達メガネ uvカット 紫外線 対策 ボストン かわいい 丸メガネ 眼鏡 鯖江 ケース メガネ拭き付き FI5099,1,1760,10,160,1,通常,0,,,,
223715258,楽天市場,67419,株式会社サンリーブ【Ｒ】,361684-20260822-0710049586,2026/08/22 11:01:10,2026/08/22 11:02:27,完了,クレジットカード,澤田 貴司,599-8104,大阪府,堺市東区,引野町3-1初芝グリーンハイツ102,090-1893-4947,[配送日時指定:],1001,0,0,0,91,0,0,出荷済,未保留,490798276253,自社倉庫,澤田 貴司,599-8104,大阪府,堺市東区,引野町3-1初芝グリーンハイツ102,090-1893-4947,宅配便,,,,,,,2026/08/24 9:03:57,ヤマト運輸,hy-8042-blk,71032-00001331,メガネケース ハード コンパクト 小さめ 軽量 シンプル デザイン 上品 本革 風 PUレザー ファブリック調 おしゃれ 低価格 女性用 男性用 メガネ 眼鏡 めがね サングラス PCメガネ 老眼鏡 マグネットタイプ 眼鏡ケース 贈り物 HY-8042,1,1001,10,91,1,通常,0,,,,指定なし
223716425,Yahoo!ショッピング,67572,株式会社サンリーブ【Ｙ】,glass-garden-10044686,2026/08/22 11:15:48,2026/08/22 11:18:03,完了,PayPay,井上 恵美,2710063,千葉県,松戸市,北松戸2-16-5 CasaAlflat205,09040008015,,5500,0,0,0,500,701,400,出荷済,未保留,490798276264,自社倉庫,井上 恵美,2710063,千葉県,松戸市,北松戸2-16-5 CasaAlflat205,09040008015,宅配便,2026/08/25,,,,,,2026/08/24 9:03:58,ヤマト運輸,bdr-3003-2-15,71032-00000150,BEAMS DESIGN 老眼鏡 おしゃれ ブルーライトカット リーディンググラス メンズ レディース 老眼 眼鏡 メガネ ビームスデザイン BDR-3003,1,5500,10,500,1,通常,0,,,,
223717583,Yahoo!ショッピング,67572,株式会社サンリーブ【Ｙ】,glass-garden-10044687,2026/08/22 11:29:58,2026/08/22 11:33:23,完了,PayPayあと払い,大貫 知明,8618038,熊本県,熊本市東区,長嶺東7-6-2,09011659629,,5280,0,0,0,480,572,400,出荷済,未保留,490798276275,自社倉庫,大貫 知明,8618038,熊本県,熊本市東区,長嶺東7-6-2,09011659629,宅配便,,,,,,,2026/08/24 9:03:58,ヤマト運輸,twig2-01m,71032-00001343,twig アロマウッドキャップ 単品  アロマストーン  ディフューザー 香り 手軽 国産 ヒノキ おしゃれ 簡単 インテリア リラックス グッズ TWIG2,1,1320,10,120,1,通常,0,,,,
223717583,Yahoo!ショッピング,67572,株式会社サンリーブ【Ｙ】,glass-garden-10044687,2026/08/22 11:29:58,2026/08/22 11:33:23,完了,PayPayあと払い,大貫 知明,8618038,熊本県,熊本市東区,長嶺東7-6-2,09011659629,,5280,0,0,0,480,572,400,出荷済,未保留,490798276275,自社倉庫,大貫 知明,8618038,熊本県,熊本市東区,長嶺東7-6-2,09011659629,宅配便,,,,,,,2026/08/24 9:03:58,ヤマト運輸,hinoki-01-5,71032-00001606,ひのき屋 ひのき枕 まくら ヒノキの香り ピロー 純国産 檜 ヒノキ 消臭 抗菌 防虫 防カビ カバー付き 首枕 小さめ おしゃれ リラックス 日本製,1,3960,10,360,1,通常,0,,,,
223718943,Yahoo!ショッピング,67572,株式会社サンリーブ【Ｙ】,glass-garden-10044689,2026/08/22 11:48:29,2026/08/22 11:54:02,完了,PayPay,須沢 隆志,3330866,埼玉県,川口市,芝5-18-2 ライフピア蕨304,09065129210,,3960,0,0,0,360,0,200,出荷済,未保留,187120714675,RFC倉庫,須沢 隆志,3330866,埼玉県,川口市,芝5-18-2 ライフピア蕨304,09065129210,宅配便,,,,,,A00000029988,2026/08/22 12:11:08,日本郵便,flc-002-2-10,71032-00000488,老眼鏡 おしゃれ ヴィンテージ クラシック レディース メンズ リーディンググラス シニアグラス 老眼 眼鏡 メガネ 鯖江 FEELLIFE FLC-002,1,3960,10,360,1,通常,0,,,,
223719544,Yahoo!ショッピング,67572,株式会社サンリーブ【Ｙ】,glass-garden-10044690,2026/08/22 11:56:07,2026/08/22 12:03:09,完了,PayPay,柴田 智子,6580025,兵庫県,神戸市東灘区,魚崎南町7-3-15,08053498266,,4158,0,0,0,378,535,200,出荷済,未保留,490798276286,自社倉庫,柴田 智子,6580025,兵庫県,神戸市東灘区,魚崎南町7-3-15,08053498266,宅配便,2026/08/25,,,,,,2026/08/24 9:03:59,ヤマト運輸,uk-001-002-2A,71032-00001303,高機能トリプルカットレンズ PCメガネ サングラス 伊達メガネ ブルーライトカット UVカット イエローライト 超軽量 美眼 おしゃれ 鯖江企画 ukaru,1,4158,10,378,1,通常,0,,,,
223721986,Yahoo!ショッピング,67572,株式会社サンリーブ【Ｙ】,glass-garden-10044691,2026/08/22 12:33:29,2026/08/22 12:38:22,完了,PayPay,宇都宮 絵里子,1730001,東京都,板橋区,本町18-10 コスモ板橋本町シティフォルム303,09098389352,,5500,0,0,0,500,713,400,出荷済,未保留,680674882171,自社倉庫,宇都宮 絵里子,1730001,東京都,板橋区,本町18-10 コスモ板橋本町シティフォルム303,09098389352,メール便,,,,,,,2026/08/24 9:29:23,日本郵便,fisi-05-4-10,71032-00000374,老眼鏡 栞 おしゃれ ブルーライトカット メンズ レディース リーディンググラス シニアグラス コンパクト 折りたたみ 老眼 眼鏡 メガネ 鯖江 SI-05,1,5500,10,500,1,通常,0,,,,
223722289,楽天市場,67419,株式会社サンリーブ【Ｒ】,361684-20260822-0819949719,2026/08/22 12:42:04,2026/08/22 12:43:05,完了,クレジットカード,中川 和美,774-0014,徳島県,阿南市,学原町居13番地,090-7782-4020,[配送日時指定:],2750,0,0,0,250,2750,0,出荷済,未保留,680674882182,自社倉庫,中川 和美,774-0014,徳島県,阿南市,学原町居内13,090-7782-4020,メール便,,,,,,,2026/08/24 9:29:24,日本郵便,fll-4000-1-20,71032-00001972,老眼鏡 0.5度数から おしゃれ レディース ブルーライトカット 紫外線 uv ボストン かわいい メガネ 老眼 度付き リーディンググラス 30代 40代 50代 女性 クラシック クリアカラー シニアグラス FEELLIFE FLL-4000,1,2750,10,250,1,通常,0,,,,指定なし
223722340,Yahoo!ショッピング,67572,株式会社サンリーブ【Ｙ】,glass-garden-10044692,2026/08/22 12:38:46,2026/08/22 12:43:37,完了,PayPay,若松 啓司,5670085,大阪府,茨木市彩都あさぎ,2-8-21-302,0726412441,,2750,0,0,0,250,337,0,出荷済,未保留,680674882193,自社倉庫,若松 啓司,5670085,大阪府,茨木市彩都あさぎ,2-8-21-302,0726412441,メール便,,,,,,,2026/08/24 9:29:25,日本郵便,fll-4000-1-20,71032-00001972,老眼鏡 0.5度数から おしゃれ レディース ボストン メガネ 度付き 30代 40代 50代 女性 FEELLIFE FLL-4000,1,2750,10,250,1,通常,0,,,,
223723103,楽天市場,67419,株式会社サンリーブ【Ｒ】,361684-20260822-0803949680,2026/08/22 12:55:17,2026/08/22 12:56:19,完了,クレジットカード,柳 貴幸,842-0122,佐賀県,神埼市,神埼町城原３６３０□６,090-1088-1578,[配送日時指定:]2026-08-24(月)19:00-21:00,4400,0,0,0,400,4400,0,出荷済,未保留,203891204823,RFC倉庫,柳 貴幸,842-0122,佐賀県,神埼市,神埼町城原３６３０□６,090-1088-1578,宅配便,2026/08/24,1921,,,,A00000029989,2026/08/22 13:06:33,日本郵便,flm-006-2-20,71032-00000683,老眼鏡 メンズ おしゃれ かっこいい シャープ スタイリッシュ お洒落 ちょいワル リーディンググラス シニアグラス ハーフリム スクエア シルバー ガンメタル 男性用 ギフト 鯖江メーカーデザイン FEELLIFE FLM-006,1,4400,10,400,1,優先配送,0,,,,指定なし
223725322,楽天市場,67419,株式会社サンリーブ【Ｒ】,361684-20260822-0796249368,2026/08/22 13:27:51,2026/08/22 13:28:54,完了,クレジットカード,平栗 昌美,278-0057,千葉県,野田市,光葉町2-16-7,04-7125-2010,[配送日時指定:],6050,0,0,0,550,6050,0,出荷済,未保留,680674882204,自社倉庫,平栗 昌美,278-0057,千葉県,野田市,光葉町2-16-7,04-7125-2010,メール便,,,,,,,2026/08/24 9:29:26,日本郵便,gc001-1,71032-00001439,トリプル オゥ グラスコード メガネチェーン 眼鏡ストラップ おしゃれ 日本製 軽い 金属アレルギー対応 シンプル 老眼鏡 リーディンググラス 刺繍 糸 レディース ユニセックス キュプラ 手洗い可能 TRIPLE O プレゼント ギフト,1,6050,10,550,1,通常,0,,,,指定なし
223726144,楽天市場,67419,株式会社サンリーブ【Ｒ】,361684-20260822-0725349583,2026/08/22 13:41:17,2026/08/22 13:42:32,完了,クレジットカード,佐々木 真梨子,006-0050,北海道,札幌市手稲区,星置南1丁目8-10ディアドリーム1号101号室,090-7514-4384,[配送日時指定:]2026-08-24(月)置き配希望,3960,0,0,110,360,8,0,出荷済,未保留,203891223325,RFC倉庫,佐々木 真梨子,006-0050,北海道,札幌市手稲区,星置南1丁目8-10ディアドリーム1号101号室（置き配希望）,090-7514-4384,宅配便,2026/08/24,,,,ラッピング包装紙:通常ラッピング(画像をクリック),A00000029992,2026/08/22 15:26:00,日本郵便,flow-b-6brn,71032-00000722,メガネ スタンド シンプル おしゃれ 上品 かわいい メガネ立て 牛革使用 ステンレス 滑りどめ加工 インテリア カラフル 贈り物 ギフト 人気 メガネハンガー 眼鏡スタンド 日本製 FLOW Circle series KINZOKUOH Flow-B,1,3960,10,360,1,優先配送,0,,,,指定なし
223726519,Yahoo!ショッピング,67572,株式会社サンリーブ【Ｙ】,glass-garden-10044693,2026/08/22 13:38:03,2026/08/22 13:48:28,完了,PayPay,高井 明美,3060036,茨城県,古河市,桜町12-32,09083471512,,5500,0,0,0,500,712,400,出荷済,未保留,680674882215,自社倉庫,高井 明美,3060036,茨城県,古河市,桜町12-32,09083471512,メール便,,,,,,,2026/08/24 9:29:27,日本郵便,fll-4000-1-20,71032-00001972,老眼鏡 0.5度数から おしゃれ レディース ボストン メガネ 度付き 30代 40代 50代 女性 FEELLIFE FLL-4000,2,2750,10,250,1,通常,0,,,,
223728586,楽天市場,67419,株式会社サンリーブ【Ｒ】,361684-20260822-0800149495,2026/08/22 14:20:00,2026/08/22 14:21:01,完了,銀行振込,末廣 千鶴,579-8065,大阪府,東大阪市,新池島町3丁目2-17,090-1156-5994,[配送日時指定:]16:00-18:00,1001,0,0,0,91,1001,0,出荷済,未保留,490798276290,自社倉庫,末廣 千鶴,579-8065,大阪府,東大阪市,新池島町3丁目2-17,090-1156-5994,宅配便,,1618,,,,,2026/08/24 9:03:59,ヤマト運輸,hy-8042-blk,71032-00001331,メガネケース ハード コンパクト 小さめ 軽量 シンプル デザイン 上品 本革 風 PUレザー ファブリック調 おしゃれ 低価格 女性用 男性用 メガネ 眼鏡 めがね サングラス PCメガネ 老眼鏡 マグネットタイプ 眼鏡ケース 贈り物 HY-8042,1,1001,10,91,1,通常,0,,,,指定なし
223729123,Yahoo!ショッピング,67572,株式会社サンリーブ【Ｙ】,glass-garden-10044694,2026/08/22 14:27:43,2026/08/22 14:28:16,完了,PayPay,山口 博士,2220033,神奈川県,横浜市港北区,新横浜1-13-6 アイシスプラザIII703,07064886987,,4950,0,0,0,450,666,200,出荷済,未保留,680674882226,自社倉庫,税理士法人 天照,2220033,神奈川県,横浜市港北区,新横浜1-13-6 アイシスプラザIII703,07064886987,メール便,,,,,,,2026/08/24 9:29:27,日本郵便,si-01sa-1-20,71032-00000984,老眼鏡 栞 おしゃれ ブルーライトカット メンズ レディース リーディンググラス シニアグラス 折りたたみ 老眼 眼鏡 メガネ 鯖江 SI-01SAP,1,4950,10,450,1,通常,0,,,,
223729713,Yahoo!ショッピング,67572,株式会社サンリーブ【Ｙ】,glass-garden-10044695,2026/08/22 14:36:41,2026/08/22 14:38:18,完了,PayPay,佐藤 俊介,6638033,兵庫県,西宮市,高木東町13-35,0798552158,,3960,0,0,0,360,512,200,出荷済,未保留,203891247571,RFC倉庫,佐藤 俊介,6638033,兵庫県,西宮市,高木東町13-35,0798552158,宅配便,,,,,,A00000029991,2026/08/22 15:01:31,日本郵便,flc-002-2-10,71032-00000488,老眼鏡 おしゃれ ヴィンテージ クラシック レディース メンズ リーディンググラス シニアグラス 老眼 眼鏡 メガネ 鯖江 FEELLIFE FLC-002,1,3960,10,360,1,通常,0,,,,
223731601,Yahoo!ショッピング,67572,株式会社サンリーブ【Ｙ】,glass-garden-10044696,2026/08/22 15:08:15,2026/08/22 15:08:26,完了,PayPay,渋谷 勝也,5900066,大阪府,堺市堺区賑町,1丁2-3,0722756405,,4400,0,0,0,400,449,440,出荷済,未保留,203891247641,RFC倉庫,渋谷 勝也,5900066,大阪府,堺市堺区賑町,1丁2-3,0722756405,宅配便,2026/08/25,,,,,A00000029993,2026/08/22 15:30:59,日本郵便,flm-006-2-10,71032-00000679,老眼鏡 メンズ おしゃれ かっこいい リーディンググラス シニアグラス メタルフレーム ナイロール 老眼 眼鏡 メガネ 鯖江 FEELLIFE FLM-006,1,4400,10,400,1,通常,0,,,,
223732463,Yahoo!ショッピング,67572,株式会社サンリーブ【Ｙ】,glass-garden-10044697,2026/08/22 15:11:10,2026/08/22 15:23:01,完了,PayPay,山田 美和,1610033,東京都,新宿区,下落合３丁目 １５ー１７ー１００３,09011930643,,660,0,0,0,60,93,0,出荷済,未保留,680674882230,自社倉庫,山田 美和,1610033,東京都,新宿区,下落合３丁目 １５ー１７ー１００３,09011930643,メール便,,,,,,,2026/08/24 9:29:28,日本郵便,p370pu,71032-00001392,老眼鏡 栞 専用メガネケース SI-09 SI-10 対応 SHIORI P370PU,1,660,10,60,1,通常,0,,,,
223732806,Yahoo!ショッピング,67572,株式会社サンリーブ【Ｙ】,glass-garden-10044698,2026/08/22 15:26:41,2026/08/22 15:28:19,完了,PayPay,金杉 幸子,340-0013,埼玉県,草加市,松江6-1-1 ,090-4432-6106,,6270,0,0,0,570,715,400,出荷済,未保留,490798276301,自社倉庫,金杉 幸子,340-0013,埼玉県,草加市,松江6-1-1 ,090-4432-6106,宅配便,,,,,,,2026/08/24 9:04:00,ヤマト運輸,tofu-4b-1,71032-00001881,TOFU トートバッグ メンズ レディース シンプル おしゃれ カジュアル フォーマル 大きめ A4対応 軽量 軽い 無地 白 黒 ホワイト ブラック TOFU-4B,1,6270,10,570,1,通常,0,,,,
223734030,Yahoo!ショッピング,67572,株式会社サンリーブ【Ｙ】,glass-garden-10044699,2026/08/22 15:47:23,2026/08/22 15:48:22,完了,PayPay,南 絵美,2270036,神奈川県,横浜市青葉区奈良町,2762の117 ライオンズヴィラッジオ407,0459610623,,3960,0,0,0,360,518,200,出荷済,未保留,369838215305,RFC倉庫,南 絵美,2270036,神奈川県,横浜市青葉区奈良町,2762の117 ライオンズヴィラッジオ407,0459610623,宅配便,,,,,,A00000029994,2026/08/22 16:11:19,日本郵便,flc-002-2-15,71032-00000490,老眼鏡 おしゃれ ヴィンテージ クラシック レディース メンズ リーディンググラス シニアグラス 老眼 眼鏡 メガネ 鯖江 FEELLIFE FLC-002,1,3960,10,360,1,通常,0,,,,
223734995,楽天市場,67419,株式会社サンリーブ【Ｒ】,361684-20260822-0735749442,2026/08/22 16:02:35,2026/08/22 16:03:37,完了,クレジットカード,森本 光一,370-0861,群馬県,高崎市,八千代町1-3-6（有）エムズ,080-5000-2270,[配送日時指定:],7150,0,0,0,650,0,0,出荷済,未保留,680674882241,自社倉庫,森本 光一,370-0861,群馬県,高崎市,八千代町1-3-6（有）エムズ,080-5000-2270,メール便,,,,,,,2026/08/24 9:29:28,日本郵便,si-13-1-15,71032-00001396,栞 老眼鏡 跳ね上げ式 リーディンググラス ブルーライトカット 薄型 非球面レンズ 折りたたみ式 コンパクト 薄い 軽い レディース メンズ おしゃれ シニアグラス 旅行 携帯 ラウンド 丸メガネ 鯖江メーカーデザイン SHIORI SI-13,1,7150,10,650,1,通常,0,,,,指定なし
223738786,楽天市場,67419,株式会社サンリーブ【Ｒ】,361684-20260822-0883549278,2026/08/22 17:03:10,2026/08/22 17:04:11,完了,クレジットカード,鯨岡 実穂,124-0021,東京都,葛飾区,細田2-2-10,090-2472-5239,[配送日時指定:]2026-08-24(月)18:00-20:00,3630,0,0,0,330,0,0,出荷済,未保留,369838215250,RFC倉庫,鯨岡 実穂,124-0021,東京都,葛飾区,細田2-2-10,090-2472-5239,宅配便,2026/08/24,1820,,,,A00000029995,2026/08/22 17:21:05,日本郵便,fll-3004-3-05,71032-00001452,老眼鏡 0.5から おしゃれ レディース ブルーライトカット 紫外線 uv ボストン かわいい メガネ 老眼 度付き リーディンググラス 30代 40代 50代 女性 クラシック 黒縁 ニュアンスカラー シニアグラス 丸眼鏡 FEELLIFE FLL-3004,1,3630,10,330,1,優先配送,0,,,,車庫
223740538,Yahoo!ショッピング,67572,株式会社サンリーブ【Ｙ】,glass-garden-10044700,2026/08/22 17:26:40,2026/08/22 17:33:04,完了,PayPay,松崎 正治,7202126,広島県,福山市,神辺町字徳田1857-6,09073734689,,4400,0,0,0,400,0,200,出荷済,未保留,203891247361,RFC倉庫,松崎 正治,7202126,広島県,福山市,神辺町字徳田1857-6,09073734689,宅配便,2026/08/25,,,,,A00000029996,2026/08/22 17:51:11,日本郵便,flm-006-1-15,71032-00000680,老眼鏡 メンズ おしゃれ かっこいい リーディンググラス シニアグラス メタルフレーム ナイロール 老眼 眼鏡 メガネ 鯖江 FEELLIFE FLM-006,1,4400,10,400,1,通常,0,,,,
223740887,Yahoo!ショッピング,67572,株式会社サンリーブ【Ｙ】,glass-garden-10044701,2026/08/22 17:38:08,2026/08/22 17:38:15,完了,PayPay,井上 喜代子,2590312,神奈川県,足柄下郡湯河原町,吉浜688-14 キャッスル湯河原603,09060046262,,6050,0,0,0,550,790,400,出荷済,未保留,680674882252,自社倉庫,井上 喜代子,2590312,神奈川県,足柄下郡湯河原町,吉浜688-14 キャッスル湯河原603,09060046262,メール便,,,,,,,2026/08/24 9:29:30,日本郵便,gc001-4,71032-00001444,トリプル オゥ グラスコード メガネチェーン 眼鏡ストラップ おしゃれ 日本製 軽い 老眼鏡 サングラス レディース プレゼント gc001,1,6050,10,550,1,通常,0,,,,
223741808,楽天市場,67419,株式会社サンリーブ【Ｒ】,361684-20260822-0864649698,2026/08/22 17:51:58,2026/08/22 17:53:00,完了,クレジットカード,川上 裕司,651-1204,兵庫県,神戸市北区,花山東町2-20-302,070-8900-8910,[配送日時指定:]2026-08-24(月)午前中,7150,0,0,0,650,7150,0,出荷済,未保留,203891247464,RFC倉庫,川上 裕司,651-1204,兵庫県,神戸市北区,花山東町2-20-302,070-8900-8910,宅配便,2026/08/24,0812,,,,A00000029997,2026/08/22 18:01:00,日本郵便,flh-001ph-2-10,71032-00001356,老眼鏡 跳ね上げ式 調光レンズ UVカット ブルーライトカット サングラス おしゃれ かっこいい シャープ スタイリッシュ メンズ メガネ リーディンググラス シニアグラス ギフト 鯖江メーカーデザイン FEELLIFE FLH-001PH,1,7150,10,650,1,優先配送,0,,,,玄関前
223742100,Yahoo!ショッピング,67572,株式会社サンリーブ【Ｙ】,glass-garden-10044702,2026/08/22 17:55:21,2026/08/22 17:58:03,完了,PayPay,岩永 千歳,6800055,鳥取県,鳥取市,戎町306 ドリームガーデンエビス301,08038877344,,1001,0,0,0,91,63,200,出荷済,未保留,490798276312,自社倉庫,岩永 千歳,6800055,鳥取県,鳥取市,戎町306 ドリームガーデンエビス301,08038877344,宅配便,,,,,,,2026/08/24 9:04:01,ヤマト運輸,hy-8042-blk,71032-00001331,メガネケース 小さめ 軽量 本革 風 シンプル デザイン おしゃれ 低価格 メンズ レディース  メガネ 眼鏡 サングラス PCメガネ 老眼鏡 HY-8042,1,1001,10,91,1,通常,0,,,,
223742435,楽天市場,67419,株式会社サンリーブ【Ｒ】,361684-20260822-0833349619,2026/08/22 18:02:13,2026/08/22 18:03:29,完了,クレジットカード,並田 正太,816-0803,福岡県,春日市,春日原南町4丁目70-1,080-3968-6400,[配送日時指定:],1320,0,0,0,120,55,0,出荷済,未保留,680674882263,自社倉庫,並田 正太,816-0803,福岡県,春日市,春日原南町4丁目70-1,080-3968-6400,メール便,,,,,,,2026/08/24 9:29:30,日本郵便,p370pu,71032-00001392,栞 メガネケース 老眼鏡 SHIORI SI-09 SI-10 専用 リーディンググラス しおり スリム おしゃれ メンズ レディース 折りたたみ 薄型 P370PU,2,660,10,60,1,通常,0,,,,指定なし
223742760,楽天市場,67419,株式会社サンリーブ【Ｒ】,361684-20260822-0793749464,2026/08/22 18:07:56,2026/08/22 18:08:57,完了,クレジットカード,佐藤 良子,879-4632,大分県,玖珠郡九重町,松木5353-1恵良住宅232,090-5732-4788,[配送日時指定:],1760,0,0,0,160,0,10,出荷済,未保留,680674882274,自社倉庫,佐藤 良子,879-4632,大分県,玖珠郡九重町,松木 5353-1 恵良住宅 232,090-5732-4788,メール便,,,,,,,2026/08/24 9:29:31,日本郵便,5584-21,71032-00001737,【8月31日までセール価格】サングラス レディース UVカット 伊達メガネ おしゃれ かわいい 紫外線 対策 美肌 眼鏡 ライトカラー クリアレンズ オールシーズン 女性  ボストン ブランド 可愛い バイカラーケース付 鯖江メーカーデザイン GG eyewear 5584,1,1760,10,160,1,通常,0,,,,指定なし
223743415,楽天市場,67419,株式会社サンリーブ【Ｒ】,361684-20260822-0791649385,2026/08/22 18:19:59,2026/08/22 18:21:03,完了,クレジットカード,加藤 みどり,202-0004,東京都,西東京市,下保谷5ー5ー14ー110,090-2633-5843,[配送日時指定:],1980,0,0,0,180,92,0,出荷済,未保留,680674882285,自社倉庫,加藤 みどり,202-0004,東京都,西東京市,下保谷5ー5ー14ー110,090-2633-5843,メール便,,,,,,,2026/08/24 9:29:31,日本郵便,k-cloth-2,71032-00001480,メガネ拭き クロス めがねふき マイクロファイバー 恐竜 グッズ 子ども 大人 プレゼント かわいい スマホクリーナー カメラ拭き ティラノサウルス トリケラトプス ブラキオサウルス お土産 福井 ダイナソー K-CLOTH プレゼント 父の日,1,990,10,90,1,通常,0,,,,指定なし
223743415,楽天市場,67419,株式会社サンリーブ【Ｒ】,361684-20260822-0791649385,2026/08/22 18:19:59,2026/08/22 18:21:03,完了,クレジットカード,加藤 みどり,202-0004,東京都,西東京市,下保谷5ー5ー14ー110,090-2633-5843,[配送日時指定:],1980,0,0,0,180,92,0,出荷済,未保留,680674882285,自社倉庫,加藤 みどり,202-0004,東京都,西東京市,下保谷5ー5ー14ー110,090-2633-5843,メール便,,,,,,,2026/08/24 9:29:31,日本郵便,k-cloth-3,71032-00001481,メガネ拭き クロス めがねふき マイクロファイバー 恐竜 グッズ 子ども 大人 プレゼント かわいい スマホクリーナー カメラ拭き ティラノサウルス トリケラトプス ブラキオサウルス お土産 福井 ダイナソー K-CLOTH プレゼント 父の日,1,990,10,90,1,通常,0,,,,指定なし
223744381,楽天市場,67419,株式会社サンリーブ【Ｒ】,361684-20260822-0847949709,2026/08/22 18:37:13,2026/08/22 18:38:14,完了,クレジットカード,角倉 史峰,666-0152,兵庫県,川西市,丸山台１?１?２８ウエストテラス１１０９,090-6964-4073,[配送日時指定:],5500,0,0,0,500,471,0,出荷済,未保留,680674882296,自社倉庫,角倉 史峰,666-0152,兵庫県,川西市,丸山台１?１?２８ウエストテラス１１０９,090-6964-4073,メール便,,,,,,,2026/08/24 9:29:32,日本郵便,fisi-05-2-20,71032-00000380,栞 老眼鏡 リーディンググラス ブルーライトカット 薄型 非球面レンズ 折りたたみ式 コンパクト 薄い 軽い レディース メンズ おしゃれ お洒落 シニアグラス 旅行 携帯用 特許商品 丸メガネ 鯖江メーカーデザイン SHIORI FISI-05,1,5500,10,500,1,通常,0,,,,指定なし
223744659,Yahoo!ショッピング,67572,株式会社サンリーブ【Ｙ】,glass-garden-10044703,2026/08/22 18:42:49,2026/08/22 18:43:15,完了,PayPay,槇 孝則,3360917,埼玉県,さいたま市緑区,芝原３丁目 ８－１１,09035079237,,4400,0,0,0,400,0,300,出荷済,未保留,187120714561,RFC倉庫,槇 孝則,3360917,埼玉県,さいたま市緑区,芝原３丁目 ８－１１,09035079237,宅配便,2026/08/25,,,,,A00000029998,2026/08/22 19:06:01,日本郵便,flm-006-2-25,71032-00000685,老眼鏡 メンズ おしゃれ かっこいい リーディンググラス シニアグラス メタルフレーム ナイロール 老眼 眼鏡 メガネ 鯖江 FEELLIFE FLM-006,1,4400,10,400,1,通常,0,,,,
223746247,Yahoo!ショッピング,67572,株式会社サンリーブ【Ｙ】,glass-garden-10044704,2026/08/22 19:04:24,2026/08/22 19:13:28,完了,PayPay,小林 はるみ,2350021,神奈川県,横浜市磯子区,岡村1-10-8-4,08039100989,,3630,0,0,0,330,480,200,出荷済,未保留,187120714616,RFC倉庫,小林 はるみ,2350021,神奈川県,横浜市磯子区,岡村1-10-8-4,08039100989,宅配便,2026/08/26,,,,,A00000029999,2026/08/22 19:31:14,日本郵便,fll-3004-3-15,71032-00001458,老眼鏡 おしゃれ ブルーライトカット +0.5から レディース メンズ リーディンググラス シニアグラス 老眼 眼鏡 メガネ 鯖江 FEELLIFE FLL-3004,1,3630,10,330,1,通常,0,,,,
223746681,au Payマーケット,67574,株式会社サンリーブ【ａ】,746598069,2026/08/22 19:18:00,2026/08/22 19:22:13,完了,クレジットカード,八幡 里美,651-2273,兵庫県,神戸市西区糀台５?１?１ グラスアリーナ西神中央1202号,,090-8480-2015,,990,0,0,0,90,906,0,出荷済,未保留,680674882300,自社倉庫,八幡 里美,651-2273,兵庫県,神戸市西区糀台５?１?１ グラスアリーナ西神中央1202号,,090-8480-2015,メール便,,,,,,,2026/08/24 9:29:33,日本郵便,k-cloth-2,71032-00001480,メガネ拭き クロス メガネクリーナー クリーニングクロス スマホ画面拭き 恐竜 グッズ 福井 お土産 K-CLOTH,1,990,10,90,1,通常,0,,,,
223748549,楽天市場,67419,株式会社サンリーブ【Ｒ】,361684-20260822-0683849725,2026/08/22 19:53:51,2026/08/22 19:55:07,完了,クレジットカード,林 尚佳,603-8084,京都府,京都市北区,上賀茂土門町90-1レスポワール鴨東202,090-8208-2044,[配送日時指定:]2026-08-24(月)午前中,3630,0,0,0,330,0,0,出荷済,未保留,203891247254,RFC倉庫,林 尚佳,603-8084,京都府,京都市北区,上賀茂土門町90-1レスポワール鴨東202,090-8208-2044,宅配便,2026/08/24,0812,,,,A00000030000,2026/08/22 20:11:34,日本郵便,fll-3004-2-05,71032-00001451,老眼鏡 0.5から おしゃれ レディース ブルーライトカット 紫外線 uv ボストン かわいい メガネ 老眼 度付き リーディンググラス 30代 40代 50代 女性 クラシック 黒縁 ニュアンスカラー シニアグラス 丸眼鏡 FEELLIFE FLL-3004,1,3630,10,330,1,優先配送,0,,,,玄関前
223749956,Yahoo!ショッピング,67572,株式会社サンリーブ【Ｙ】,glass-garden-10044707,2026/08/22 20:15:13,2026/08/22 20:18:12,完了,PayPay,磯嶋 聡美,0391161,青森県,八戸市,大字河原木字小田上1-6 シルバーベルC,09038762708,,3630,0,0,0,330,480,200,出荷済,未保留,203891247335,RFC倉庫,磯嶋 聡美,0391161,青森県,八戸市,大字河原木字小田上1-6 シルバーベルC,09038762708,宅配便,2026/08/25,,,,,A00000030001,2026/08/22 20:41:14,日本郵便,fll-3004-1-15,71032-00001456,老眼鏡 おしゃれ ブルーライトカット +0.5から レディース メンズ リーディンググラス シニアグラス 老眼 眼鏡 メガネ 鯖江 FEELLIFE FLL-3004,1,3630,10,330,1,通常,0,,,,
223750320,Yahoo!ショッピング,67572,株式会社サンリーブ【Ｙ】,glass-garden-10044708,2026/08/22 20:18:50,2026/08/22 20:23:22,完了,PayPay,山根 智美,6638106,兵庫県,西宮市,大屋町13-2,07-9867-1052,時間指定18時?でお願いします,3960,0,0,0,360,513,200,出荷済,未保留,203891330985,RFC倉庫,南 早苗,5550001,大阪府,大阪市西淀川区,佃3-19-2-807,06-6472-4098,宅配便,2026/08/25,1820,,,,A00000030011,2026/08/23 14:46:07,日本郵便,flc-002-1-25,71032-00000493,老眼鏡 おしゃれ ヴィンテージ クラシック レディース メンズ リーディンググラス シニアグラス 老眼 眼鏡 メガネ 鯖江 FEELLIFE FLC-002,1,3960,10,360,1,通常,0,,,,指定なし
223751642,Yahoo!ショッピング,67572,株式会社サンリーブ【Ｙ】,glass-garden-10044709,2026/08/22 20:37:51,2026/08/22 20:43:38,完了,PayPay,小笠原 由里子,3390033,埼玉県,さいたま市岩槻区,大字黒谷1721-1,09080236037,,1760,0,0,0,160,0,500,出荷済,未保留,680674882311,自社倉庫,小笠原 由里子,3390033,埼玉県,さいたま市岩槻区,大字黒谷1721-1,09080236037,メール便,,,,,,,2026/08/24 9:29:33,日本郵便,5584-22,71032-00001527,サングラス レディース おしゃれ 伊達メガネ uvカット 紫外線 対策 ライトカラー クリアレンズ ボストン 眼鏡 鯖江 ケース メガネ拭き付き 5584,1,1760,10,160,1,通常,0,,,,
223755315,Yahoo!ショッピング,67572,株式会社サンリーブ【Ｙ】,glass-garden-10044710,2026/08/22 21:29:32,2026/08/22 21:33:30,完了,PayPay,川上 裕司,6511204,兵庫県,神戸市北区花山東町,2 花山東団地20号棟302号室,07089008910,,8250,0,0,0,750,0,800,出荷済,未保留,680674882322,自社倉庫,川上 裕司,6511204,兵庫県,神戸市北区花山東町,2 花山東団地20号棟302号室,070-8900-8910,メール便,,,,,,,2026/08/24 9:29:34,日本郵便,si-13ph-1-20,71032-00001548,si-13ph-1-20,1,8250,10,750,1,通常,0,,,,指定なし
223755315,Yahoo!ショッピング,67572,株式会社サンリーブ【Ｙ】,glass-garden-10044710,2026/08/22 21:29:32,2026/08/22 21:33:30,完了,PayPay,川上 裕司,6511204,兵庫県,神戸市北区花山東町,2 花山東団地20号棟302号室,07089008910,,8250,0,0,0,750,0,800,出荷済,未保留,680674882322,自社倉庫,川上 裕司,6511204,兵庫県,神戸市北区花山東町,2 花山東団地20号棟302号室,070-8900-8910,メール便,,,,,,,2026/08/24 9:29:34,日本郵便,si-13ph-1-10,71032-00001542,老眼鏡 栞 跳ね上げ式 調光レンズ ブルーライトカット メンズ レディース リーディンググラス 折りたたみ 老眼 眼鏡 メガネ 鯖江 SHIORI SI-13PH,1,8250,10,750,1,通常,0,,,,指定なし
223755325,Yahoo!ショッピング,67572,株式会社サンリーブ【Ｙ】,glass-garden-10044711,2026/08/22 21:32:18,2026/08/22 21:33:33,完了,PayPay,大江 幸,2140033,神奈川県,川崎市多摩区東三田,3-10-1-227,09060028852,,3630,0,0,0,330,465,200,出荷済,未保留,187120714642,RFC倉庫,大江 幸,2140033,神奈川県,川崎市多摩区東三田,3-10-1-227,09060028852,宅配便,,,,,,A00000030002,2026/08/22 21:56:02,日本郵便,fll-3004-3-05,71032-00001452,老眼鏡 おしゃれ ブルーライトカット +0.5から レディース メンズ リーディンググラス シニアグラス 老眼 眼鏡 メガネ 鯖江 FEELLIFE FLL-3004,1,3630,10,330,1,通常,0,,,,
223756080,楽天市場,67419,株式会社サンリーブ【Ｒ】,361684-20260822-0928449345,2026/08/22 21:42:54,2026/08/22 21:43:55,完了,クレジットカード,八木 正幸,299-3218,千葉県,大網白里市,北飯塚262,090-4521-5207,[配送日時指定:],3300,0,0,0,300,170,0,出荷済,未保留,680674882333,自社倉庫,八木 正幸,130-0013,東京都,墨田区,錦糸1-6-11-301,090-4521-5207,メール便,,,,,,,2026/08/24 9:29:35,日本郵便,ph5099-1,71032-00000925,【8月31日までセール価格】調光 サングラス UVカット 紫外線 ブルーライトカット レディース メンズ 伊達メガネ カラーレンズ おしゃれ 眼鏡 ボストン 女性  ブランド ファッション バイカラーケース付 鯖江メーカーデザイン GG eyewear ph5099,1,3300,10,300,1,通常,0,,,,指定なし
223759096,楽天市場,67419,株式会社サンリーブ【Ｒ】,361684-20260822-0906949503,2026/08/22 22:24:21,2026/08/22 22:25:44,完了,クレジットカード,山崎 浩一,260-0024,千葉県,千葉市中央区,中央港１丁目20-21 グランスイートブルー 412号室,050-5847-6230,[配送日時指定:],6050,0,0,0,550,6050,0,出荷済,未保留,680674882344,自社倉庫,山崎 浩一,260-0024,千葉県,千葉市中央区,中央港1-20-21-412,080-8722-8214,メール便,,,,,,,2026/08/24 9:29:36,日本郵便,si-11-3-10,71032-00001365,栞 老眼鏡 リーディンググラス ブルーライトカット 薄型 非球面レンズ 折りたたみ式 コンパクト 薄い 軽い レディース メンズ おしゃれ シニアグラス 旅行 携帯 クラシック ラウンド 丸メガネ 鯖江メーカーデザイン SHIORI SI-11,1,6050,10,550,1,通常,0,,,,指定なし
223759097,楽天市場,67419,株式会社サンリーブ【Ｒ】,361684-20260822-0917849647,2026/08/22 22:24:43,2026/08/22 22:25:45,完了,クレジットカード,山口 修一,396-0022,長野県,伊那市,御園647-3,0265-74-6010,[配送日時指定:]2026-08-24(月)指定なし置き配OKです,4400,0,0,0,400,400,0,出荷済,未保留,203891300351,RFC倉庫,山口 修一,396-0022,長野県,伊那市,御園647-3(置き配可),0265-74-6010,宅配便,2026/08/24,,,,,A00000030012,2026/08/23 14:51:08,日本郵便,flm-001-1-10,71032-00000629,老眼鏡 メンズ おしゃれ かっこいい シャープ スタイリッシュ お洒落 ちょいワル リーディンググラス シニアグラス メタル ハーフリム スクエア シルバー ブラック 男性用 ギフト 鯖江メーカーデザイン FEELLIFE FLM-001,1,4400,10,400,1,優先配送,0,,,,宅配ボックス
223759759,楽天市場,67419,株式会社サンリーブ【Ｒ】,361684-20260822-0889149358,2026/08/22 22:35:09,2026/08/22 22:36:10,完了,クレジットカード,清水 公美子,190-0031,東京都,立川市,砂川町7-50-9,090-4058-4464,[配送日時指定:],3630,0,0,0,330,0,0,出荷済,未保留,369838215261,RFC倉庫,清水 公美子,190-0031,東京都,立川市,砂川町7-50-9,090-4058-4464,宅配便,,,,,,A00000030003,2026/08/22 23:21:11,日本郵便,fll-3000-1-05,71032-00001579,老眼鏡 0.5から おしゃれ レディース ブルーライトカット 紫外線 uv ボストン かわいい シニアグラス リーディンググラス 軽い 軽量 人気 シンプル プレゼント 30代 40代 50代 女性 ケース付 鯖江デザイン FEELLIFE FLL3000,1,3630,10,330,1,通常,0,,,,宅配ボックス
223760362,楽天市場,67419,株式会社サンリーブ【Ｒ】,361684-20260822-0914449546,2026/08/22 22:44:14,2026/08/22 22:45:15,完了,クレジットカード,川原 力也,536-0001,大阪府,大阪市城東区,古市３丁目８ー１３ー４０５,06-6167-8399,[配送日時指定:],2750,0,0,0,250,0,0,出荷済,未保留,680674882355,自社倉庫,川原 力也,536-0001,大阪府,大阪市城東区,古市３丁目８ー１３ー４０５,06-6167-8399,メール便,,,,,,,2026/08/24 9:29:37,日本郵便,fll-4000-1-25,71032-00001973,老眼鏡 0.5度数から おしゃれ レディース ブルーライトカット 紫外線 uv ボストン かわいい メガネ 老眼 度付き リーディンググラス 30代 40代 50代 女性 クラシック クリアカラー シニアグラス FEELLIFE FLL-4000,1,2750,10,250,1,通常,0,,,,指定なし
223762179,Yahoo!ショッピング,67572,株式会社サンリーブ【Ｙ】,glass-garden-10044712,2026/08/22 23:11:58,2026/08/22 23:13:16,完了,PayPay,齋藤 裕美,1980053,東京都,青梅市,駒木町3-468-1,08051893621,,1760,0,0,0,160,248,0,出荷済,未保留,680674882366,自社倉庫,齋藤 裕美,1980053,東京都,青梅市,駒木町3-468-1,08051893621,メール便,,,,,,,2026/08/24 9:29:37,日本郵便,5584-22,71032-00001527,サングラス レディース おしゃれ 伊達メガネ uvカット 紫外線 対策 ライトカラー クリアレンズ ボストン 眼鏡 鯖江 ケース メガネ拭き付き 5584,1,1760,10,160,1,通常,0,,,,
223763513,楽天市場,67419,株式会社サンリーブ【Ｒ】,361684-20260822-0912449680,2026/08/22 23:35:32,2026/08/22 23:36:34,完了,クレジットカード,深井 久史,135-0061,東京都,江東区,豊洲５-６-２９パークホームズ豊洲９０２号室,090-9834-7515,[配送日時指定:],6380,0,0,0,580,1620,0,出荷済,未保留,490798276323,自社倉庫,深井 久史,135-0061,東京都,江東区,豊洲５-６-２９パークホームズ豊洲９０２号室,090-9834-7515,宅配便,,,,,,,2026/08/24 9:04:01,ヤマト運輸,bdr-1002-2-15,71032-00000104,BEAMS DESIGN 老眼鏡 折りたたみ 携帯 レディース メンズ 女性用 男性用 おしゃれ コンパクト スクエア リーディンググラス シニアグラス ブラックマット ブラウンデミ 専用ケース付 ギフト ビームス デザイン BDR-1002,1,6380,10,580,1,通常,0,,,,指定なし
223764151,楽天市場,67419,株式会社サンリーブ【Ｒ】,361684-20260822-0917849597,2026/08/22 23:48:15,2026/08/22 23:49:16,完了,クレジットカード,石原 聖子,902-0066,沖縄県,那覇市,大道92-11 2階,090-5371-7997,[配送日時指定:],2750,0,0,0,250,0,0,出荷済,未保留,680674882370,自社倉庫,石原 聖子,902-0066,沖縄県,那覇市,大道92-11 2階,090-5371-7997,メール便,,,,,,,2026/08/24 9:29:38,日本郵便,fll-4000-1-20,71032-00001972,老眼鏡 0.5度数から おしゃれ レディース ブルーライトカット 紫外線 uv ボストン かわいい メガネ 老眼 度付き リーディンググラス 30代 40代 50代 女性 クラシック クリアカラー シニアグラス FEELLIFE FLL-4000,1,2750,10,250,1,通常,0,,,,指定なし
223765534,Yahoo!ショッピング,67572,株式会社サンリーブ【Ｙ】,glass-garden-10044713,2026/08/23 0:16:44,2026/08/23 0:18:04,完了,クレジットカード,久保田 正文,7315115,広島県,広島市佐伯区,八幡東2丁目9-10,09031737604,,660,0,0,0,60,0,0,出荷済,未保留,680674882381,自社倉庫,久保田 正文,7315115,広島県,広島市佐伯区,八幡東2丁目9-10,09031737604,メール便,,,,,,,2026/08/24 9:29:39,日本郵便,p370pu,71032-00001392,老眼鏡 栞 専用メガネケース SI-09 SI-10 対応 SHIORI P370PU,1,660,10,60,1,通常,0,,,,
223765904,Yahoo!ショッピング,67572,株式会社サンリーブ【Ｙ】,glass-garden-10044714,2026/08/23 0:24:07,2026/08/23 0:28:04,完了,PayPay,小仲井 明日香,1340083,東京都,江戸川区,中葛西1-21-13 レーヴシャルマン202,09022166570,,10780,0,0,0,980,0,800,出荷済,未保留,490798276334,自社倉庫,小仲井 明日香,1340083,東京都,江戸川区,中葛西1-21-13 レーヴシャルマン202,09022166570,宅配便,,,,,,,2026/08/24 9:04:02,ヤマト運輸,bds-313-2,71032-00002020,BEAMS DESIGN ビームス デザイン サングラス 偏光レンズ uv99%カット メンズ レディース 男女兼用 タウンユース アウトドア ドライブ ギフト bds-313,1,10780,10,980,1,通常,0,,,,
223766096,Yahoo!ショッピング,67572,株式会社サンリーブ【Ｙ】,glass-garden-10044715,2026/08/23 0:30:21,2026/08/23 0:33:12,完了,代金引換,原 圭司,5960056,大阪府,岸和田市,北町8-18 ハーバーレジデンスｋａｎａｊｙｕ505号,07056549355,,7150,0,330,0,650,0,400,出荷済,未保留,856298951211,RFC倉庫,原 圭司,5960056,大阪府,岸和田市,北町8-18 ハーバーレジデンスｋａｎａｊｙｕ505号,07056549355,宅配便,2026/08/25,,,,,A00000030004,2026/08/23 0:50:56,日本郵便,flh-001ph-1-20,71032-00001359,老眼鏡 跳ね上げ式 調光レンズ ブルーライトカット おしゃれ メンズ リーディンググラス シニアグラス 老眼 眼鏡 メガネ 鯖江 FEELLIFE FLH-001PH,1,7150,10,650,1,通常,0,,,,
223767126,楽天市場,67419,株式会社サンリーブ【Ｒ】,361684-20260823-0913449640,2026/08/23 1:09:11,2026/08/23 1:10:36,完了,クレジットカード,山崎 真生,709-3701,岡山県,久米郡美咲町,錦織1007-1,080-1913-0675,[配送日時指定:],3300,0,0,0,300,0,0,出荷済,未保留,680674882392,自社倉庫,山崎 真生,709-3701,岡山県,久米郡美咲町,錦織1007-1,080-1913-0675,メール便,,,,,,,2026/08/24 9:29:39,日本郵便,ph5099-1,71032-00000925,【8月31日までセール価格】調光 サングラス UVカット 紫外線 ブルーライトカット レディース メンズ 伊達メガネ カラーレンズ おしゃれ 眼鏡 ボストン 女性  ブランド ファッション バイカラーケース付 鯖江メーカーデザイン GG eyewear ph5099,1,3300,10,300,1,通常,0,,,,指定なし
223768047,楽天市場,67419,株式会社サンリーブ【Ｒ】,361684-20260823-0834049303,2026/08/23 1:57:36,2026/08/23 1:58:39,完了,クレジットカード,武藤 紀子,849-0935,佐賀県,佐賀市,八戸溝１?７?３２,080-4358-7880,[配送日時指定:],5500,0,0,0,500,0,0,出荷済,未保留,680674882403,自社倉庫,武藤 紀子,849-0935,佐賀県,佐賀市,八戸溝１?７?３２,080-4358-7880,メール便,,,,,,,2026/08/24 9:29:40,日本郵便,si-09-3-20,71032-00001092,栞 老眼鏡 リーディンググラス ブルーライトカット 薄型 非球面レンズ 折りたたみ式 コンパクト 薄い 軽い レディース メンズ おしゃれ お洒落 シニアグラス 旅行 携帯 特許商品 オーバル 鯖江メーカーデザイン SHIORI SI-09,1,5500,10,500,1,通常,0,,,,指定なし
223770699,Yahoo!ショッピング,67572,株式会社サンリーブ【Ｙ】,glass-garden-10044716,2026/08/23 4:36:31,2026/08/23 4:38:02,完了,クレジットカード,米倉 倫,4390026,静岡県,菊川市,西横地 656,090-5858-2300,最短で出荷をお願いします。,39578,0,0,0,3598,0,1500,出荷済,未保留,490798276345,自社倉庫,米倉 倫,4390026,静岡県,菊川市,西横地 656,090-5858-2300,宅配便,,,,,,,2026/08/24 9:04:03,ヤマト運輸,meh-20-04,71032-00001853,グラスコード メガネ マスク ストラップ 眼鏡 イヤホン TOHO BEADS ビーズ アクセサリー ハンドメイド グラスビーズ 日本製 おしゃれ レディース,1,2640,10,240,1,通常,0,,,,指定なし
223770699,Yahoo!ショッピング,67572,株式会社サンリーブ【Ｙ】,glass-garden-10044716,2026/08/23 4:36:31,2026/08/23 4:38:02,完了,クレジットカード,米倉 倫,4390026,静岡県,菊川市,西横地 656,090-5858-2300,最短で出荷をお願いします。,39578,0,0,0,3598,0,1500,出荷済,未保留,490798276345,自社倉庫,米倉 倫,4390026,静岡県,菊川市,西横地 656,090-5858-2300,宅配便,,,,,,,2026/08/24 9:04:03,ヤマト運輸,uk-001-002-2A,71032-00001303,高機能トリプルカットレンズ PCメガネ サングラス 伊達メガネ ブルーライトカット UVカット イエローライト 超軽量 美眼 おしゃれ 鯖江企画 ukaru,1,4158,10,378,1,通常,0,,,,指定なし
223770699,Yahoo!ショッピング,67572,株式会社サンリーブ【Ｙ】,glass-garden-10044716,2026/08/23 4:36:31,2026/08/23 4:38:02,完了,クレジットカード,米倉 倫,4390026,静岡県,菊川市,西横地 656,090-5858-2300,最短で出荷をお願いします。,39578,0,0,0,3598,0,1500,出荷済,未保留,490798276345,自社倉庫,米倉 倫,4390026,静岡県,菊川市,西横地 656,090-5858-2300,宅配便,,,,,,,2026/08/24 9:04:03,ヤマト運輸,b-2311-kro,71032-00001491,ボストンバッグ 旅行バッグ 帆布 日本製 メンズ レディース 大容量 ラベル スポーツ ジム １泊 ２泊 修学 旅行 軽量 出張 キャンバス ARLE B-2311,1,13750,10,1250,1,通常,0,,,,指定なし
223770699,Yahoo!ショッピング,67572,株式会社サンリーブ【Ｙ】,glass-garden-10044716,2026/08/23 4:36:31,2026/08/23 4:38:02,完了,クレジットカード,米倉 倫,4390026,静岡県,菊川市,西横地 656,090-5858-2300,最短で出荷をお願いします。,39578,0,0,0,3598,0,1500,出荷済,未保留,490798276345,自社倉庫,米倉 倫,4390026,静岡県,菊川市,西横地 656,090-5858-2300,宅配便,,,,,,,2026/08/24 9:04:03,ヤマト運輸,b-2311-win,71032-00001490,ボストンバッグ 旅行バッグ 帆布 日本製 メンズ レディース 大容量 ラベル スポーツ ジム １泊 ２泊 修学 旅行 軽量 出張 キャンバス ARLE B-2311,1,13750,10,1250,1,通常,0,,,,指定なし
223770699,Yahoo!ショッピング,67572,株式会社サンリーブ【Ｙ】,glass-garden-10044716,2026/08/23 4:36:31,2026/08/23 4:38:02,完了,クレジットカード,米倉 倫,4390026,静岡県,菊川市,西横地 656,090-5858-2300,最短で出荷をお願いします。,39578,0,0,0,3598,0,1500,出荷済,未保留,490798276345,自社倉庫,米倉 倫,4390026,静岡県,菊川市,西横地 656,090-5858-2300,宅配便,,,,,,,2026/08/24 9:04:03,ヤマト運輸,meh-20-01,71032-00001850,グラスコード メガネ マスク ストラップ 眼鏡 イヤホン TOHO BEADS ビーズ アクセサリー ハンドメイド グラスビーズ 日本製 おしゃれ レディース,1,2640,10,240,1,通常,0,,,,指定なし
223770699,Yahoo!ショッピング,67572,株式会社サンリーブ【Ｙ】,glass-garden-10044716,2026/08/23 4:36:31,2026/08/23 4:38:02,完了,クレジットカード,米倉 倫,4390026,静岡県,菊川市,西横地 656,090-5858-2300,最短で出荷をお願いします。,39578,0,0,0,3598,0,1500,出荷済,未保留,490798276345,自社倉庫,米倉 倫,4390026,静岡県,菊川市,西横地 656,090-5858-2300,宅配便,,,,,,,2026/08/24 9:04:03,ヤマト運輸,meh-20-00,71032-00001849,グラスコード メガネ マスク ストラップ 眼鏡 イヤホン TOHO BEADS ビーズ アクセサリー ハンドメイド グラスビーズ 日本製 おしゃれ レディース,1,2640,10,240,1,通常,0,,,,指定なし
223771190,Yahoo!ショッピング,67572,株式会社サンリーブ【Ｙ】,glass-garden-10044717,2026/08/23 5:39:56,2026/08/23 5:43:04,完了,PayPay,村田 智博,7993111,愛媛県,伊予市,下吾川554番地 グリーンパークNAO B101,08019917081,,4400,0,0,0,400,399,200,出荷済,未保留,203891247696,RFC倉庫,村田 智博,7993111,愛媛県,伊予市,下吾川554番地 グリーンパークNAO B101,08019917081,宅配便,,,,,,A00000030005,2026/08/23 7:09:31,日本郵便,flm-006-2-10,71032-00000679,老眼鏡 メンズ おしゃれ かっこいい リーディンググラス シニアグラス メタルフレーム ナイロール 老眼 眼鏡 メガネ 鯖江 FEELLIFE FLM-006,1,4400,10,400,1,通常,0,,,,
223775599,Yahoo!ショッピング,67572,株式会社サンリーブ【Ｙ】,glass-garden-10044718,2026/08/23 8:26:51,2026/08/23 8:28:20,完了,PayPay,田中 和寿,2450067,神奈川県,横浜市戸塚区,深谷町667-89,08011097715,,2750,0,0,0,250,0,300,出荷済,未保留,680674882414,自社倉庫,田中 和寿,2450067,神奈川県,横浜市戸塚区,深谷町667-89,08011097715,メール便,,,,,,,2026/08/24 9:29:41,日本郵便,fll-4000-3-20,71032-00001982,老眼鏡 0.5度数から おしゃれ レディース ボストン メガネ 度付き 30代 40代 50代 女性 FEELLIFE FLL-4000,1,2750,10,250,1,通常,0,,,,
223776225,楽天市場,67419,株式会社サンリーブ【Ｒ】,361684-20260823-0049249782,2026/08/23 8:40:43,2026/08/23 8:41:46,完了,クレジットカード,坂東 恵津子,575-0043,大阪府,四條畷市,北出町1-32,072-878-8516,[配送日時指定:],2024,0,0,0,184,0,0,出荷済,未保留,680674882425,自社倉庫,坂東 恵津子,575-0043,大阪府,四條畷市,北出町1-32,072-878-8516,メール便,,,,,,,2026/08/24 9:29:41,日本郵便,5135-1,71032-00000048,【8月31日までセール価格】サングラス レディース ブルーライトカット UVカット 伊達メガネ だてめがね PCメガネ 眼鏡 おしゃれ かわいい 可愛い 小顔効果 運転 レトロ クリアレンズ 紫外線 対策 女性 ラウンド 丸眼鏡 鯖江メーカーデザイン GG eyewear 5336P,1,2024,10,184,1,通常,0,,,,指定なし
223776291,楽天市場,67419,株式会社サンリーブ【Ｒ】,361684-20260823-0979249284,2026/08/23 8:41:38,2026/08/23 8:42:40,完了,クレジットカード,中瀬 美紀,689-3205,鳥取県,西伯郡大山町,西坪31-7,070-2361-1823,[配送日時指定:],3300,0,0,0,300,2,0,出荷済,未保留,680674882436,自社倉庫,中瀬 美紀,689-3205,鳥取県,西伯郡大山町,西坪31-7,070-2361-1823,メール便,,,,,,,2026/08/24 9:29:42,日本郵便,ph5099-12,71032-00001818,【8月31日までセール価格】調光 サングラス UVカット 紫外線 ブルーライトカット レディース メンズ 伊達メガネ カラーレンズ おしゃれ 眼鏡 ボストン 女性  ブランド ファッション バイカラーケース付 鯖江メーカーデザイン GG eyewear ph5099,1,3300,10,300,1,通常,0,,,,指定なし
223779780,楽天市場,67419,株式会社サンリーブ【Ｒ】,361684-20260823-0954949698,2026/08/23 9:34:48,2026/08/23 9:36:33,完了,クレジットカード,柳橋 瑛里菜,286-0134,千葉県,成田市,東和田７５０ー１３,080-3698-9535,[配送日時指定:]2026-08-25(火)午前中,8800,0,0,0,800,0,0,出荷済,未保留,490798276356,自社倉庫,柳橋 瑛里菜,286-0134,千葉県,成田市,東和田７５０ー１３,080-3698-9535,宅配便,2026/08/25,0812,,,,,2026/08/24 9:04:03,ヤマト運輸,kibi-m-t1,71032-00001696,割れにくい リサイクルペット樹脂 皿 陶器 高級感 重厚感 肉厚 器 食器 食卓 キッチン リビング 電子レンジ 食洗器 使い心地 日本製 石川県産 サステナブル エコ 3R 選べるデザイン マットカラー 誕生日 贈り物 ギフト 父の日,2,2200,10,200,1,優先配送,0,,,,指定なし
223779780,楽天市場,67419,株式会社サンリーブ【Ｒ】,361684-20260823-0954949698,2026/08/23 9:34:48,2026/08/23 9:36:33,完了,クレジットカード,柳橋 瑛里菜,286-0134,千葉県,成田市,東和田７５０ー１３,080-3698-9535,[配送日時指定:]2026-08-25(火)午前中,8800,0,0,0,800,0,0,出荷済,未保留,490798276356,自社倉庫,柳橋 瑛里菜,286-0134,千葉県,成田市,東和田７５０ー１３,080-3698-9535,宅配便,2026/08/25,0812,,,,,2026/08/24 9:04:03,ヤマト運輸,kibi-m-t3,71032-00001698,割れにくい リサイクルペット樹脂 皿 陶器 高級感 重厚感 肉厚 器 食器 食卓 キッチン リビング 電子レンジ 食洗器 使い心地 日本製 石川県産 サステナブル エコ 3R 選べるデザイン マットカラー 誕生日 贈り物 ギフト 父の日,2,2200,10,200,1,優先配送,0,,,,指定なし
223779912,Yahoo!ショッピング,67572,株式会社サンリーブ【Ｙ】,glass-garden-10044719,2026/08/23 9:33:11,2026/08/23 9:38:27,完了,PayPay,神田 みゆき,2750021,千葉県,習志野市袖ケ浦,6-1-13,09048229088,,3960,0,0,0,360,0,200,出荷済,未保留,187120724486,RFC倉庫,神田 みゆき,2750021,千葉県,習志野市袖ケ浦,6-1-13,09048229088,宅配便,2026/08/25,,,,,A00000030006,2026/08/23 9:56:28,日本郵便,flc-002-2-20,71032-00000492,老眼鏡 おしゃれ ヴィンテージ クラシック レディース メンズ リーディンググラス シニアグラス 老眼 眼鏡 メガネ 鯖江 FEELLIFE FLC-002,1,3960,10,360,1,通常,0,,,,
223780194,楽天市場,67419,株式会社サンリーブ【Ｒ】,361684-20260823-0791149745,2026/08/23 9:41:37,2026/08/23 9:42:37,完了,クレジットカード,野田 道子,426-0017,静岡県,藤枝市,大手2-9-5,090-1989-1749,[配送日時指定:],2420,0,0,0,220,0,0,出荷済,未保留,680674882440,自社倉庫,野田 道子,426-0017,静岡県,藤枝市,大手2-9-5,090-1989-1749,メール便,,,,,,,2026/08/24 9:29:43,日本郵便,gc2008-slv,71032-00001487,グラスコード メガネチェーン 眼鏡ストラップ おしゃれ 日本製 軽い 超軽量 金属 真鍮 メタル シンプル 老眼鏡 リーディンググラス サングラス メガネ 眼鏡 雑貨 アクセサリー レディース ユニセックス ゴールド シルバー GC2008,1,2420,10,220,1,通常,0,,,,指定なし
223780499,楽天市場,67419,株式会社サンリーブ【Ｒ】,361684-20260823-0859549328,2026/08/23 9:45:52,2026/08/23 9:47:03,完了,クレジットカード,佐藤 智美,963-4434,福島県,田村市,船引町門鹿字西ノ内7番地2,080-1853-0614,[配送日時指定:],4180,0,0,0,380,0,0,出荷済,未保留,680674882451,自社倉庫,佐藤 智美,963-4434,福島県,田村市,船引町門鹿字西ノ内7番地2,080-1853-0614,メール便,,,,,,,2026/08/24 9:29:43,日本郵便,gg5099-1-10,71032-00000765,メガネ 度付き 度入り 眼鏡 UVカット ブルーライトカット 近視 お得 レディース メンズ おしゃれ 可愛い かわいい ボストン 予備 エマージェンシー  セカンドメガネ バイカラーケース 鯖江メーカーデザイン GG eyewear gg5099,1,4180,10,380,1,通常,0,,,,指定なし
223783604,楽天市場,67419,株式会社サンリーブ【Ｒ】,361684-20260823-0951549416,2026/08/23 10:27:42,2026/08/23 10:28:44,完了,クレジットカード,大森 洋弥,333-0833,埼玉県,川口市,西新井宿270-7,080-5512-7612,[配送日時指定:],880,0,0,0,80,0,0,出荷済,未保留,490798276360,自社倉庫,大森 洋弥,333-0833,埼玉県,川口市,西新井宿270-7,080-5512-7612,宅配便,,,,,,,2026/08/24 9:04:04,ヤマト運輸,hy-6219-blk,71032-00001318,メガネケース 本革 風 合成皮革 PUレザー おしゃれ シンプル 大人 レトロ クラシカル シック ハードケース 低価格 女性用 男性用 サングラス PCメガネ 老眼鏡 眼鏡 メガネ ブラック ブラウン プレゼント ギフト 贈り物 HY-6219,1,880,10,80,1,通常,0,,,,指定なし
223784333,Yahoo!ショッピング,67572,株式会社サンリーブ【Ｙ】,glass-garden-10044720,2026/08/23 10:33:04,2026/08/23 10:38:39,完了,PayPay,播間 優佳,9890231,宮城県,白石市,福岡蔵本字堂形116,09066204659,,880,0,0,0,80,0,0,出荷済,未保留,490798276371,自社倉庫,播間 優佳,9890231,宮城県,白石市,福岡蔵本字堂形116,09066204659,宅配便,2026/08/26,,,,,,2026/08/24 9:04:04,ヤマト運輸,hy-6219-brn,71032-00001319,メガネケース おしゃれ 本革 風 シンプル ハード 収納 クラシカル メガネ 眼鏡 サングラス 老眼鏡 メンズ レディース 贈り物 HY-6219,1,880,10,80,1,通常,0,,,,
223786626,楽天市場,67419,株式会社サンリーブ【Ｒ】,361684-20260823-0968049558,2026/08/23 11:07:15,2026/08/23 11:08:17,完了,クレジットカード,福田 朱里,332-0034,埼玉県,川口市,並木1-11-29アーバンパーク川口並木509,090-7108-0724,[配送日時指定:],3300,0,0,0,300,0,0,出荷済,未保留,490798276382,自社倉庫,福田 朱里,332-0034,埼玉県,川口市,並木1-11-29アーバンパーク川口並木509,090-7108-0724,宅配便,,,,,,,2026/08/24 9:04:05,ヤマト運輸,1000-1-30,71032-00001963,防災用メガネ 近視用 度入り 非常用 メガネ 防災グッズ 災害用 眼鏡 地震対策 防災対策 避難用 緊急用 防災バッグ 常備用 軽量 丈夫 割れにくい コンパクト ケース付き メンズ レディース 男女兼用 高度数対応 -3.0 -8.0 夜間 1000,1,3300,10,300,1,通常,0,,,,指定なし
223786719,Yahoo!ショッピング,67572,株式会社サンリーブ【Ｙ】,glass-garden-10044721,2026/08/23 10:43:38,2026/08/23 11:08:56,完了,PayPay,下林 郁彦,0200122,岩手県,盛岡市,みたけ3-37-54,09010667508,,2024,0,0,0,184,184,0,出荷済,未保留,680674882462,自社倉庫,下林 郁彦,0200122,岩手県,盛岡市,みたけ3-37-54,09010667508,メール便,,,,,,,2026/08/24 9:29:44,日本郵便,5135-2,71032-00000049,サングラス ブルーライトカットメガネ PCメガネ 伊達メガネ uvカット レディース メンズ おしゃれ パソコンメガネ 度なし ボストン 鯖江 5336P,1,2024,10,184,1,通常,0,,,,
223787240,楽天市場,67419,株式会社サンリーブ【Ｒ】,361684-20260823-0082749779,2026/08/23 11:13:54,2026/08/23 11:14:55,完了,クレジットカード,朝倉 はるか,910-0017,福井県,福井市,文京１丁目26-21サーパス文京101,080-1958-1458,[配送日時指定:],1760,0,0,0,160,0,0,出荷済,未保留,680674882473,自社倉庫,朝倉 はるか,910-0017,福井県,福井市,文京１丁目26-21サーパス文京101,080-1958-1458,メール便,,,,,,,2026/08/24 9:29:45,日本郵便,5584-8,71032-00001738,【8月31日までセール価格】サングラス レディース UVカット 伊達メガネ おしゃれ かわいい 紫外線 対策 美肌 眼鏡 ライトカラー クリアレンズ オールシーズン 女性  ボストン ブランド 可愛い バイカラーケース付 鯖江メーカーデザイン GG eyewear 5584,1,1760,10,160,1,通常,0,,,,指定なし
223793466,楽天市場,67419,株式会社サンリーブ【Ｒ】,361684-20260823-0980049503,2026/08/23 12:13:45,2026/08/23 12:15:09,完了,クレジットカード,松尾 珠奈,871-0008,大分県,中津市,大塚342-1 ディアスH&K 201,090-7470-0823,[配送日時指定:],3300,0,0,0,300,217,0,出荷済,未保留,680674882484,自社倉庫,松尾 珠奈,871-0008,大分県,中津市,大塚342-1 ディアスH&K 201,090-7470-0823,メール便,,,,,,,2026/08/24 9:29:47,日本郵便,ph5099-1,71032-00000925,【8月31日までセール価格】調光 サングラス UVカット 紫外線 ブルーライトカット レディース メンズ 伊達メガネ カラーレンズ おしゃれ 眼鏡 ボストン 女性  ブランド ファッション バイカラーケース付 鯖江メーカーデザイン GG eyewear ph5099,1,3300,10,300,1,通常,0,,,,指定なし
223795737,楽天市場,67419,株式会社サンリーブ【Ｒ】,361684-20260823-0000549955,2026/08/23 12:37:42,2026/08/23 12:38:51,完了,クレジットカード,榊原 幹雄,254-0045,神奈川県,平塚市,見附町23-13-705,0463-67-0555,[配送日時指定:],5940,0,0,0,540,5940,0,出荷済,未保留,187120738571,RFC倉庫,榊原 幹雄,254-0045,神奈川県,平塚市,見附町23-13-705,0463-67-0555,宅配便,,,,,,A00000030007,2026/08/23 13:16:00,日本郵便,fl-1000-1-30,71032-00000397,老眼鏡 チタン製 おしゃれ かっこいい メンズ ブルーライトカット リーディンググラス 軽い 軽量 頑丈 男性用 スクエア シニアグラス ギフト ハードケースとメガネ拭き付 鯖江メーカーデザイン FEELLIFE FL-1000,1,5940,10,540,1,通常,0,,,,指定なし
223796554,楽天市場,67419,株式会社サンリーブ【Ｒ】,361684-20260823-0866449598,2026/08/23 12:45:37,2026/08/23 12:46:38,完了,クレジットカード,松岡 純一,146-0092,東京都,大田区,下丸子4-26-3パークハウス多摩川南参番館2203,090-3204-6091,[配送日時指定:],770,0,0,0,70,770,0,出荷済,未保留,680674882495,自社倉庫,松岡 純一,146-0092,東京都,大田区,下丸子4-26-3パークハウス多摩川南参番館2203,090-3204-6091,メール便,,,,,,,2026/08/24 9:29:47,日本郵便,a-62-beg,71032-00001475,栞 メガネケース 老眼鏡 SHIORI 全モデル対応 大きめサイズ リーディンググラス しおり スリム おしゃれ レディース メンズ 折りたたみ 薄型 ブラック ブラウン ベージュ A-62,1,770,10,70,1,通常,0,,,,指定なし
223797662,Yahoo!ショッピング,67572,株式会社サンリーブ【Ｙ】,glass-garden-10044723,2026/08/23 12:57:06,2026/08/23 12:58:09,完了,PayPayあと払い,石我 佐和子,7048176,岡山県,岡山市東区,中川町 １９１－４,08038816500,,4400,0,0,0,400,0,200,出荷済,未保留,203891332551,RFC倉庫,石我 佐和子,7048176,岡山県,岡山市東区,中川町 １９１－４,08038816500,宅配便,2026/08/25,,,,,A00000030008,2026/08/23 13:21:02,日本郵便,flm-006-2-30,71032-00000687,老眼鏡 メンズ おしゃれ かっこいい リーディンググラス シニアグラス メタルフレーム ナイロール 老眼 眼鏡 メガネ 鯖江 FEELLIFE FLM-006,1,4400,10,400,1,通常,0,,,,
223798337,楽天市場,67419,株式会社サンリーブ【Ｒ】,361684-20260823-0892649624,2026/08/23 13:04:47,2026/08/23 13:05:48,完了,クレジットカード,深田 規夫,270-0034,千葉県,松戸市,新松戸7-208 グランコート新松戸206,047-349-0652,[配送日時指定:],2420,0,0,0,220,25,0,出荷済,未保留,680674882506,自社倉庫,深田 規夫,270-0034,千葉県,松戸市,新松戸7-208 グランコート新松戸206,047-349-0652,メール便,,,,,,,2026/08/24 9:29:48,日本郵便,fl-3000-3-10,71032-00001927,度数+0.5から 老眼鏡 おしゃれ メンズ 調光レンズ ブルーライトカット リーディンググラス uvカット 紫外線カット 軽量 調光メガネ 変色 男性用 スクエア メガネケース メガネ拭き 贈り物 ギフト FEELLIFE FL-3000 父の日,1,2420,10,220,1,通常,0,,,,指定なし
223799060,Yahoo!ショッピング,67572,株式会社サンリーブ【Ｙ】,glass-garden-10044724,2026/08/23 13:07:03,2026/08/23 13:13:38,完了,PayPay,佐藤 秀明,5640041,大阪府,吹田市,泉町2-13-4,09083684306,,7150,0,0,0,650,0,400,出荷済,未保留,680674882510,自社倉庫,佐藤 秀明,5640041,大阪府,吹田市,泉町2-13-4,09083684306,メール便,,,,,,,2026/08/24 9:29:48,日本郵便,si-13-1-30,71032-00001405,老眼鏡 栞 跳ね上げ式 ブルーライトカット メンズ レディース リーディンググラス おしゃれ 折りたたみ 老眼 眼鏡 メガネ 鯖江 SHIORI SI-13,1,7150,10,650,1,通常,0,,,,
223800387,Yahoo!ショッピング,67572,株式会社サンリーブ【Ｙ】,glass-garden-10044725,2026/08/23 13:26:30,2026/08/23 13:28:27,完了,PayPay,荒木 武,6693157,兵庫県,丹波市,山南町和田 8番地,09096100718,,3520,0,0,0,320,0,200,出荷済,未保留,680674882521,自社倉庫,荒木 武,6693157,兵庫県,丹波市,山南町和田 8番地,09096100718,メール便,,,,,,,2026/08/24 9:29:49,日本郵便,flw-001-002-3,71032-00001553,サングラス 偏光 メンズ レディース uvカット 薄色レンズ メガネ 紫外線 外仕事 プレゼント 軽量 暑さ対策 ドライブ 運転 FEELLIFE FLW-001-002,1,3520,10,320,1,通常,0,,,,
223800865,Yahoo!ショッピング,67572,株式会社サンリーブ【Ｙ】,glass-garden-10044726,2026/08/23 13:29:27,2026/08/23 13:33:26,完了,PayPay,片野 ゆかり,5031276,岐阜県,養老郡養老町,釜段730,09041841821,,1760,0,0,0,160,0,176,出荷済,未保留,490798276393,自社倉庫,片野 ゆかり,5031276,岐阜県,養老郡養老町,釜段730,09041841821,宅配便,2026/08/25,,,,,,2026/08/24 9:04:05,ヤマト運輸,hy-6219-brn,71032-00001319,メガネケース おしゃれ 本革 風 シンプル ハード 収納 クラシカル メガネ 眼鏡 サングラス 老眼鏡 メンズ レディース 贈り物 HY-6219,1,880,10,80,1,通常,0,,,,
223800865,Yahoo!ショッピング,67572,株式会社サンリーブ【Ｙ】,glass-garden-10044726,2026/08/23 13:29:27,2026/08/23 13:33:26,完了,PayPay,片野 ゆかり,5031276,岐阜県,養老郡養老町,釜段730,09041841821,,1760,0,0,0,160,0,176,出荷済,未保留,490798276393,自社倉庫,片野 ゆかり,5031276,岐阜県,養老郡養老町,釜段730,09041841821,宅配便,2026/08/25,,,,,,2026/08/24 9:04:05,ヤマト運輸,hy-6219-blk,71032-00001318,メガネケース おしゃれ 本革 風 シンプル ハード 収納 クラシカル メガネ 眼鏡 サングラス 老眼鏡 メンズ レディース 贈り物 HY-6219,1,880,10,80,1,通常,0,,,,
223801303,楽天市場,67419,株式会社サンリーブ【Ｒ】,361684-20260823-0138449755,2026/08/23 13:37:06,2026/08/23 13:38:07,完了,クレジットカード,川原 美加子,177-0035,東京都,練馬区,南田中3-1-8-106,090-2202-2162,[配送日時指定:]2026-08-24(月)指定なし,3630,0,0,0,330,0,0,出荷済,未保留,369838224103,RFC倉庫,川原 美加子,177-0035,東京都,練馬区,南田中3-1-8-106,090-2202-2162,宅配便,2026/08/24,,,,,A00000030009,2026/08/23 13:52:18,日本郵便,fll-3004-2-25,71032-00001463,老眼鏡 0.5から おしゃれ レディース ブルーライトカット 紫外線 uv ボストン かわいい メガネ 老眼 度付き リーディンググラス 30代 40代 50代 女性 クラシック 黒縁 ニュアンスカラー シニアグラス 丸眼鏡 FEELLIFE FLL-3004,1,3630,10,330,1,優先配送,0,,,,指定なし
223802060,au Payマーケット,67574,株式会社サンリーブ【ａ】,746650782,2026/08/23 13:41:00,2026/08/23 13:47:12,完了,クレジットカード,嶋田 香代子,124-0025,東京都,葛飾区西新小岩3-27-8,,090-9836-4846,,3850,0,0,0,350,0,0,出荷済,未保留,369838230716,RFC倉庫,嶋田 香代子,124-0025,東京都,葛飾区西新小岩3-27-8,,090-9836-4846,宅配便,2026/08/31,1618,2026/08/31 16:00-18:00,,,A00000030026,2026/08/24 8:36:03,日本郵便,spc-007-2-20,71032-00001188,老眼鏡 レディース 北欧柄 おしゃれ ブルーライトカット 鯖江企画 リーディンググラス ボストン メガネ 専用ケース付き SCANDINAVIAN PATTERN SPC-007,1,3850,10,350,1,通常,0,,,,
223802813,Yahoo!ショッピング,67572,株式会社サンリーブ【Ｙ】,glass-garden-10044727,2026/08/23 13:38:20,2026/08/23 13:54:03,完了,クレジットカード,辻 一成,1640003,東京都,中野区,東中野3-7-8,08030971784,,4400,0,0,0,400,0,1000,出荷済,未保留,187120738442,RFC倉庫,辻 一成,1640003,東京都,中野区,東中野3-7-8,08030971784,宅配便,2026/08/25,,,,,A00000030010,2026/08/23 14:01:11,日本郵便,flm-006-1-15,71032-00000680,老眼鏡 メンズ おしゃれ かっこいい リーディンググラス シニアグラス メタルフレーム ナイロール 老眼 眼鏡 メガネ 鯖江 FEELLIFE FLM-006,1,4400,10,400,1,通常,0,,,,
223802824,Yahoo!ショッピング,67572,株式会社サンリーブ【Ｙ】,glass-garden-10044728,2026/08/23 13:47:49,2026/08/23 13:54:05,完了,クレジットカード,阿部 洋子,2510025,神奈川県,藤沢市鵠沼石上,1-9-14-801,0466473882,,6050,0,0,0,550,0,400,出荷済,未保留,680674882532,自社倉庫,阿部 洋子,2510025,神奈川県,藤沢市鵠沼石上,1-9-14-801,0466473882,メール便,,,,,,,2026/08/24 9:29:50,日本郵便,gc001-1,71032-00001439,トリプル オゥ グラスコード メガネチェーン 眼鏡ストラップ おしゃれ 日本製 軽い 老眼鏡 サングラス レディース プレゼント gc001,1,6050,10,550,1,通常,0,,,,
223803304,楽天市場,67419,株式会社サンリーブ【Ｒ】,361684-20260823-0991649314,2026/08/23 13:58:16,2026/08/23 13:59:17,完了,クレジットカード,寺崎 なぎさ,254-0016,神奈川県,平塚市,東八幡１?１８?２４ パラシオン平塚１０５号室,070-4319-0753,[配送日時指定:],880,0,0,0,80,880,0,出荷済,未保留,490798276404,自社倉庫,寺崎 なぎさ,254-0016,神奈川県,平塚市,東八幡１?１８?２４ パラシオン平塚１０５号室,070-4319-0753,宅配便,,,,,,,2026/08/24 9:04:06,ヤマト運輸,hy-6219-blk,71032-00001318,メガネケース 本革 風 合成皮革 PUレザー おしゃれ シンプル 大人 レトロ クラシカル シック ハードケース 低価格 女性用 男性用 サングラス PCメガネ 老眼鏡 眼鏡 メガネ ブラック ブラウン プレゼント ギフト 贈り物 HY-6219,1,880,10,80,1,通常,0,,,,指定なし
223805359,Yahoo!ショッピング,67572,株式会社サンリーブ【Ｙ】,glass-garden-10044729,2026/08/23 14:22:32,2026/08/23 14:23:15,完了,PayPay,井上 弘子,8191102,福岡県,糸島市,高田4丁目28-11 ペルラ周船寺306号,08052861514,,1210,0,0,0,110,0,0,出荷済,未保留,490798276415,自社倉庫,井上 弘子,8191102,福岡県,糸島市,高田4丁目28-11 ペルラ周船寺306号,08052861514,宅配便,2026/08/26,,,,,,2026/08/24 9:04:07,ヤマト運輸,hy-8061-red,71032-00000822,メガネケース おしゃれ セミハード ファブリック カントリー 調 メガネ収納ケース 軽量 コンパクト 眼鏡 サングラス 老眼鏡 HY-8061,1,1210,10,110,1,通常,0,,,,
223810764,楽天市場,67419,株式会社サンリーブ【Ｒ】,361684-20260823-0053949887,2026/08/23 15:25:33,2026/08/23 15:26:35,完了,クレジットカード,村井 早紀,052-0014,北海道,伊達市,舟岡町29-67,090-5987-3185,[配送日時指定:],1760,0,0,0,160,0,0,出荷済,未保留,680674882543,自社倉庫,村井 早紀,052-0014,北海道,伊達市,舟岡町29-67,090-5987-3185,メール便,,,,,,,2026/08/24 9:29:50,日本郵便,5584-22,71032-00001527,【8月31日までセール価格】サングラス レディース UVカット 伊達メガネ おしゃれ かわいい 紫外線 対策 美肌 眼鏡 ライトカラー クリアレンズ オールシーズン 女性  ボストン ブランド 可愛い バイカラーケース付 鯖江メーカーデザイン GG eyewear 5584,1,1760,10,160,1,通常,0,,,,指定なし
223811375,Yahoo!ショッピング,67572,株式会社サンリーブ【Ｙ】,glass-garden-10044730,2026/08/23 15:29:39,2026/08/23 15:33:09,完了,PayPay,末高 昌彦,8790607,大分県,豊後高田市,新栄1229-2,09034196887,,1760,0,0,0,160,0,0,出荷済,未保留,490798276426,自社倉庫,末高 昌彦,8790607,大分県,豊後高田市,新栄1229-2,09034196887,宅配便,,,,,,,2026/08/24 9:04:07,ヤマト運輸,fi2002-1,71032-00000244,サングラス メンズ ミラーレンズ かっこいい ちょい悪 ワル おしゃれ ブロータイプ 紫外線 uvカット 鯖江 ケース メガネ拭き付き FEELLIFE FI2002,1,1760,10,160,1,通常,0,,,,
223811669,楽天市場,67419,株式会社サンリーブ【Ｒ】,361684-20260823-0927849418,2026/08/23 15:35:14,2026/08/23 15:36:38,完了,クレジットカード,PENG CHING WEN,305-0817,茨城県,New Taipei City,研究学園５丁目８?４(Hotel Bestland),070-8937-8168,[配送日時指定:],14300,0,0,0,1300,0,0,出荷済,未保留,680674882554,自社倉庫,PENG CHING WEN,305-0817,茨城県,つくば市,研究学園５丁目８?４(Hotel Bestland),029-863-1515,メール便,,,,,,,2026/08/24 9:29:52,日本郵便,si-13-3-15,71032-00001398,栞 老眼鏡 跳ね上げ式 リーディンググラス ブルーライトカット 薄型 非球面レンズ 折りたたみ式 コンパクト 薄い 軽い レディース メンズ おしゃれ シニアグラス 旅行 携帯 ラウンド 丸メガネ 鯖江メーカーデザイン SHIORI SI-13,2,7150,10,650,1,通常,0,,,,指定なし
223812719,楽天市場,67419,株式会社サンリーブ【Ｒ】,361684-20260823-0135749784,2026/08/23 15:47:46,2026/08/23 15:48:47,完了,クレジットカード,吉本 由佳,788-0302,高知県,幡多郡大月町,弘見1649,0880-73-0352,[配送日時指定:]2026-08-25(火)指定なし,3630,0,0,0,330,0,0,出荷済,未保留,203891331070,RFC倉庫,吉本 由佳,788-0302,高知県,幡多郡大月町,弘見1649,0880-73-0352,宅配便,2026/08/25,,,,,A00000030013,2026/08/23 16:01:23,日本郵便,fll-3004-3-20,71032-00001461,老眼鏡 0.5から おしゃれ レディース ブルーライトカット 紫外線 uv ボストン かわいい メガネ 老眼 度付き リーディンググラス 30代 40代 50代 女性 クラシック 黒縁 ニュアンスカラー シニアグラス 丸眼鏡 FEELLIFE FLL-3004,1,3630,10,330,1,優先配送,0,,,,指定なし
223813533,楽天市場,67419,株式会社サンリーブ【Ｒ】,361684-20260823-0045749924,2026/08/23 15:56:34,2026/08/23 15:58:02,完了,クレジットカード,松尾 麻実子,252-0812,神奈川県,藤沢市,西俣野315-58,0466-82-5618,[配送日時指定:],3300,0,0,0,300,0,0,出荷済,未保留,680674882565,自社倉庫,松尾 麻実子,252-0812,神奈川県,藤沢市,西俣野315-58,0466-82-5618,メール便,,,,,,,2026/08/24 9:29:53,日本郵便,ohari-2-2,71032-00001522,小さなお針箱 裁縫セット ソーイングセット 裁縫道具 裁縫箱 日本製 国産 金沢 伝統工芸 引き出物 かわいい おしゃれ レトロ 旅行 携帯 桐箱 麻の葉 青海波 燕三条 はさみ 糸 ワンタッチ針 ミニ ヒロ OHARI-2,1,3300,10,300,1,通常,0,,,,指定なし
223817021,Yahoo!ショッピング,67572,株式会社サンリーブ【Ｙ】,glass-garden-10044732,2026/08/23 16:38:07,2026/08/23 16:38:14,完了,クレジットカード,石井 良治,2940051,千葉県,館山市,正木１２６０-１,09024643519,,7150,0,0,0,650,0,500,出荷済,未保留,203891332643,RFC倉庫,石井 良治,2940051,千葉県,館山市,正木１２６０-１,09024643519,宅配便,,,,,,A00000030014,2026/08/23 17:01:09,日本郵便,flh-001ph-1-20,71032-00001359,老眼鏡 跳ね上げ式 調光レンズ ブルーライトカット おしゃれ メンズ リーディンググラス シニアグラス 老眼 眼鏡 メガネ 鯖江 FEELLIFE FLH-001PH,1,7150,10,650,1,通常,0,,,,
223818123,楽天市場,67419,株式会社サンリーブ【Ｒ】,361684-20260823-0949349459,2026/08/23 16:48:49,2026/08/23 16:50:21,完了,クレジットカード,岩渕 真澄,033-0022,青森県,三沢市,三沢字南山98‐21,090-7793-1463,[配送日時指定:]2026-08-25(火)19:00-21:00,3630,0,0,0,330,0,0,出荷済,未保留,203891331350,RFC倉庫,岩渕 真澄,033-0022,青森県,三沢市,三沢字南山98‐21,090-7793-1463,宅配便,2026/08/25,1921,,,,A00000030015,2026/08/23 17:06:06,日本郵便,fll-3004-2-15,71032-00001457,老眼鏡 0.5から おしゃれ レディース ブルーライトカット 紫外線 uv ボストン かわいい メガネ 老眼 度付き リーディンググラス 30代 40代 50代 女性 クラシック 黒縁 ニュアンスカラー シニアグラス 丸眼鏡 FEELLIFE FLL-3004,1,3630,10,330,1,優先配送,0,,,,指定なし
223818499,楽天市場,67419,株式会社サンリーブ【Ｒ】,361684-20260823-0048649966,2026/08/23 16:53:01,2026/08/23 16:54:32,完了,クレジットカード,吉田 恵子,225-0023,神奈川県,横浜市青葉区,大場町385-41,045-973-3554,[配送日時指定:],5500,0,0,0,500,0,0,出荷済,未保留,680674882576,自社倉庫,吉田 恵子,225-0023,神奈川県,横浜市青葉区,大場町385-41,045-973-3554,メール便,,,,,,,2026/08/24 9:29:54,日本郵便,si-10-4-20,71032-00001106,栞 老眼鏡 リーディンググラス ツートンカラー ブルーライトカット 薄型 非球面レンズ 折りたたみ式 コンパクト 薄い 軽い レディース 女性用 おしゃれ お洒落 旅行用 携帯用 特許商品 鯖江メーカーデザイン SHIORI SI-10,1,5500,10,500,1,通常,0,,,,指定なし
223819204,Yahoo!ショッピング,67572,株式会社サンリーブ【Ｙ】,glass-garden-10044733,2026/08/23 16:58:58,2026/08/23 17:03:14,完了,PayPay,栗原 浩彰,8190002,福岡県,福岡市西区,姪の浜4-19-8,08052474682,,7150,0,0,0,650,0,400,出荷済,未保留,680674882580,自社倉庫,栗原 浩彰,8190002,福岡県,福岡市西区,姪の浜4-19-8,08052474682,メール便,,,,,,,2026/08/24 9:29:54,日本郵便,si-08r-2-25,71032-00001085,老眼鏡 栞 遠近両用 累進 多焦点 調光 リーディンググラス ブルーライトカット uvカット サングラス コンパクト 折り畳み 眼鏡 メガネ 鯖江 SI-08R,1,7150,10,650,1,通常,0,,,,
223819548,au Payマーケット,67574,株式会社サンリーブ【ａ】,746670740,2026/08/23 17:02:00,2026/08/23 17:07:12,完了,auかんたん決済,河南 優子,939-0351,富山県,射水市戸破３４６９?９,,090-8267-3924,,2200,0,0,0,200,592,0,出荷済,未保留,680674882591,自社倉庫,河南 優子,939-0351,富山県,射水市戸破３４６９?９,,090-8267-3924,メール便,,,,,,,2026/08/24 9:29:55,日本郵便,5024-1,71032-00001376,サングラス レディース おしゃれ uvカット 紫外線カット 鯖江企画 丸メガネ 薄い色 かわいい 専用ケース付き GG eyewear 5024,1,2200,10,200,1,通常,0,,,,
223819659,Yahoo!ショッピング,67572,株式会社サンリーブ【Ｙ】,glass-garden-10044734,2026/08/23 17:07:11,2026/08/23 17:08:17,完了,クレジットカード,片畑 めぐみ,5998111,大阪府,堺市東区,日置荘北町1-33-16,09085381005,,1760,0,0,0,160,1000,0,出荷済,未保留,680674882602,自社倉庫,片畑 めぐみ,5998111,大阪府,堺市東区,日置荘北町1-33-16,09085381005,メール便,,,,,,,2026/08/24 9:29:55,日本郵便,fi5465a-13,71032-00000308,サングラス レディース おしゃれ 伊達メガネ uvカット 紫外線 対策 ボストン かわいい 丸メガネ メンズ 眼鏡 鯖江 ケース メガネ拭き付き FI5465A,1,1760,10,160,1,通常,0,,,,
223823326,Yahoo!ショッピング,67572,株式会社サンリーブ【Ｙ】,glass-garden-10044735,2026/08/23 17:51:57,2026/08/23 17:53:16,完了,PayPay,モントゴメリー 真樹,9012226,沖縄県,宜野湾市,嘉数2-5-31 パルビュー303号,08039758003,,2750,0,0,0,250,212,0,出荷済,未保留,680674882613,自社倉庫,モントゴメリー 真樹,9012226,沖縄県,宜野湾市,嘉数2-5-31 パルビュー303号,08039758003,メール便,,,,,,,2026/08/24 9:29:56,日本郵便,fll-4000-2-15,71032-00001976,老眼鏡 0.5度数から おしゃれ レディース ボストン メガネ 度付き 30代 40代 50代 女性 FEELLIFE FLL-4000,1,2750,10,250,1,通常,0,,,,
223825283,Yahoo!ショッピング,67572,株式会社サンリーブ【Ｙ】,glass-garden-10044737,2026/08/23 18:15:57,2026/08/23 18:18:27,完了,PayPay,手塚 真衣,1240022,東京都,葛飾区,奥戸６丁目 ２２-８,09015371482,,4950,0,0,0,450,0,200,出荷済,未保留,490798276430,自社倉庫,手塚 真衣,1240022,東京都,葛飾区,奥戸６丁目 ２２-８,09015371482,宅配便,2026/08/26,,,,,,2026/08/24 9:04:08,ヤマト運輸,tofu-1b-2,71032-00001878,TOFU トートバッグ メンズ レディース シンプル おしゃれ カジュアル フォーマル 小さめ A5対応 軽量 軽い 無地 白 黒 ホワイト ブラック TOFU-1B,1,4950,10,450,1,通常,0,,,,
223825299,Yahoo!ショッピング,67572,株式会社サンリーブ【Ｙ】,glass-garden-10044738,2026/08/23 18:16:26,2026/08/23 18:18:30,完了,PayPayあと払い,中村 えり子,1140023,東京都,北区,滝野川一丁目66-7 ダイアパレス801,0359809763,,12650,0,0,0,1150,0,1500,出荷済,未保留,680674882624,自社倉庫,中村 えり子,1140023,東京都,北区,滝野川一丁目66-7 ダイアパレス801,0359809763,メール便,,,,,,,2026/08/24 9:29:57,日本郵便,si-08r-2-15,71032-00001079,老眼鏡 栞 遠近両用 累進 多焦点 調光 リーディンググラス ブルーライトカット uvカット サングラス コンパクト 折り畳み 眼鏡 メガネ 鯖江 SI-08R,1,7150,10,650,1,通常,0,,,,
223825299,Yahoo!ショッピング,67572,株式会社サンリーブ【Ｙ】,glass-garden-10044738,2026/08/23 18:16:26,2026/08/23 18:18:30,完了,PayPayあと払い,中村 えり子,1140023,東京都,北区,滝野川一丁目66-7 ダイアパレス801,0359809763,,12650,0,0,0,1150,0,1500,出荷済,未保留,680674882624,自社倉庫,中村 えり子,1140023,東京都,北区,滝野川一丁目66-7 ダイアパレス801,0359809763,メール便,,,,,,,2026/08/24 9:29:57,日本郵便,si-09-3-20,71032-00001092,老眼鏡 栞 おしゃれ ブルーライトカット メンズ レディース リーディンググラス シニアグラス コンパクト 折りたたみ 老眼 眼鏡 メガネ 鯖江 SI-09,1,5500,10,500,1,通常,0,,,,
223828538,au Payマーケット,67574,株式会社サンリーブ【ａ】,746681349,2026/08/23 18:57:00,2026/08/23 19:02:12,完了,auかんたん決済,上田 健剛,409-3231,山梨県,西八代郡市川三郷町落居４３４１,,080-5698-3621,,7150,0,0,0,650,1500,350,出荷済,未保留,680674882635,自社倉庫,上田 健剛,409-3231,山梨県,西八代郡市川三郷町落居４３４１,,080-5698-3621,メール便,,,,,,,2026/08/24 9:29:57,日本郵便,si-08r-2-15,71032-00001079,栞 SHIORI 遠近両用 老眼鏡 累進多焦点 メンズ レディース 調光 サングラス老眼鏡 ブルーライトカット 鯖江企画 折りたたみ リーディンググラス 専用ケース付き SI-08R,1,7150,10,650,1,通常,0,,,,
223830919,楽天市場,67419,株式会社サンリーブ【Ｒ】,361684-20260823-0953049583,2026/08/23 19:30:57,2026/08/23 19:31:59,完了,クレジットカード,小嶋 友佳子,306-0101,茨城県,古河市,尾崎4323-5,090-4940-1698,[配送日時指定:],2024,0,0,0,184,0,0,出荷済,未保留,680674882646,自社倉庫,小嶋 友佳子,306-0101,茨城県,古河市,尾崎4323-5【左の家】,090-4940-1698,メール便,,,,,,,2026/08/24 9:29:58,日本郵便,5135-2,71032-00000049,【8月31日までセール価格】サングラス レディース ブルーライトカット UVカット 伊達メガネ だてめがね PCメガネ 眼鏡 おしゃれ かわいい 可愛い 小顔効果 運転 レトロ クリアレンズ 紫外線 対策 女性 ラウンド 丸眼鏡 鯖江メーカーデザイン GG eyewear 5336P,1,2024,10,184,1,通常,0,,,,指定なし
223831479,Yahoo!ショッピング,67572,株式会社サンリーブ【Ｙ】,glass-garden-10044739,2026/08/23 19:36:15,2026/08/23 19:38:19,完了,PayPay,田邉 巨樹,4040053,山梨県,甲州市,塩山小屋敷1234,08098967999,,1760,0,0,0,160,0,0,出荷済,未保留,680674882650,自社倉庫,田邉 巨樹,4040053,山梨県,甲州市,塩山小屋敷1234,08098967999,メール便,,,,,,,2026/08/24 9:29:58,日本郵便,fi5465a-112,71032-00001747,サングラス レディース おしゃれ 伊達メガネ uvカット 紫外線 対策 ボストン かわいい 丸メガネ メンズ 眼鏡 鯖江 ケース メガネ拭き付き FI5465A,1,1760,10,160,1,通常,0,,,,
223833964,au Payマーケット,67574,株式会社サンリーブ【ａ】,746688052,2026/08/23 20:00:00,2026/08/23 20:07:12,完了,auかんたん決済,久保 栄子,814-0171,福岡県,福岡市早良区野芥２?２３?１５,,090-7538-8654,,4180,0,0,0,380,2258,300,出荷済,未保留,680674882661,自社倉庫,久保 栄子,814-0171,福岡県,福岡市早良区野芥２?２３?１５,,090-7538-8654,メール便,,,,,,,2026/08/24 9:29:59,日本郵便,gg5099-2-20,71032-00000768,度付き メガネ 近視 度入り レディース ブルーライトカット uvカット 度あり 眼鏡 鯖江企画 おしゃれ ボストン 近視用メガネ 専用ケース メガネ拭き付き GG eyewear GG5099,1,4180,10,380,1,通常,0,,,,
223834192,Yahoo!ショッピング,67572,株式会社サンリーブ【Ｙ】,glass-garden-10044740,2026/08/23 20:03:18,2026/08/23 20:08:55,完了,PayPay,土井 一史,6561304,兵庫県,洲本市五色町都志万歳,358-3,0799331355,,7920,0,0,0,720,0,500,出荷済,未保留,490798276441,自社倉庫,土井 一史,6561304,兵庫県,洲本市五色町都志万歳,358-3,0799331355,宅配便,2026/08/25,,,,,,2026/08/24 9:04:08,ヤマト運輸,clt01-l-bk,71032-00001730,colm レザートレイ L ブランド 日本製 キャッシュトレイ メガネトレー おしゃれ アクセサリートレイ レザー 本革 トレー トレイ メガネトレイ,1,7920,10,720,1,通常,0,,,,
223834202,Yahoo!ショッピング,67572,株式会社サンリーブ【Ｙ】,glass-garden-10044741,2026/08/23 20:03:32,2026/08/23 20:09:03,完了,PayPay,有限会社 リード,3770204,群馬県,渋川市,白井954-1,09032283133,,2420,0,0,0,220,44,0,出荷済,未保留,680674882672,自社倉庫,有限会社 リード,3770204,群馬県,渋川市,白井954-1,09032283133,メール便,,,,,,,2026/08/24 9:29:59,日本郵便,fl-3000-3-10,71032-00001927,度数+0.5から 老眼鏡 おしゃれ メンズ 調光レンズ ブルーライトカット リーディンググラス UVカット 軽量  男性用 メガネケース メガネ拭き FL-3000,1,2420,10,220,1,通常,0,,,,
223836695,Yahoo!ショッピング,67572,株式会社サンリーブ【Ｙ】,glass-garden-10044742,2026/08/23 20:30:49,2026/08/23 20:33:07,完了,PayPayあと払い,荒川 美緒,9996313,山形県,最上郡,戸沢村大字名高976,08060363044,,4400,0,0,0,400,0,200,出荷済,未保留,203891332536,RFC倉庫,荒川 美緒,9996313,山形県,最上郡,戸沢村大字名高976,08060363044,宅配便,,,,,,A00000030016,2026/08/23 20:51:54,日本郵便,flm-001-1-10,71032-00000629,老眼鏡 メンズ おしゃれ かっこいい リーディンググラス シニアグラス メタルフレーム ナイロール 老眼 眼鏡 メガネ 鯖江 FEELLIFE FLM-001,1,4400,10,400,1,通常,0,,,,
223838554,楽天市場,67419,株式会社サンリーブ【Ｒ】,361684-20260823-0200449784,2026/08/23 20:51:03,2026/08/23 20:52:22,完了,銀行振込,島本 優,557-0045,大阪府,大阪市西成区,玉出西1-20-12フレシールアビタシオン504,090-9540-2757,[配送日時指定:]宅配ボックスOK,5940,0,0,0,540,940,0,出荷済,未保留,203891331011,RFC倉庫,島本 優,557-0045,大阪府,大阪市西成区,玉出西1-20-12フレシールアビタシオン504(宅配ボックス可),090-9540-2757,宅配便,,,,,,A00000030024,2026/08/24 0:50:58,日本郵便,fl-1000-2-30,71032-00000398,老眼鏡 チタン製 おしゃれ かっこいい メンズ ブルーライトカット リーディンググラス 軽い 軽量 頑丈 男性用 スクエア シニアグラス ギフト ハードケースとメガネ拭き付 鯖江メーカーデザイン FEELLIFE FL-1000,1,5940,10,540,1,通常,0,,,,宅配ボックス
223838863,Yahoo!ショッピング,67572,株式会社サンリーブ【Ｙ】,glass-garden-10044743,2026/08/23 20:54:01,2026/08/23 20:54:27,完了,PayPay,中山 幸,7000936,岡山県,岡山市北区,富田339-20,09083646377,,6050,0,0,0,550,0,400,出荷済,未保留,680674882683,自社倉庫,中山 幸,7000936,岡山県,岡山市北区,富田339-20,09083646377,メール便,,,,,,,2026/08/24 9:30:00,日本郵便,gc001-5,71032-00001445,トリプル オゥ グラスコード メガネチェーン 眼鏡ストラップ おしゃれ 日本製 軽い 老眼鏡 サングラス レディース プレゼント gc001,1,6050,10,550,1,通常,0,,,,
223840957,Yahoo!ショッピング,67572,株式会社サンリーブ【Ｙ】,glass-garden-10044744,2026/08/23 21:08:32,2026/08/23 21:13:22,完了,PayPay,原田 祥子,1830023,東京都,府中市宮町,2-1-9 ファミール府中宮町201,09089561582,,1760,0,0,0,160,0,0,出荷済,未保留,490798276452,自社倉庫,原田 祥子,1830023,東京都,府中市宮町,2-1-9 ファミール府中宮町201,09089561582,宅配便,2026/08/25,,,,,,2026/08/24 9:04:09,ヤマト運輸,b-120-kha,71032-00000090,メガネケース サングラスケース カナビナ対応ベルト アウトドア スポーツ おしゃれ 大きめ 軽量 ハードケース フック付き 眼鏡 老眼鏡 B-120,1,1760,10,160,1,通常,0,,,,
223841473,Yahoo!ショッピング,67572,株式会社サンリーブ【Ｙ】,glass-garden-10044745,2026/08/23 21:15:52,2026/08/23 21:18:30,完了,クレジットカード,松田 栄策,7594102,山口県,長門市西深川,2355-1,09041480972,,6050,0,0,0,550,765,400,出荷済,未保留,680674882694,自社倉庫,松田 栄策,7594102,山口県,長門市西深川,2355-1,09041480972,メール便,,,,,,,2026/08/24 9:30:00,日本郵便,si-11-1-15,71032-00001366,老眼鏡 栞 おしゃれ ブルーライトカット メンズ レディース リーディンググラス シニアグラス コンパクト 折りたたみ 老眼 眼鏡 メガネ 鯖江 SI-11,1,6050,10,550,1,通常,0,,,,
223842288,楽天市場,67419,株式会社サンリーブ【Ｒ】,361684-20260823-0061100080,2026/08/23 21:25:45,2026/08/23 21:26:46,完了,クレジットカード,進木 亜里紗,440-0054,愛知県,豊橋市,東田町字西前山144-60,090-1832-6201,[配送日時指定:],1760,0,0,0,160,1170,0,出荷済,未保留,680674882705,自社倉庫,進木 亜里紗,440-0054,愛知県,豊橋市,東田町字西前山144-60,090-1832-6201,メール便,,,,,,,2026/08/24 9:30:01,日本郵便,5584-1,71032-00001523,【8月31日までセール価格】サングラス レディース UVカット 伊達メガネ おしゃれ かわいい 紫外線 対策 美肌 眼鏡 ライトカラー クリアレンズ オールシーズン 女性  ボストン ブランド 可愛い バイカラーケース付 鯖江メーカーデザイン GG eyewear 5584,1,1760,10,160,1,通常,0,,,,指定なし
223844082,Yahoo!ショッピング,67572,株式会社サンリーブ【Ｙ】,glass-garden-10044746,2026/08/23 21:40:09,2026/08/23 21:43:51,完了,PayPay,松宮 萌,5730115,大阪府,枚方市,氷室台1-10-20,08040170191,,1760,0,0,0,160,0,0,出荷済,未保留,680674882716,自社倉庫,松宮 萌,5730115,大阪府,枚方市,氷室台1-10-20,08040170191,メール便,,,,,,,2026/08/24 9:30:01,日本郵便,fi5465a-81,71032-00001433,サングラス レディース おしゃれ 伊達メガネ uvカット 紫外線 対策 ボストン かわいい 丸メガネ メンズ 眼鏡 鯖江 ケース メガネ拭き付き FI5465A,1,1760,10,160,1,通常,0,,,,
223845089,Yahoo!ショッピング,67572,株式会社サンリーブ【Ｙ】,glass-garden-10044747,2026/08/23 21:50:16,2026/08/23 21:53:58,完了,PayPayあと払い,田岸 知子,9240020,石川県,白山市,新成1-92,08065841431,,3300,0,0,0,300,0,200,出荷済,未保留,490798276463,自社倉庫,田岸 知子,9240020,石川県,白山市,新成1-92,08065841431,宅配便,,,,,,,2026/08/24 9:04:09,ヤマト運輸,1000-1-30,71032-00001963,防災用メガネ 近視用 度入り 非常用 メガネ 災害用 防災グッズ 防災バッグ 避難 常備 軽量 コンパクト ケース付き 高度数対応 -3.0?-8.0,1,3300,10,300,1,通常,0,,,,
223846579,楽天市場,67419,株式会社サンリーブ【Ｒ】,361684-20260823-0143649858,2026/08/23 22:07:40,2026/08/23 22:09:05,完了,クレジットカード,渡邊 詩月,664-0851,兵庫県,伊丹市,中央5丁目2ー28ネバーランド伊丹中央501号室,090-2013-9482,[配送日時指定:],4180,0,0,0,380,0,0,出荷済,未保留,680674882720,自社倉庫,渡邊 詩月,664-0851,兵庫県,伊丹市,中央5丁目2ー28ネバーランド伊丹中央501号室,090-2013-9482,メール便,,,,,,,2026/08/24 9:30:02,日本郵便,gg5099-1-40,71032-00000771,メガネ 度付き 度入り 眼鏡 UVカット ブルーライトカット 近視 お得 レディース メンズ おしゃれ 可愛い かわいい ボストン 予備 エマージェンシー  セカンドメガネ バイカラーケース 鯖江メーカーデザイン GG eyewear gg5099,1,4180,10,380,1,通常,0,,,,指定なし
223848615,Yahoo!ショッピング,67572,株式会社サンリーブ【Ｙ】,glass-garden-10044748,2026/08/23 22:26:44,2026/08/23 22:28:19,完了,PayPay,宮川 京,5900021,大阪府,堺市堺区,北三国ケ丘町5丁３ー３,09074965449,,3630,0,0,0,330,0,300,出荷済,未保留,203891332374,RFC倉庫,宮川 京,5900021,大阪府,堺市堺区,北三国ケ丘町5丁３ー３,09074965449,宅配便,,,,,,A00000030017,2026/08/23 22:51:05,日本郵便,fll-3000-1-05,71032-00001579,老眼鏡 おしゃれ ブルーライトカット 軽い 軽量 +0.5から レディース メンズ リーディンググラス 老眼 眼鏡 メガネ 鯖江 FEELLIFE FLL-3000,1,3630,10,330,1,通常,0,,,,
223848620,Yahoo!ショッピング,67572,株式会社サンリーブ【Ｙ】,glass-garden-10044749,2026/08/23 22:27:52,2026/08/23 22:28:22,完了,PayPayあと払い,杉田 賢,5360004,大阪府,大阪市城東区今福西,6-2-1 T.P.Sファーストゲートシティ805,0669356237,,5280,0,0,0,480,437,400,出荷済,未保留,369838230930,RFC倉庫,杉田 賢,1350042,東京都,江東区,木場2-6-3 メインステージ木場703,09014874753,宅配便,2026/08/25,1820,,,,A00000030018,2026/08/23 22:51:05,日本郵便,flm-006-1-15,71032-00000680,老眼鏡 メンズ おしゃれ かっこいい リーディンググラス シニアグラス メタルフレーム ナイロール 老眼 眼鏡 メガネ 鯖江 FEELLIFE FLM-006,1,4400,10,400,1,通常,0,,,,
223848620,Yahoo!ショッピング,67572,株式会社サンリーブ【Ｙ】,glass-garden-10044749,2026/08/23 22:27:52,2026/08/23 22:28:22,完了,PayPayあと払い,杉田 賢,5360004,大阪府,大阪市城東区今福西,6-2-1 T.P.Sファーストゲートシティ805,0669356237,,5280,0,0,0,480,437,400,出荷済,未保留,490798276474,自社倉庫,杉田 賢,1350042,東京都,江東区,木場2-6-3 メインステージ木場703,09014874753,宅配便,2026/08/25,1820,,,,,2026/08/24 9:04:10,ヤマト運輸,hy-6219-blk,71032-00001318,メガネケース おしゃれ 本革 風 シンプル ハード 収納 クラシカル メガネ 眼鏡 サングラス 老眼鏡 メンズ レディース 贈り物 HY-6219,1,880,10,80,1,通常,0,,,,
223848968,au Payマーケット,67574,株式会社サンリーブ【ａ】,746706257,2026/08/23 22:24:00,2026/08/23 22:32:12,完了,クレジットカード,稲田 浩明,194-0202,東京都,町田市下小山田町２７４７?８,,080-6164-9167,,1320,0,0,0,120,760,130,出荷済,未保留,,自社倉庫,稲田 浩明,194-0202,東京都,町田市下小山田町２７４７?８,,080-6164-9167,普通郵便,,,,,,,2026/08/24 9:30:02,日本郵便,twig2-02r,71032-00001344,twig アロマウッドキャップ 単品 アロマディフューザー アロマストーン 精油 アロマオイル エッセンシャルオイル 国産 ヒノキ おしゃれ ナチュラル インテリア 誕生日 プレゼント,1,1320,10,120,1,通常,0,,,,
223849412,楽天市場,67419,株式会社サンリーブ【Ｒ】,361684-20260823-0108800015,2026/08/23 22:35:59,2026/08/23 22:37:02,完了,クレジットカード,栗本 宜則,483-8357,愛知県,江南市,松竹町向島116,0587-53-0278,[配送日時指定:],3850,0,0,0,350,0,0,出荷済,未保留,203891330941,RFC倉庫,栗本 宜則,483-8357,愛知県,江南市,松竹町向島116,0587-53-0278,宅配便,,,,,,A00000030020,2026/08/23 23:21:08,日本郵便,spc-007-2-25,71032-00001190,老眼鏡 北欧柄 おしゃれ レディース ブルーライトカット かわいい 可愛い 女性 リーディンググラス ボストン ストライプ シニアグラス 肌に馴染むカラー お揃い柄ケース付 40代 50代 60代  +1.0から SCANDINAVIAN PATTERN SPC-007,1,3850,10,350,1,通常,0,,,,宅配ボックス
223850050,Yahoo!ショッピング,67572,株式会社サンリーブ【Ｙ】,glass-garden-10044750,2026/08/23 22:38:41,2026/08/23 22:43:24,完了,PayPay,河野 由香,4580826,愛知県,名古屋市緑区,平子が丘2101-3,08034693388,,880,0,0,0,80,700,0,出荷済,未保留,490798276485,自社倉庫,河野 由香,4580826,愛知県,名古屋市緑区,平子が丘2101-3,08034693388,宅配便,2026/08/25,,,,,,2026/08/24 9:04:10,ヤマト運輸,hy-6219-brn,71032-00001319,メガネケース おしゃれ 本革 風 シンプル ハード 収納 クラシカル メガネ 眼鏡 サングラス 老眼鏡 メンズ レディース 贈り物 HY-6219,1,880,10,80,1,通常,0,,,,
223850054,Yahoo!ショッピング,67572,株式会社サンリーブ【Ｙ】,glass-garden-10044751,2026/08/23 22:41:58,2026/08/23 22:43:27,完了,PayPay,北郷 恵,3300074,埼玉県,さいたま市浦和区北浦和,1-15-5 北浦和玉川ハイツ301,09012535730,,3960,0,0,0,360,0,200,出荷済,未保留,369838230694,RFC倉庫,北郷 恵,3300074,埼玉県,さいたま市浦和区北浦和,1-15-5 北浦和玉川ハイツ301,09012535730,宅配便,2026/08/25,,,,,A00000030019,2026/08/23 23:06:06,日本郵便,flc-002-2-10,71032-00000488,老眼鏡 おしゃれ ヴィンテージ クラシック レディース メンズ リーディンググラス シニアグラス 老眼 眼鏡 メガネ 鯖江 FEELLIFE FLC-002,1,3960,10,360,1,通常,0,,,,
223850346,楽天市場,67419,株式会社サンリーブ【Ｒ】,361684-20260823-0094400069,2026/08/23 22:45:30,2026/08/23 22:47:05,完了,クレジットカード,高田 真友,992-0035,山形県,米沢市,太田町5丁目2-20,090-5354-2009,[配送日時指定:],2750,0,0,0,250,0,0,出荷済,未保留,680674882731,自社倉庫,高田 真友,992-0035,山形県,米沢市,太田町5丁目2-20,090-5354-2009,メール便,,,,,,,2026/08/24 9:30:03,日本郵便,fll-4000-2-05,71032-00001974,老眼鏡 0.5度数から おしゃれ レディース ブルーライトカット 紫外線 uv ボストン かわいい メガネ 老眼 度付き リーディンググラス 30代 40代 50代 女性 クラシック クリアカラー シニアグラス FEELLIFE FLL-4000,1,2750,10,250,1,通常,0,,,,指定なし
223851916,楽天市場,67419,株式会社サンリーブ【Ｒ】,361684-20260823-0138249943,2026/08/23 23:03:23,2026/08/23 23:04:29,完了,クレジットカード,中井 瞳,871-0151,大分県,中津市,大字大悟法509番地県営広野住宅MRー1ー305,090-5081-4045,[配送日時指定:],660,0,0,0,60,0,0,出荷済,未保留,680674882742,自社倉庫,中井 瞳,871-0151,大分県,中津市,大字大悟法509番地県営広野住宅MRー1ー305,090-5081-4045,メール便,,,,,,,2026/08/24 9:30:03,日本郵便,pendora,71032-00001842,ペン型ドライバー 眼鏡ドライバー 00番 1.8mm 日本製 コンパクト 軽量 プラスドライバー マイナスドライバー 持ち運び メガネ めがね 腕時計 カメラ 小型電子機器 ネジ pendora,1,660,10,60,1,通常,0,,,,指定なし
223853409,au Payマーケット,67574,株式会社サンリーブ【ａ】,746712901,2026/08/23 23:14:00,2026/08/23 23:22:13,完了,auかんたん決済,吉井 枝里,572-0071,大阪府,寝屋川市豊里町1-7 エステムコート香里園1202,,090-4192-3874,,1210,0,0,0,110,0,30,出荷済,未保留,490798276496,自社倉庫,吉井 枝里,572-0071,大阪府,寝屋川市豊里町1-7 エステムコート香里園1202,,090-4192-3874,宅配便,,,,,,,2026/08/24 9:04:12,ヤマト運輸,hy-8061-blue,71032-00000820,眼鏡ケース セミハード スリム おしゃれ コンパクト 軽量 メガネケース ハード シンプル マグネット式 HY-8061,1,1210,10,110,1,通常,0,,,,
223854266,au Payマーケット,67574,株式会社サンリーブ【ａ】,746714734,2026/08/23 23:27:00,2026/08/23 23:32:16,完了,auかんたん決済,金山 美智子,937-0017,富山県,魚津市江口１１１,,090-2033-2760,,2750,0,0,0,250,0,100,出荷済,未保留,680674882753,自社倉庫,金山 美智子,937-0017,富山県,魚津市江口１１１,,090-2033-2760,メール便,,,,,,,2026/08/24 9:30:05,日本郵便,fll-4000-2-20,71032-00001977,老眼鏡 レディース 0.5から おしゃれ ブルーライトカット uvカット 軽量 リーディンググラス 専用ケース付き ボストン メガネ シニアグラス FEELLIFE FLL-4000,1,2750,10,250,1,通常,0,,,,
223855242,楽天市場,67419,株式会社サンリーブ【Ｒ】,361684-20260823-0148249912,2026/08/23 23:44:37,2026/08/23 23:45:39,完了,クレジットカード,伊勢 幸恵,029-2208,岩手県,陸前高田市,広田町字蒲田257,090-6255-1839,[配送日時指定:],3630,0,0,0,330,0,0,出荷済,未保留,203891332400,RFC倉庫,伊勢 幸恵,029-2208,岩手県,陸前高田市,広田町字蒲田257,090-6255-1839,宅配便,,,,,,A00000030021,2026/08/24 0:31:18,日本郵便,fll-3000-1-05,71032-00001579,老眼鏡 0.5から おしゃれ レディース ブルーライトカット 紫外線 uv ボストン かわいい シニアグラス リーディンググラス 軽い 軽量 人気 シンプル プレゼント 30代 40代 50代 女性 ケース付 鯖江デザイン FEELLIFE FLL3000,1,3630,10,330,1,通常,0,,,,指定なし
223856817,Yahoo!ショッピング,67572,株式会社サンリーブ【Ｙ】,glass-garden-10044753,2026/08/24 0:05:36,2026/08/24 0:08:12,完了,PayPay,小林 祐子,3691621,埼玉県,秩父郡皆野町,金崎310-2,0494620883,,6380,0,0,0,580,297,300,出荷済,未保留,490798276500,自社倉庫,小林 祐子,3691621,埼玉県,秩父郡皆野町,金崎310-2,0494620883,宅配便,2026/08/25,,,,,,2026/08/24 9:04:12,ヤマト運輸,bdr-1002-1-20,71032-00000105,BEAMS DESIGN 老眼鏡 折りたたみ コンパクト 携帯 レディース メンズ スクエア リーディンググラス 老眼 眼鏡 メガネ ビームスデザイン BDR-1002,1,6380,10,580,1,優先配送,0,,,,
223857273,楽天市場,67419,株式会社サンリーブ【Ｒ】,361684-20260824-0270949768,2026/08/24 0:16:30,2026/08/24 0:17:32,完了,クレジットカード,長井 則敏,314-0131,茨城県,神栖市,下幡木９８４?１,090-5211-5624,[配送日時指定:]2026-08-25(火)指定なし,3630,0,0,0,330,0,0,出荷済,未保留,203891332525,RFC倉庫,長井 則敏,314-0131,茨城県,神栖市,下幡木９８４?１,090-5211-5624,宅配便,2026/08/25,,,,,A00000030022,2026/08/24 0:31:18,日本郵便,fll-3000-1-05,71032-00001579,老眼鏡 0.5から おしゃれ レディース ブルーライトカット 紫外線 uv ボストン かわいい シニアグラス リーディンググラス 軽い 軽量 人気 シンプル プレゼント 30代 40代 50代 女性 ケース付 鯖江デザイン FEELLIFE FLL3000,1,3630,10,330,1,優先配送,0,,,,玄関前
223857762,Yahoo!ショッピング,67572,株式会社サンリーブ【Ｙ】,glass-garden-10044754,2026/08/24 0:25:19,2026/08/24 0:28:08,完了,PayPay,黒川 悦子,1640012,東京都,中野区,本町5-1-4 ハウスプラスファイブ302,09010989486,,3960,0,0,0,360,198,0,出荷済,未保留,369838230720,RFC倉庫,黒川 悦子,1640012,東京都,中野区,本町5-1-4 ハウスプラスファイブ302,09010989486,宅配便,2026/08/25,,,,,A00000030023,2026/08/24 0:46:07,日本郵便,flc-002-2-10,71032-00000488,老眼鏡 おしゃれ ヴィンテージ クラシック レディース メンズ リーディンググラス シニアグラス 老眼 眼鏡 メガネ 鯖江 FEELLIFE FLC-002,1,3960,10,360,1,優先配送,0,,,,
223858243,楽天市場,67419,株式会社サンリーブ【Ｒ】,361684-20260824-0050500102,2026/08/24 0:40:33,2026/08/24 0:41:43,完了,クレジットカード,峯岸 伸泰,197-0023,東京都,福生市,志茂163ＬＸＰ2-107,042-530-4153,[配送日時指定:]19:00-21:00,4400,0,0,0,400,0,0,出荷済,未保留,187120738114,RFC倉庫,峯岸 伸泰,197-0023,東京都,福生市,志茂163ＬＸＰ2-107,042-530-4153,宅配便,,1921,,,,A00000030025,2026/08/24 1:25:55,日本郵便,flm-002-2-10,71032-00000639,老眼鏡 メンズ おしゃれ かっこいい クール シャープ スタイリッシュ ちょいワル リーディンググラス シニアグラス リムレス スクエア シルバーマット ブルーマット 男性用 ギフト 鯖江メーカーデザイン FEELLIFE FLM-002,1,4400,10,400,1,通常,0,,,,宅配ボックス
223866822,楽天市場,67419,株式会社サンリーブ【Ｒ】,361684-20260824-0708549990,2026/08/24 7:45:17,2026/08/24 7:46:20,完了,クレジットカード,小出 美恵子,286-0221,千葉県,富里市,七栄651-287,0476-92-7217,[配送日時指定:],2750,0,0,0,250,50,0,出荷済,未保留,680674882764,自社倉庫,小出 美恵子,286-0221,千葉県,富里市,七栄651-287,0476-92-7217,メール便,,,,,,,2026/08/24 9:30:06,日本郵便,fll-4000-1-15,71032-00001971,老眼鏡 0.5度数から おしゃれ レディース ブルーライトカット 紫外線 uv ボストン かわいい メガネ 老眼 度付き リーディンググラス 30代 40代 50代 女性 クラシック クリアカラー シニアグラス FEELLIFE FLL-4000,1,2750,10,250,1,通常,0,,,,指定なし
223869970,Yahoo!ショッピング,67572,株式会社サンリーブ【Ｙ】,glass-garden-10044755,2026/08/24 8:37:05,2026/08/24 8:38:11,完了,PayPay,岡田 直澄,7600078,香川県,高松市,今里町409番地32,09071010830,,880,0,0,0,80,38,0,出荷済,未保留,490798276511,自社倉庫,岡田 直澄,7600078,香川県,高松市,今里町409番地32,09071010830,宅配便,,,,,,,2026/08/24 9:04:13,ヤマト運輸,hy-6219-brn,71032-00001319,メガネケース おしゃれ 本革 風 シンプル ハード 収納 クラシカル メガネ 眼鏡 サングラス 老眼鏡 メンズ レディース 贈り物 HY-6219,1,880,10,80,1,通常,0,,,,
223872157,楽天市場,67419,株式会社サンリーブ【Ｒ】,361684-20260824-0607100158,2026/08/24 9:11:19,2026/08/24 9:12:21,完了,クレジットカード,伊佐 千亜樹,904-0033,沖縄県,沖縄市,山里3-5-1伊礼アパート2F-B,090-5731-0349,[配送日時指定:]2026-08-29(土)18:00-20:00,3630,0,0,0,330,0,0,出荷済,未保留,203891377060,RFC倉庫,伊佐 千亜樹,904-0033,沖縄県,沖縄市,山里3-5-1伊礼アパート2F-B,090-5731-0349,宅配便,2026/08/29,1820,,,,A00000030027,2026/08/24 10:06:12,日本郵便,fll-3004-2-10,71032-00001454,【24日20時?マラソンクーポン価格】老眼鏡 0.5から おしゃれ レディース ブルーライトカット 紫外線 uv ボストン かわいい メガネ 老眼 度付き リーディンググラス 30代 40代 50代 女性 クラシック 黒縁 ニュアンスカラー シニアグラス 丸眼鏡 FEELLIFE FLL-3004,1,3630,10,330,1,通常,0,,,,指定なし
223876290,楽天市場,67419,株式会社サンリーブ【Ｒ】,361684-20260824-0708900113,2026/08/24 10:05:14,2026/08/24 10:06:17,完了,クレジットカード,関根 沙由理,337-0011,埼玉県,さいたま市見沼区,宮ヶ谷塔1-45,080-4191-0793,[配送日時指定:],7920,0,0,0,720,0,0,出荷済,未保留,680674882775,自社倉庫,関根 沙由理,154-0002,東京都,世田谷区,下馬4-27-10-305,080-4191-0793,メール便,,,,,,,2026/08/24 13:26:26,日本郵便,si-13-2-15,71032-00001397,【24日20時?マラソンクーポン価格】栞 老眼鏡 跳ね上げ式 リーディンググラス ブルーライトカット 薄型 非球面レンズ 折りたたみ式 コンパクト 薄い 軽い レディース メンズ おしゃれ シニアグラス 旅行 携帯 ラウンド 丸メガネ 鯖江メーカーデザイン SHIORI SI-13,1,7150,10,650,1,通常,0,,,,指定なし
223876290,楽天市場,67419,株式会社サンリーブ【Ｒ】,361684-20260824-0708900113,2026/08/24 10:05:14,2026/08/24 10:06:17,完了,クレジットカード,関根 沙由理,337-0011,埼玉県,さいたま市見沼区,宮ヶ谷塔1-45,080-4191-0793,[配送日時指定:],7920,0,0,0,720,0,0,出荷済,未保留,680674882775,自社倉庫,関根 沙由理,154-0002,東京都,世田谷区,下馬4-27-10-305,080-4191-0793,メール便,,,,,,,2026/08/24 13:26:26,日本郵便,a-62-beg,71032-00001475,栞 メガネケース 老眼鏡 SHIORI 全モデル対応 大きめサイズ リーディンググラス しおり スリム おしゃれ レディース メンズ 折りたたみ 薄型 ブラック ブラウン ベージュ A-62,1,770,10,70,1,通常,0,,,,指定なし
223876724,Yahoo!ショッピング,67572,株式会社サンリーブ【Ｙ】,glass-garden-10044756,2026/08/24 10:09:42,2026/08/24 10:13:08,完了,PayPay,岡川 秀子,5320004,大阪府,大阪市淀川区,西宮原1-8-1 ロイヤルハイツ新大阪202号,08023535199,,5940,0,0,0,540,0,300,出荷済,未保留,680674882786,自社倉庫,岡川 秀子,5320004,大阪府,大阪市淀川区,西宮原1-8-1 ロイヤルハイツ新大阪202号,08023535199,メール便,,,,,,,2026/08/24 13:26:29,日本郵便,flk-001-1-25,71032-00001599,老眼鏡 首掛け 首かけ ブルーライトカット おしゃれ レディース メンズ リーディンググラス シニアグラス 老眼 眼鏡 メガネ 鯖江 FEELLIFE FLK-001,1,5940,10,540,1,通常,0,,,,
223880868,Yahoo!ショッピング,67572,株式会社サンリーブ【Ｙ】,glass-garden-10044757,2026/08/24 11:04:21,2026/08/24 11:08:03,完了,ソフトバンクまとめて支払い,小路 元秀,6780175,兵庫県,赤穂市,北野中382-21,09097155164,,4400,0,0,0,400,0,0,出荷済,未保留,203891379344,RFC倉庫,小路 元秀,6780175,兵庫県,赤穂市,北野中382-21,09097155164,宅配便,2026/08/25,,,,,A00000030029,2026/08/24 12:02:31,日本郵便,flm-006-2-15,71032-00000681,老眼鏡 メンズ おしゃれ かっこいい リーディンググラス シニアグラス メタルフレーム ナイロール 老眼 眼鏡 メガネ 鯖江 FEELLIFE FLM-006,1,4400,10,400,1,優先配送,0,,,,
223883140,楽天市場,67419,株式会社サンリーブ【Ｒ】,361684-20260824-0554200186,2026/08/24 11:36:27,2026/08/24 11:38:18,完了,クレジットカード,中島 訓浩,376-0013,群馬県,桐生市,広沢町３?４１９５?２６,090-5192-9590,[配送日時指定:]2026-08-25(火)午前中,5940,0,0,0,540,0,0,出荷済,未保留,203891379215,RFC倉庫,中島 訓浩,376-0013,群馬県,桐生市,広沢町６?９３８?１; 中太商店,090-5192-9590,宅配便,2026/08/25,0812,,,,A00000030028,2026/08/24 11:51:03,日本郵便,fl-1000-1-20,71032-00000393,【24日20時?マラソンクーポン価格】老眼鏡 チタン製 おしゃれ かっこいい メンズ ブルーライトカット リーディンググラス 軽い 軽量 頑丈 男性用 スクエア シニアグラス ギフト ハードケースとメガネ拭き付 鯖江メーカーデザイン FEELLIFE FL-1000,1,5940,10,540,1,優先配送,0,,,,指定なし
223884115,Yahoo!ショッピング,67572,株式会社サンリーブ【Ｙ】,glass-garden-10044758,2026/08/24 11:40:46,2026/08/24 11:55:43,完了,PayPay,田口 久代,4960005,愛知県,津島市,神守町字東高島33,09058689109,,1760,0,0,0,160,0,0,出荷済,未保留,680674882790,自社倉庫,田口 久代,4960005,愛知県,津島市,神守町字東高島33,09058689109,メール便,,,,,,,2026/08/24 13:26:30,日本郵便,5024-1,71032-00001376,サングラス レディース おしゃれ 伊達メガネ uvカット 紫外線 対策 ライトカラー クリアレンズ ラウンド 眼鏡 鯖江 ケース メガネ拭き付き 5024,1,1760,10,160,1,通常,0,,,,
223888233,楽天市場,67419,株式会社サンリーブ【Ｒ】,361684-20260824-0921449789,2026/08/24 12:53:38,2026/08/24 12:55:04,完了,クレジットカード,岩渕 卓,251-0027,神奈川県,藤沢市,鵠沼桜が岡4-13-11プレステージ桜が岡301,090-2496-5509,[配送日時指定:],2750,0,0,0,250,0,0,出荷済,未保留,680674882801,自社倉庫,岩渕 卓,251-0027,神奈川県,藤沢市,鵠沼桜が岡4-14-14 1F,0466-28-8081,メール便,,,,,,,2026/08/24 13:41:10,日本郵便,fll-4000-1-20,71032-00001972,老眼鏡 0.5度数から おしゃれ レディース ブルーライトカット 紫外線 uv ボストン かわいい メガネ 老眼 度付き リーディンググラス 30代 40代 50代 女性 クラシック クリアカラー シニアグラス FEELLIFE FLL-4000,1,2750,10,250,1,通常,0,,,,指定なし
223891170,Yahoo!ショッピング,67572,株式会社サンリーブ【Ｙ】,glass-garden-10044759,2026/08/24 13:42:50,2026/08/24 13:43:13,完了,クレジットカード,梅澤 剛,3700883,群馬県,高崎市,剣崎町2-3 株式会社ユーパック,09032457891,,4400,0,0,0,400,0,200,出荷済,未保留,203891393226,RFC倉庫,梅澤 剛,3700865,群馬県,高崎市,寺尾町2612-5,09032457891,宅配便,2026/08/26,,,,,A00000030030,2026/08/24 14:06:10,日本郵便,flm-001-1-20,71032-00000632,老眼鏡 メンズ おしゃれ かっこいい リーディンググラス シニアグラス メタルフレーム ナイロール 老眼 眼鏡 メガネ 鯖江 FEELLIFE FLM-001,1,4400,10,400,1,通常,0,,,,
223894415,Yahoo!ショッピング,67572,株式会社サンリーブ【Ｙ】,glass-garden-10044760,2026/08/24 14:37:56,2026/08/24 14:38:06,完了,PayPay,三國 和浩,0491503,北海道,松前郡松前町,字大磯 ９３ー１,09088995631,,4400,0,0,0,400,0,300,出荷済,未保留,203891393252,RFC倉庫,三國 和浩,0491503,北海道,松前郡松前町,字大磯 ９３ー１,09088995631,宅配便,2026/08/29,,,,,A00000030031,2026/08/24 14:59:52,日本郵便,flm-006-1-20,71032-00000682,老眼鏡 メンズ おしゃれ かっこいい リーディンググラス シニアグラス メタルフレーム ナイロール 老眼 眼鏡 メガネ 鯖江 FEELLIFE FLM-006,1,4400,10,400,1,通常,0,,,,
223895398,楽天市場,67419,株式会社サンリーブ【Ｒ】,361684-20260824-0708900130,2026/08/24 14:55:27,2026/08/24 14:56:29,完了,クレジットカード,日高 綾菜,186-0001,東京都,国立市,北3丁目16-3メゾンドアレ201,080-1296-8538,[配送日時指定:],1760,0,0,0,160,0,300,出荷済,未保留,680662168432,自社倉庫,日高 綾菜,186-0001,東京都,国立市,北3丁目16-3メゾンドアレ201,080-1296-8538,メール便,,,,,,,2026/08/25 11:01:30,日本郵便,5584-22,71032-00001527,【8月31日までセール価格】サングラス レディース UVカット 伊達メガネ おしゃれ かわいい 紫外線 対策 美肌 眼鏡 ライトカラー クリアレンズ オールシーズン 女性  ボストン ブランド 可愛い バイカラーケース付 鯖江メーカーデザイン GG eyewear 5584,1,1760,10,160,1,通常,0,,,,指定なし
223896277,au Payマーケット,67574,株式会社サンリーブ【ａ】,746734821,2026/08/24 15:05:00,2026/08/24 15:12:20,完了,auかんたん決済,白木 そのみ,865-0055,熊本県,玉名市大浜町６０９,,080-6432-4024,,3960,0,0,0,360,3760,200,出荷済,未保留,203891393300,RFC倉庫,白木 そのみ,865-0055,熊本県,玉名市大浜町609,,096-8760-967,宅配便,,,,,,A00000030032,2026/08/24 15:31:03,日本郵便,fll-006-2-10,71032-00000576,老眼鏡 レディース ふちなし リムレス メガネ おしゃれ 可愛い 鯖江企画 軽量 ツーポイント リーディンググラス 専用ケース付き FEELLIFE FLL-006,1,3960,10,360,1,通常,0,,,,
223900340,楽天市場,67419,株式会社サンリーブ【Ｒ】,361684-20260824-0675800142,2026/08/24 16:31:37,2026/08/24 16:32:40,完了,クレジットカード,谷本 綾,270-1300,千葉県,印西市,草深2496-1,080-3005-7530,[配送日時指定:],2420,0,0,0,220,414,0,出荷済,未保留,680662168443,自社倉庫,谷本 綾,270-1300,千葉県,印西市,草深2496-1,080-3005-7530,メール便,,,,,,,2026/08/25 11:01:34,日本郵便,bsc-001-fbl,71032-00001589,メガネケース 大人 かわいい くすみカラー 日本製 眼鏡ケース ストラップ付き おしゃれ レザー調 コンパクト 軽量 スリム バッグに付ける サングラスケース 女性 レディース 持ち運び 老眼鏡ケース 携帯 メガネ入れ ギフト BSC-001,1,2420,10,220,1,通常,0,,,,指定なし
223901150,Yahoo!ショッピング,67572,株式会社サンリーブ【Ｙ】,glass-garden-10044761,2026/08/24 16:45:28,2026/08/24 16:48:08,完了,クレジットカード,東條 ますみ,0590015,北海道,登別市,新川町2-16-2,09050713136,,2750,0,0,0,250,0,0,出荷済,未保留,680662168454,自社倉庫,東條 ますみ,0590015,北海道,登別市,新川町2-16-2,09050713136,メール便,,,,,,,2026/08/25 11:01:34,日本郵便,fll-4000-2-10,71032-00001975,老眼鏡 0.5度数から おしゃれ レディース ボストン メガネ 度付き 30代 40代 50代 女性 FEELLIFE FLL-4000,1,2750,10,250,1,通常,0,,,,
223903636,楽天市場,67419,株式会社サンリーブ【Ｒ】,361684-20260824-0850049899,2026/08/24 17:32:53,2026/08/24 17:34:14,完了,クレジットカード,遠藤 あずさ,501-6006,岐阜県,羽島郡岐南町,伏屋2-203,090-4114-6305,[配送日時指定:],5500,0,0,0,500,0,0,出荷済,未保留,680662168465,自社倉庫,遠藤 あずさ,501-6006,岐阜県,羽島郡岐南町,伏屋2-203,090-4114-6305,メール便,,,,,,,2026/08/25 11:01:35,日本郵便,si-10-2-20,71032-00001104,【24日20時?マラソンクーポン価格】栞 老眼鏡 リーディンググラス ツートンカラー ブルーライトカット 薄型 非球面レンズ 折りたたみ式 コンパクト 薄い 軽い レディース 女性用 おしゃれ お洒落 旅行用 携帯用 特許商品 鯖江メーカーデザイン SHIORI SI-10,1,5500,10,500,1,通常,0,,,,指定なし
223904577,楽天市場,67419,株式会社サンリーブ【Ｒ】,361684-20260824-0670700147,2026/08/24 17:51:49,2026/08/24 17:52:51,完了,クレジットカード,坂巻 利博,278-0015,千葉県,野田市,西三ケ尾739-2,04-7138-0047,[配送日時指定:],2420,0,0,0,220,203,0,出荷済,未保留,680662168476,自社倉庫,坂巻 利博,278-0015,千葉県,野田市,西三ケ尾739-2,04-7138-0047,メール便,,,,,,,2026/08/25 11:01:35,日本郵便,fl-3000-3-10,71032-00001927,度数+0.5から 老眼鏡 おしゃれ メンズ 調光レンズ ブルーライトカット リーディンググラス uvカット 紫外線カット 軽量 調光メガネ 変色 男性用 スクエア メガネケース メガネ拭き 贈り物 ギフト FEELLIFE FL-3000 父の日,1,2420,10,220,1,通常,0,,,,指定なし
223904825,Yahoo!ショッピング,67572,株式会社サンリーブ【Ｙ】,glass-garden-10044762,2026/08/24 17:53:33,2026/08/24 17:58:05,完了,PayPay,垣見 江利子,0420915,北海道,函館市,西旭岡町２丁目 １１ー６,09051848491,,2420,0,0,0,220,0,0,出荷済,未保留,490806773343,自社倉庫,垣見 江利子,0420915,北海道,函館市,西旭岡町２丁目 １１ー６,09051848491,宅配便,,,,,,,2026/08/25 10:22:06,ヤマト運輸,hy-8061-orange,71032-00000823,メガネケース おしゃれ セミハード ファブリック カントリー 調 メガネ収納ケース 軽量 コンパクト 眼鏡 サングラス 老眼鏡 HY-8061,1,1210,10,110,1,通常,0,,,,
223904825,Yahoo!ショッピング,67572,株式会社サンリーブ【Ｙ】,glass-garden-10044762,2026/08/24 17:53:33,2026/08/24 17:58:05,完了,PayPay,垣見 江利子,0420915,北海道,函館市,西旭岡町２丁目 １１ー６,09051848491,,2420,0,0,0,220,0,0,出荷済,未保留,490806773343,自社倉庫,垣見 江利子,0420915,北海道,函館市,西旭岡町２丁目 １１ー６,09051848491,宅配便,,,,,,,2026/08/25 10:22:06,ヤマト運輸,hy-8061-gray,71032-00000819,メガネケース おしゃれ セミハード ファブリック カントリー 調 メガネ収納ケース 軽量 コンパクト 眼鏡 サングラス 老眼鏡 HY-8061,1,1210,10,110,1,通常,0,,,,
223906247,Yahoo!ショッピング,67572,株式会社サンリーブ【Ｙ】,glass-garden-10044764,2026/08/24 18:24:58,2026/08/24 18:28:19,完了,PayPay,福澤 宏昭,1350061,東京都,江東区,豊洲3-6-8-610,09049303711,,880,0,0,0,80,33,176,出荷済,未保留,490806773354,自社倉庫,福澤 宏昭,1350061,東京都,江東区,豊洲3-6-8-610,09049303711,宅配便,,,,,,,2026/08/25 10:22:10,ヤマト運輸,hy-6219-brn,71032-00001319,メガネケース おしゃれ 本革 風 シンプル ハード 収納 クラシカル メガネ 眼鏡 サングラス 老眼鏡 メンズ レディース 贈り物 HY-6219,1,880,10,80,1,通常,0,,,,
223907520,楽天市場,67419,株式会社サンリーブ【Ｒ】,361684-20260824-0536200197,2026/08/24 18:52:10,2026/08/24 18:53:11,完了,クレジットカード,三浦 理子,794-0063,愛媛県,今治市,片山2-4-8 岡田ビル203号室,090-1066-7670,[配送日時指定:],2420,0,0,0,220,0,0,出荷済,未保留,680662168480,自社倉庫,三浦 理子,794-0063,愛媛県,今治市,片山2-4-8 岡田ビル203号室,090-1066-7670,メール便,,,,,,,2026/08/25 11:01:36,日本郵便,gcp-lic,71032-00002013,メガネケース 眼鏡ケース ソフトケース 巾着 マイクロファイバー メガネ拭き リサイクル素材 おしゃれ かわいい アニマル 動物 サングラスケース 老眼鏡ケース 軽量 レディース メンズ ギフト プレゼント フランスデザイン GCP,1,1210,10,110,1,通常,0,,,,指定なし
223907520,楽天市場,67419,株式会社サンリーブ【Ｒ】,361684-20260824-0536200197,2026/08/24 18:52:10,2026/08/24 18:53:11,完了,クレジットカード,三浦 理子,794-0063,愛媛県,今治市,片山2-4-8 岡田ビル203号室,090-1066-7670,[配送日時指定:],2420,0,0,0,220,0,0,出荷済,未保留,680662168480,自社倉庫,三浦 理子,794-0063,愛媛県,今治市,片山2-4-8 岡田ビル203号室,090-1066-7670,メール便,,,,,,,2026/08/25 11:01:36,日本郵便,gcp-nou,71032-00002015,メガネケース 眼鏡ケース ソフトケース 巾着 マイクロファイバー メガネ拭き リサイクル素材 おしゃれ かわいい アニマル 動物 サングラスケース 老眼鏡ケース 軽量 レディース メンズ ギフト プレゼント フランスデザイン GCP,1,1210,10,110,1,通常,0,,,,指定なし
223908056,Yahoo!ショッピング,67572,株式会社サンリーブ【Ｙ】,glass-garden-10044765,2026/08/24 18:58:48,2026/08/24 19:03:36,完了,PayPay,吉川 崇裕,6180021,大阪府,三島郡,島本町百山22-1 アーバン島本シティ307,09017166610,,880,0,0,0,80,44,0,出荷済,未保留,490806773365,自社倉庫,吉川 崇裕,6180021,大阪府,三島郡,島本町百山22-1 アーバン島本シティ307,09017166610,宅配便,2026/08/26,,,,,,2026/08/25 10:22:11,ヤマト運輸,hy-6219-blk,71032-00001318,メガネケース おしゃれ 本革 風 シンプル ハード 収納 クラシカル メガネ 眼鏡 サングラス 老眼鏡 メンズ レディース 贈り物 HY-6219,1,880,10,80,1,通常,0,,,,
223908903,楽天市場,67419,株式会社サンリーブ【Ｒ】,361684-20260824-0785949874,2026/08/24 19:19:03,2026/08/24 19:20:04,完了,クレジットカード,大橋 秀人,444-1213,愛知県,安城市,東端町天白９番地,0566-48-2954,[配送日時指定:],3960,0,0,0,360,54,0,出荷済,未保留,680662168491,自社倉庫,大橋 秀人,444-1213,愛知県,安城市,東端町天白９番地,0566-48-2954,メール便,,,,,,,2026/08/25 11:01:37,日本郵便,fisi-04-1,71032-00000367,【8月31日までセール価格】栞 サングラス 薄型 非球面レンズ 折りたたみ式 コンパクト 薄い 軽い レディース メンズ おしゃれ お洒落 かっこいい 旅行用 携帯用 クラシック レトロ ラウンド 丸メガネ ライトカラー 鯖江メーカーデザイン SHIORI SI-04,1,3960,10,360,1,通常,0,,,,指定なし
223909080,Yahoo!ショッピング,67572,株式会社サンリーブ【Ｙ】,glass-garden-10044766,2026/08/24 19:19:53,2026/08/24 19:23:15,完了,クレジットカード,藤井 成人,4102317,静岡県,伊豆の国市,守木95-7,0558768501,,1210,0,0,0,110,0,0,出荷済,未保留,490806773376,自社倉庫,藤井 成人,4102317,静岡県,伊豆の国市,守木95-7,0558768501,宅配便,,,,,,,2026/08/25 10:22:12,ヤマト運輸,hy-8113-orange,71032-00000825,メガネケース おしゃれ ハードケース 革調 スリム 薄型 軽量 シンプル コンパクト メガネ収納ケース 眼鏡 サングラス 老眼鏡 HY-8113,1,1210,10,110,1,通常,0,,,,
223911452,楽天市場,67419,株式会社サンリーブ【Ｒ】,361684-20260824-0946449848,2026/08/24 20:00:19,2026/08/24 20:01:52,完了,クレジットカード,西村 基容子,860-0053,熊本県,熊本市西区,田崎1-5-122ソレイユヒロNo.3-102,080-1126-0518,[配送日時指定:],3960,0,0,0,360,0,594,出荷済,未保留,490806773380,自社倉庫,西村 基容子,860-0053,熊本県,熊本市西区,田崎1-5-122ソレイユヒロNo.3-102,080-1126-0518,宅配便,,,,,,,2026/08/25 10:22:13,ヤマト運輸,hinoki-01-5,71032-00001606,【24日20時?マラソンクーポン価格】ひのき屋 ひのき 枕 まくら 純国産 檜 ヒノキ 消臭 抗菌 防虫 防カビ カバー付き チップ入り 洗える ピロー 首枕 小さめ 寝心地 自然の香り 続く 快眠 安眠 おしゃれ ナチュラル インテリア リラックス 日本製 誕生日,1,3960,10,360,1,通常,0,,,,指定なし
223911453,楽天市場,67419,株式会社サンリーブ【Ｒ】,361684-20260824-0696200175,2026/08/24 20:00:25,2026/08/24 20:01:52,完了,クレジットカード,鈴木 晶子,411-0822,静岡県,三島市,松本250-1,090-1238-2316,[配送日時指定:],3300,0,0,0,300,0,495,出荷済,未保留,680662168502,自社倉庫,鈴木 晶子,411-0822,静岡県,三島市,松本250-1,090-1238-2316,メール便,,,,,,,2026/08/25 11:01:37,日本郵便,ohari-2-1,71032-00001521,【24日20時?マラソンクーポン価格】小さなお針箱 裁縫セット ソーイングセット 裁縫道具 裁縫箱 日本製 国産 金沢 伝統工芸 引き出物 かわいい おしゃれ レトロ 旅行 携帯 桐箱 麻の葉 青海波 燕三条 はさみ 糸 ワンタッチ針 ミニ ヒロ OHARI-2,1,3300,10,300,1,通常,0,,,,指定なし
223912008,楽天市場,67419,株式会社サンリーブ【Ｒ】,361684-20260824-0689500164,2026/08/24 20:01:04,2026/08/24 20:02:50,完了,クレジットカード,野口 博康,031-0801,青森県,八戸市,小中野3ー27ー14,0178-43-3512,[配送日時指定:],10010,0,0,0,910,0,1501,出荷済,未保留,490806773391,自社倉庫,野口 博康,031-0802,青森県,八戸市,小中野3ー27ー14,0178-43-3512,宅配便,,,,,,,2026/08/25 10:22:14,ヤマト運輸,rf-002-1,71032-00001308,【8月31日までセール価格】サングラス レディース UVカット HEVカット ブルーライトカット おしゃれ 上品 大人カジュアル 美肌 軽量 βチタン ボストン 女性 旅行 トラベル 日本製レンズ ハードケース メガネ拭き付き 鯖江メーカーデザイン REFLET RF-002,1,10010,10,910,1,通常,0,,,,指定なし
223912011,楽天市場,67419,株式会社サンリーブ【Ｒ】,361684-20260824-0783100006,2026/08/24 20:01:21,2026/08/24 20:02:51,完了,クレジットカード,渕上 嘉則,615-8085,京都府,京都市西京区,桂千代原町８９,075-394-3121,[配送日時指定:],5500,0,0,0,500,0,825,出荷済,未保留,680662168513,自社倉庫,渕上 嘉則,615-8085,京都府,京都市西京区,桂千代原町８９,075-394-3121,メール便,,,,,,,2026/08/25 11:01:38,日本郵便,si-09-3-20,71032-00001092,【24日20時?マラソンクーポン価格】栞 老眼鏡 リーディンググラス ブルーライトカット 薄型 非球面レンズ 折りたたみ式 コンパクト 薄い 軽い レディース メンズ おしゃれ お洒落 シニアグラス 旅行 携帯 特許商品 オーバル 鯖江メーカーデザイン SHIORI SI-09,1,5500,10,500,1,通常,0,,,,指定なし
223915902,楽天市場,67419,株式会社サンリーブ【Ｒ】,361684-20260824-0960449784,2026/08/24 20:08:21,2026/08/24 20:09:52,完了,クレジットカード,小嶋 菜,111-0032,東京都,台東区,浅草3-16-1ディアハイム浅草601,090-5424-3928,[配送日時指定:],3300,0,0,0,300,2805,495,出荷済,未保留,680662168524,自社倉庫,小嶋 菜,111-0032,東京都,台東区,浅草3-16-1ディアハイム浅草601,090-5424-3928,メール便,,,,,,,2026/08/25 11:01:38,日本郵便,ph5099-12,71032-00001818,【8月31日までセール価格】調光 サングラス UVカット 紫外線 ブルーライトカット レディース メンズ 伊達メガネ カラーレンズ おしゃれ 眼鏡 ボストン 女性  ブランド ファッション バイカラーケース付 鯖江メーカーデザイン GG eyewear ph5099,1,3300,10,300,1,通常,0,,,,指定なし
223915906,楽天市場,67419,株式会社サンリーブ【Ｒ】,361684-20260824-0870349811,2026/08/24 20:08:39,2026/08/24 20:09:52,完了,クレジットカード,大橋 秀人,444-1213,愛知県,安城市,東端町天白９番地,0566-48-2954,[配送日時指定:],7150,0,0,0,650,0,1072,出荷済,未保留,680662168535,自社倉庫,大橋 秀人,444-1213,愛知県,安城市,東端町天白９番地,0566-48-2954,メール便,,,,,,,2026/08/25 11:01:39,日本郵便,si-13-3-15,71032-00001398,【24日20時?マラソンクーポン価格】栞 老眼鏡 跳ね上げ式 リーディンググラス ブルーライトカット 薄型 非球面レンズ 折りたたみ式 コンパクト 薄い 軽い レディース メンズ おしゃれ シニアグラス 旅行 携帯 ラウンド 丸メガネ 鯖江メーカーデザイン SHIORI SI-13,1,7150,10,650,1,通常,0,,,,指定なし
223915908,楽天市場,67419,株式会社サンリーブ【Ｒ】,361684-20260824-0800549991,2026/08/24 20:08:44,2026/08/24 20:09:52,完了,クレジットカード,宮原 有佐,171-0032,東京都,豊島区,雑司が谷2-3-1-107,090-5394-4913,[配送日時指定:],5500,0,0,0,500,500,1100,出荷済,未保留,680662168546,自社倉庫,宮原 有佐,171-0032,東京都,豊島区,雑司が谷2-3-1-107,090-5394-4913,メール便,,,,,,,2026/08/25 11:01:39,日本郵便,si-10-4-20,71032-00001106,【24日20時?マラソンクーポン価格】栞 老眼鏡 リーディンググラス ツートンカラー ブルーライトカット 薄型 非球面レンズ 折りたたみ式 コンパクト 薄い 軽い レディース 女性用 おしゃれ お洒落 旅行用 携帯用 特許商品 鯖江メーカーデザイン SHIORI SI-10,1,5500,10,500,1,通常,0,,,,指定なし
223916815,楽天市場,67419,株式会社サンリーブ【Ｒ】,361684-20260824-0723100142,2026/08/24 20:10:21,2026/08/24 20:11:39,完了,クレジットカード,川嶋 克幸,580-0032,大阪府,松原市,天美東8丁目3-11,080-5336-0004,[配送日時指定:],3520,0,0,0,320,2228,528,出荷済,未保留,680662168550,自社倉庫,川嶋 克幸,553-0007,大阪府,大阪市福島区,大開4-1-1福山通運社宅1019,080-5336-0004,メール便,,,,,,,2026/08/25 11:01:40,日本郵便,flw-001-002-1,71032-00001551,【8月31日までセール価格】サングラス 偏光 メンズ レディース uvカット 薄色サングラス レンズ メガネ 紫外線 男性 外仕事 軽量 疲れない 眩しくない 暑さ対策 作業服 日差し アウトドア ドライブ 運転 おしゃれ シンプル FEELLIFE FLW-001-002,1,3520,10,320,1,通常,0,,,,指定なし
223923579,Yahoo!ショッピング,67572,株式会社サンリーブ【Ｙ】,glass-garden-10044768,2026/08/24 20:25:57,2026/08/24 20:28:20,完了,PayPay,秋庭 涼之介,0300822,青森県,青森市,中央2丁目9-12 第2中央マンション305,08013616967,,880,0,0,0,80,0,0,出荷済,未保留,490806773402,自社倉庫,秋庭 涼之介,0300822,青森県,青森市,中央2丁目9-12 第2中央マンション305,08013616967,宅配便,2026/08/27,,,,,,2026/08/25 10:22:15,ヤマト運輸,hy-6219-blk,71032-00001318,メガネケース おしゃれ 本革 風 シンプル ハード 収納 クラシカル メガネ 眼鏡 サングラス 老眼鏡 メンズ レディース 贈り物 HY-6219,1,880,10,80,1,通常,0,,,,
223925012,楽天市場,67419,株式会社サンリーブ【Ｒ】,361684-20260824-0844249964,2026/08/24 20:30:24,2026/08/24 20:32:10,完了,クレジットカード,山本 佳代,474-0036,愛知県,大府市,月見町三丁目64番地の1 エムズシティ大府308号,090-5459-7404,[配送日時指定:],5500,0,0,0,500,1134,825,出荷済,未保留,490806773413,自社倉庫,山本 佳代,474-0036,愛知県,大府市,月見町三丁目64番地の1 エムズシティ大府308号,090-5459-7404,宅配便,,,,,,,2026/08/25 10:22:16,ヤマト運輸,bdr-3001-1-15,71032-00000125,【24日20時?マラソンクーポン価格】BEAMS DESIGN 老眼鏡 リーディンググラス ブルーライトカット PCメガネ メタル メンズ レディース おしゃれ 眼鏡 ボストン シニアグラス ブラック ゴールド +0.50から 専用ケース付 ギフト ビームスデザイン bdr-3001,1,5500,10,500,1,通常,0,,,,指定なし
223927000,楽天市場,67419,株式会社サンリーブ【Ｒ】,361684-20260824-0893849927,2026/08/24 20:35:58,2026/08/24 20:38:00,完了,クレジットカード,渡邊 彩香,963-8041,福島県,郡山市,富田町日吉ヶ丘106番地,080-5741-3950,[配送日時指定:],3300,0,0,0,300,1805,495,出荷済,未保留,680662168561,自社倉庫,渡邊 彩香,963-8041,福島県,郡山市,富田町日吉ヶ丘106番地,080-5741-3950,メール便,,,,,,,2026/08/25 11:01:41,日本郵便,ph5099-1,71032-00000925,【8月31日までセール価格】調光 サングラス UVカット 紫外線 ブルーライトカット レディース メンズ 伊達メガネ カラーレンズ おしゃれ 眼鏡 ボストン 女性  ブランド ファッション バイカラーケース付 鯖江メーカーデザイン GG eyewear ph5099,1,3300,10,300,1,通常,0,,,,指定なし
223928080,楽天市場,67419,株式会社サンリーブ【Ｒ】,361684-20260824-0833400107,2026/08/24 20:39:19,2026/08/24 20:41:09,完了,クレジットカード,加藤 直子,062-0022,北海道,札幌市豊平区,月寒西二条６丁目２番３５号,080-1112-1158,[配送日時指定:],9130,0,0,0,830,0,1369,出荷済,未保留,490806773424,自社倉庫,加藤 直子,062-0022,北海道,札幌市豊平区,月寒西二条６丁目２番３５号,080-1112-1158,宅配便,,,,,,,2026/08/25 10:22:17,ヤマト運輸,bdr-1002-2-15,71032-00000104,【24日20時?マラソンクーポン価格】BEAMS DESIGN 老眼鏡 折りたたみ 携帯 レディース メンズ 女性用 男性用 おしゃれ コンパクト スクエア リーディンググラス シニアグラス ブラックマット ブラウンデミ 専用ケース付 ギフト ビームス デザイン BDR-1002,1,6380,10,580,1,通常,0,,,,指定なし
223928080,楽天市場,67419,株式会社サンリーブ【Ｒ】,361684-20260824-0833400107,2026/08/24 20:39:19,2026/08/24 20:41:09,完了,クレジットカード,加藤 直子,062-0022,北海道,札幌市豊平区,月寒西二条６丁目２番３５号,080-1112-1158,[配送日時指定:],9130,0,0,0,830,0,1369,出荷済,未保留,490806773424,自社倉庫,加藤 直子,062-0022,北海道,札幌市豊平区,月寒西二条６丁目２番３５号,080-1112-1158,宅配便,,,,,,,2026/08/25 10:22:17,ヤマト運輸,fll-4000-1-15,71032-00001971,老眼鏡 0.5度数から おしゃれ レディース ブルーライトカット 紫外線 uv ボストン かわいい メガネ 老眼 度付き リーディンググラス 30代 40代 50代 女性 クラシック クリアカラー シニアグラス FEELLIFE FLL-4000,1,2750,10,250,1,通常,0,,,,指定なし
223928387,楽天市場,67419,株式会社サンリーブ【Ｒ】,361684-20260824-0882549872,2026/08/24 20:40:32,2026/08/24 20:42:11,完了,クレジットカード,古武家 百花,432-8068,静岡県,浜松市中央区,大平台2-48-9レイクヒルズM202,080-1920-4931,[配送日時指定:],1001,0,0,0,91,0,0,出荷済,未保留,490806773435,自社倉庫,古武家 百花,432-8068,静岡県,浜松市中央区,大平台2-48-9レイクヒルズM202,080-1920-4931,宅配便,,,,,,,2026/08/25 10:22:18,ヤマト運輸,hy-8042-blk,71032-00001331,メガネケース ハード コンパクト 小さめ 軽量 シンプル デザイン 上品 本革 風 PUレザー ファブリック調 おしゃれ 低価格 女性用 男性用 メガネ 眼鏡 めがね サングラス PCメガネ 老眼鏡 マグネットタイプ 眼鏡ケース 贈り物 HY-8042,1,1001,10,91,1,通常,0,,,,指定なし
223929020,楽天市場,67419,株式会社サンリーブ【Ｒ】,361684-20260824-0858449922,2026/08/24 20:42:44,2026/08/24 20:44:11,完了,クレジットカード,小林 美子,034-0013,青森県,十和田市,東十一番町20-24,090-8783-0504,[配送日時指定:],4180,0,0,0,380,0,627,出荷済,未保留,680662168572,自社倉庫,小林 美子,034-0013,青森県,十和田市,東十一番町20-24,090-8783-0504,メール便,,,,,,,2026/08/25 11:01:41,日本郵便,gg5099-2-20,71032-00000768,【24日20時?マラソンクーポン価格】メガネ 度付き 度入り 眼鏡 UVカット ブルーライトカット 近視 お得 レディース メンズ おしゃれ 可愛い かわいい ボストン 予備 エマージェンシー  セカンドメガネ バイカラーケース 鯖江メーカーデザイン GG eyewear gg5099,1,4180,10,380,1,通常,0,,,,指定なし
223929643,楽天市場,67419,株式会社サンリーブ【Ｒ】,361684-20260824-0989849817,2026/08/24 20:44:45,2026/08/24 20:46:10,完了,クレジットカード,佐藤 大輔,343-0807,埼玉県,越谷市,赤山町5-7-53 エクシオ越谷３０６,090-7941-6207,[配送日時指定:],4158,0,0,0,378,0,623,出荷済,未保留,490806773446,自社倉庫,佐藤 大輔,343-0807,埼玉県,越谷市,赤山町5-7-53 エクシオ越谷３０６,090-7941-6207,宅配便,,,,,,,2026/08/25 10:22:18,ヤマト運輸,uk-001-002-1B,71032-00001304,【8月31日までセール価格】高機能トリプルカットレンズ PCメガネ サングラス 伊達メガネ ブルーライトカット UVカット イエローライト 紫外線 勉強用 読書 作業用 美眼 軽い 眼鏡 おしゃれ レディース メンズ 学生 プレゼント 鯖江メーカーデザイン ukaru,1,4158,10,378,1,通常,0,,,,指定なし
223933616,楽天市場,67419,株式会社サンリーブ【Ｒ】,361684-20260824-0871800091,2026/08/24 20:57:11,2026/08/24 20:58:58,完了,クレジットカード,余野 伸恵,572-0071,大阪府,寝屋川市,豊里町28番7号,072-865-7821,[配送日時指定:],2860,0,0,0,260,0,428,出荷済,未保留,490806773450,自社倉庫,余野 伸恵,572-0071,大阪府,寝屋川市,豊里町28番7号,072-865-7821,宅配便,,,,,,,2026/08/25 10:22:19,ヤマト運輸,kibi-s-s3,71032-00001673,割れにくい リサイクルペット樹脂 皿 陶器 高級感 重厚感 肉厚 器 食器 食卓 キッチン リビング 電子レンジ 食洗器 使い心地 日本製 石川県産 サステナブル エコ 3R 選べるデザイン マットカラー 誕生日 贈り物 ギフト 父の日,1,1430,10,130,1,通常,0,,,,指定なし
223933616,楽天市場,67419,株式会社サンリーブ【Ｒ】,361684-20260824-0871800091,2026/08/24 20:57:11,2026/08/24 20:58:58,完了,クレジットカード,余野 伸恵,572-0071,大阪府,寝屋川市,豊里町28番7号,072-865-7821,[配送日時指定:],2860,0,0,0,260,0,428,出荷済,未保留,490806773450,自社倉庫,余野 伸恵,572-0071,大阪府,寝屋川市,豊里町28番7号,072-865-7821,宅配便,,,,,,,2026/08/25 10:22:19,ヤマト運輸,kibi-s-t3,71032-00001683,割れにくい リサイクルペット樹脂 皿 陶器 高級感 重厚感 肉厚 器 食器 食卓 キッチン リビング 電子レンジ 食洗器 使い心地 日本製 石川県産 サステナブル エコ 3R 選べるデザイン マットカラー 誕生日 贈り物 ギフト 父の日,1,1430,10,130,1,通常,0,,,,指定なし
223939709,楽天市場,67419,株式会社サンリーブ【Ｒ】,361684-20260824-0999549849,2026/08/24 21:19:39,2026/08/24 21:21:06,完了,クレジットカード,樋口 未智,385-0007,長野県,佐久市,新子田1888-3,090-2335-5033,[配送日時指定:],3300,0,0,0,300,0,495,出荷済,未保留,680662168583,自社倉庫,樋口 未智,385-0022,長野県,佐久市,岩村田1043-1 ロイヤルオーク3 101,090-2335-5033,メール便,,,,,,,2026/08/25 11:01:42,日本郵便,ohari-2-2,71032-00001522,【24日20時?マラソンクーポン価格】小さなお針箱 裁縫セット ソーイングセット 裁縫道具 裁縫箱 日本製 国産 金沢 伝統工芸 引き出物 かわいい おしゃれ レトロ 旅行 携帯 桐箱 麻の葉 青海波 燕三条 はさみ 糸 ワンタッチ針 ミニ ヒロ OHARI-2,1,3300,10,300,1,通常,0,,,,指定なし
223941077,楽天市場,67419,株式会社サンリーブ【Ｒ】,361684-20260824-0688300190,2026/08/24 21:24:58,2026/08/24 21:26:29,完了,コンビニ決済,澁谷 睦史,957-0062,新潟県,新発田市,富塚町1-4-12,090-2662-6066,[配送日時指定:]16:00-18:00,7920,0,0,0,720,0,1188,出荷済,未保留,490806773461,自社倉庫,澁谷 睦史,957-0062,新潟県,新発田市,富塚町1-4-12,090-2662-6066,宅配便,,1618,,,,,2026/08/25 10:22:19,ヤマト運輸,clt01-l-bk,71032-00001730,【24日20時?マラソンクーポン価格】colm 日本製 レザートレイ Lサイズ 本革 メガネトレー キャッシュトレー おしゃれ 長方形 レザートレー 小物入れ 革 トレイ ペントレー アクセサリートレイ 立体 収納 ケース 眼鏡置き トレー キャッシュトレイ ギフト CLT01-L,1,7920,10,720,1,通常,0,,,,指定なし
223941082,楽天市場,67419,株式会社サンリーブ【Ｒ】,361684-20260824-0033200254,2026/08/24 21:25:27,2026/08/24 21:26:30,完了,クレジットカード,伊藤 里香,390-0831,長野県,松本市,井川城2-8-8 セジュール・ケイＡ102,090-1832-8901,[配送日時指定:],3740,0,0,0,340,0,561,出荷済,未保留,680662168594,自社倉庫,伊藤 里香,390-0831,長野県,松本市,井川城2-8-8 セジュール・ケイＡ102,090-1832-8901,メール便,,,,,,,2026/08/25 11:01:42,日本郵便,ohari-1-1,71032-00001519,【24日20時?マラソンクーポン価格】小さなお針箱 裁縫セット ソーイングセット 裁縫道具 裁縫箱 日本製 国産 金沢 伝統工芸 引き出物 かわいい おしゃれ レトロ 旅行 携帯 桐箱 漆 山中塗 燕三条 はさみ 糸 ワンタッチ針 ミニ ヒロ OHARI-1,1,3740,10,340,1,通常,0,,,,指定なし
223942653,楽天市場,67419,株式会社サンリーブ【Ｒ】,361684-20260824-0858900045,2026/08/24 21:30:34,2026/08/24 21:32:09,完了,クレジットカード,石田 貴子,253-0045,神奈川県,茅ヶ崎市,十間坂1-6-26 フェニックス湘南302,090-6340-1170,[配送日時指定:],7150,0,0,0,650,81,1072,出荷済,未保留,680662168605,自社倉庫,石田 貴子,253-0045,神奈川県,茅ヶ崎市,十間坂1-6-26 フェニックス湘南302,090-6340-1170,メール便,,,,,,,2026/08/25 11:01:44,日本郵便,si-11r-1-20,71032-00001933,【24日20時?マラソンクーポン価格】栞 累進 老眼鏡 リーディンググラス シニアグラス 遠近両用 メガネ 紫外線 ブルーライト カット パソコン スマートフォン タブレット 折りたたみ 携帯 スリム レディース メンズ おしゃれ クラシック マットカラー SHIORI SI-11R,1,7150,10,650,1,通常,0,,,,指定なし
223942654,楽天市場,67419,株式会社サンリーブ【Ｒ】,361684-20260824-0990149786,2026/08/24 21:31:05,2026/08/24 21:32:09,完了,コンビニ決済,大石 真未,340-0822,埼玉県,八潮市,大瀬1548-1,090-6929-0792,[配送日時指定:],3300,0,0,0,300,0,495,出荷済,未保留,680662168616,自社倉庫,大石 真未,340-0822,埼玉県,八潮市,大瀬1548-1,090-6929-0792,メール便,,,,,,,2026/08/25 11:01:44,日本郵便,ph5099-12,71032-00001818,【8月31日までセール価格】調光 サングラス UVカット 紫外線 ブルーライトカット レディース メンズ 伊達メガネ カラーレンズ おしゃれ 眼鏡 ボストン 女性  ブランド ファッション バイカラーケース付 鯖江メーカーデザイン GG eyewear ph5099,1,3300,10,300,1,通常,0,,,,指定なし
223946873,楽天市場,67419,株式会社サンリーブ【Ｒ】,361684-20260824-0962149880,2026/08/24 21:46:53,2026/08/24 21:48:22,完了,クレジットカード,小谷 千代,272-0015,千葉県,市川市,鬼高3-12-39-319ファミール市川ガーデンプラザウエスト,047-376-2428,[配送日時指定:],7150,0,0,0,650,0,0,出荷済,未保留,680662168620,自社倉庫,小谷 千代,272-0015,千葉県,市川市,鬼高3-12-39-319ファミール市川ガーデンプラザウエスト,047-376-2428,メール便,,,,,,,2026/08/25 11:01:45,日本郵便,si-13-2-25,71032-00001403,【24日20時?マラソンクーポン価格】栞 老眼鏡 跳ね上げ式 リーディンググラス ブルーライトカット 薄型 非球面レンズ 折りたたみ式 コンパクト 薄い 軽い レディース メンズ おしゃれ シニアグラス 旅行 携帯 ラウンド 丸メガネ 鯖江メーカーデザイン SHIORI SI-13,1,7150,10,650,1,通常,0,,,,指定なし
223952304,楽天市場,67419,株式会社サンリーブ【Ｒ】,361684-20260824-0934549946,2026/08/24 22:09:41,2026/08/24 22:11:26,完了,クレジットカード,羽生田 由佳,396-0301,長野県,伊那市,高遠町藤沢5823,0265-96-1150,[配送日時指定:],3740,0,0,0,340,0,561,出荷済,未保留,680662168631,自社倉庫,羽生田 由佳,396-0301,長野県,伊那市,高遠町藤沢5823,0265-96-1150,メール便,,,,,,,2026/08/25 11:01:45,日本郵便,ohari-1-1,71032-00001519,【24日20時?マラソンクーポン価格】小さなお針箱 裁縫セット ソーイングセット 裁縫道具 裁縫箱 日本製 国産 金沢 伝統工芸 引き出物 かわいい おしゃれ レトロ 旅行 携帯 桐箱 漆 山中塗 燕三条 はさみ 糸 ワンタッチ針 ミニ ヒロ OHARI-1,1,3740,10,340,1,通常,0,,,,指定なし
223952487,楽天市場,67419,株式会社サンリーブ【Ｒ】,361684-20260824-0114000228,2026/08/24 22:10:53,2026/08/24 22:12:19,完了,クレジットカード,伊藤 和子,191-0065,東京都,日野市,旭が丘3-1-13グランシティ豊田401,090-9367-8153,[配送日時指定:],2970,0,0,0,270,0,445,出荷済,未保留,680662168642,自社倉庫,伊藤 和子,191-0065,東京都,日野市,旭が丘3-1-13グランシティ豊田401,090-9367-8153,メール便,,,,,,,2026/08/25 11:01:46,日本郵便,ph5012-1,71032-00001577,【8月31日までセール価格】調光 サングラス UVカット 紫外線 ブルーライトカット レディース メンズ 伊達メガネ カラーレンズ おしゃれ 眼鏡 クラウンパント 女性 ブランド ファッション バイカラーケース付 鯖江メーカーデザイン GG eyewear ph5012,1,2970,10,270,1,通常,0,,,,指定なし
223952489,楽天市場,67419,株式会社サンリーブ【Ｒ】,361684-20260824-0968649947,2026/08/24 22:11:05,2026/08/24 22:12:19,完了,クレジットカード,伊東 美峰子,120-0005,東京都,足立区,綾瀬6-3-6-307 グリーンパーク綾瀬リバーサイド,090-4179-5365,[配送日時指定:],5500,0,0,0,500,4675,825,出荷済,未保留,680662168653,自社倉庫,伊東 美峰子,120-0005,東京都,足立区,綾瀬6-3-6-307 グリーンパーク綾瀬リバーサイド,090-4179-5365,メール便,,,,,,,2026/08/25 11:01:46,日本郵便,si-10-1-15,71032-00001099,【24日20時?マラソンクーポン価格】栞 老眼鏡 リーディンググラス ツートンカラー ブルーライトカット 薄型 非球面レンズ 折りたたみ式 コンパクト 薄い 軽い レディース 女性用 おしゃれ お洒落 旅行用 携帯用 特許商品 鯖江メーカーデザイン SHIORI SI-10,1,5500,10,500,1,通常,0,,,,指定なし
223954691,Yahoo!ショッピング,67572,株式会社サンリーブ【Ｙ】,glass-garden-10044771,2026/08/24 22:18:11,2026/08/24 22:23:05,完了,PayPay,コヤマ キョウスケ,6712223,兵庫県,姫路市,青山南4-3-16,09085218684,,2420,0,0,0,220,0,0,出荷済,未保留,680662168664,自社倉庫,コヤマ キョウスケ,6712223,兵庫県,姫路市,青山南4-3-16,09085218684,メール便,,,,,,,2026/08/25 11:01:47,日本郵便,bsc-001-cyl,71032-00001588,メガネケース 日本製 おしゃれ バッグに付けられる 軽量 スリム 眼鏡ケース ソフトケース サングラス ケース メガネホルダー BSC-001,1,2420,10,220,1,通常,0,,,,
223954782,楽天市場,67419,株式会社サンリーブ【Ｒ】,361684-20260824-0963100024,2026/08/24 22:21:54,2026/08/24 22:23:32,完了,クレジットカード,光川 まゆみ,113-0021,東京都,文京区,本駒込1-6-19-501,090-9322-7720,[配送日時指定:],5500,0,0,0,500,0,0,出荷済,未保留,490806773472,自社倉庫,光川 まゆみ,113-0021,東京都,文京区,本駒込1-6-19-501,090-9322-7720,宅配便,,,,,,,2026/08/25 10:22:20,ヤマト運輸,bdr-3002-1-20,71032-00000139,【24日20時?マラソンクーポン価格】BEAMS DESIGN 老眼鏡 リーディンググラス ブルーライトカット PCメガネ メタル メンズ レディース おしゃれ 眼鏡 ボストン シニアグラス ゴールド グレー +0.50から 専用ケース付 ギフト ビームスデザイン bdr-3002,1,5500,10,500,1,通常,0,,,,指定なし
223955655,楽天市場,67419,株式会社サンリーブ【Ｒ】,361684-20260824-0008600323,2026/08/24 22:27:14,2026/08/24 22:28:17,完了,クレジットカード,平岩 美紀,252-0146,神奈川県,相模原市緑区,大山町１?３１?２７１０,090-9363-6634,[配送日時指定:],4950,0,0,0,450,0,742,出荷済,未保留,680662168675,自社倉庫,平岩 美紀,252-0146,神奈川県,相模原市緑区,大山町１?３１?２７１０,090-9363-6634,メール便,,,,,,,2026/08/25 11:01:48,日本郵便,si-01sa-2-15,71032-00000981,【24日20時?マラソンクーポン価格】栞 老眼鏡 リーディンググラス 薄型 非球面レンズ 折りたたみ式 コンパクト スリム 薄い 軽い レディース メンズ おしゃれ お洒落 シニアグラス 旅行 携帯用 外出 特許商品 オーバル 鯖江メーカーデザイン SHIORI SI-01SAP,1,4950,10,450,1,通常,0,,,,指定なし
223958161,楽天市場,67419,株式会社サンリーブ【Ｒ】,361684-20260824-0972000040,2026/08/24 22:40:15,2026/08/24 22:42:02,完了,クレジットカード,小田 恵子,512-0901,三重県,四日市市,大谷台1-41,090-9914-5539,[配送日時指定:],3520,0,0,0,320,0,528,出荷済,未保留,680662168686,自社倉庫,小田 恵子,512-0901,三重県,四日市市,大谷台1-41,090-9914-5539,メール便,,,,,,,2026/08/25 11:01:48,日本郵便,flw-001-002-1,71032-00001551,【8月31日までセール価格】サングラス 偏光 メンズ レディース uvカット 薄色サングラス レンズ メガネ 紫外線 男性 外仕事 軽量 疲れない 眩しくない 暑さ対策 作業服 日差し アウトドア ドライブ 運転 おしゃれ シンプル FEELLIFE FLW-001-002,1,3520,10,320,1,通常,0,,,,指定なし
223959143,楽天市場,67419,株式会社サンリーブ【Ｒ】,361684-20260824-0896300166,2026/08/24 22:46:27,2026/08/24 22:47:49,完了,クレジットカード,上原 亜希子,753-0871,山口県,山口市,朝田390ラウレアB202,090-1356-0223,[配送日時指定:],6270,0,0,0,570,0,0,出荷済,未保留,680662168690,自社倉庫,上原 亜希子,753-0871,山口県,山口市,朝田390ラウレアB202,090-1356-0223,メール便,,,,,,,2026/08/25 11:01:49,日本郵便,si-10-2-15,71032-00001100,【24日20時?マラソンクーポン価格】栞 老眼鏡 リーディンググラス ツートンカラー ブルーライトカット 薄型 非球面レンズ 折りたたみ式 コンパクト 薄い 軽い レディース 女性用 おしゃれ お洒落 旅行用 携帯用 特許商品 鯖江メーカーデザイン SHIORI SI-10,1,5500,10,500,1,通常,0,,,,指定なし
223959143,楽天市場,67419,株式会社サンリーブ【Ｒ】,361684-20260824-0896300166,2026/08/24 22:46:27,2026/08/24 22:47:49,完了,クレジットカード,上原 亜希子,753-0871,山口県,山口市,朝田390ラウレアB202,090-1356-0223,[配送日時指定:],6270,0,0,0,570,0,0,出荷済,未保留,680662168690,自社倉庫,上原 亜希子,753-0871,山口県,山口市,朝田390ラウレアB202,090-1356-0223,メール便,,,,,,,2026/08/25 11:01:49,日本郵便,a-62-brn,71032-00001474,栞 メガネケース 老眼鏡 SHIORI 全モデル対応 大きめサイズ リーディンググラス しおり スリム おしゃれ レディース メンズ 折りたたみ 薄型 ブラック ブラウン ベージュ A-62,1,770,10,70,1,通常,0,,,,指定なし
223965036,楽天市場,67419,株式会社サンリーブ【Ｒ】,361684-20260824-0000500389,2026/08/24 23:25:56,2026/08/24 23:26:59,完了,クレジットカード,川嶋 あゆみ,276-0040,千葉県,八千代市,緑が丘西3丁目2-5,080-8847-4346,[配送日時指定:],3300,0,0,0,300,0,495,出荷済,未保留,680662168701,自社倉庫,川嶋 あゆみ,276-0040,千葉県,八千代市,緑が丘西3丁目2-5,080-8847-4346,メール便,,,,,,,2026/08/25 11:01:49,日本郵便,ohari-2-1,71032-00001521,【24日20時?マラソンクーポン価格】小さなお針箱 裁縫セット ソーイングセット 裁縫道具 裁縫箱 日本製 国産 金沢 伝統工芸 引き出物 かわいい おしゃれ レトロ 旅行 携帯 桐箱 麻の葉 青海波 燕三条 はさみ 糸 ワンタッチ針 ミニ ヒロ OHARI-2,1,3300,10,300,1,通常,0,,,,指定なし
223966343,楽天市場,67419,株式会社サンリーブ【Ｒ】,361684-20260824-0891800123,2026/08/24 23:35:43,2026/08/24 23:37:03,完了,クレジットカード,高橋 まどか,210-0816,神奈川県,川崎市川崎区,大師町14-14-1,090-3149-8284,[配送日時指定:],4950,0,0,0,450,0,742,出荷済,未保留,680662168712,自社倉庫,高橋 まどか,210-0816,神奈川県,川崎市川崎区,大師町13-7花辰,090-3149-8284,メール便,,,,,,,2026/08/25 11:01:50,日本郵便,si-01sa-2-20,71032-00000985,【24日20時?マラソンクーポン価格】栞 老眼鏡 リーディンググラス 薄型 非球面レンズ 折りたたみ式 コンパクト スリム 薄い 軽い レディース メンズ おしゃれ お洒落 シニアグラス 旅行 携帯用 外出 特許商品 オーバル 鯖江メーカーデザイン SHIORI SI-01SAP,1,4950,10,450,1,通常,0,,,,指定なし
223967858,楽天市場,67419,株式会社サンリーブ【Ｒ】,361684-20260824-0033100355,2026/08/24 23:50:09,2026/08/24 23:51:24,完了,クレジットカード,高羽 恵子,135-0021,東京都,江東区,白河３?４?３?１７０４,090-2309-0077,[配送日時指定:],6380,0,0,0,580,423,957,出荷済,未保留,490806773494,自社倉庫,高羽 恵子,135-0021,東京都,江東区,白河３?４?３?１７０４,090-2309-0077,宅配便,,,,,,,2026/08/25 10:22:22,ヤマト運輸,bdr-1002-2-10,71032-00000102,【24日20時?マラソンクーポン価格】BEAMS DESIGN 老眼鏡 折りたたみ 携帯 レディース メンズ 女性用 男性用 おしゃれ コンパクト スクエア リーディンググラス シニアグラス ブラックマット ブラウンデミ 専用ケース付 ギフト ビームス デザイン BDR-1002,1,6380,10,580,1,通常,0,,,,指定なし
223978315,楽天市場,67419,株式会社サンリーブ【Ｒ】,361684-20260825-0975200099,2026/08/25 0:41:49,2026/08/25 0:42:52,完了,クレジットカード,山口 希美,447-0879,愛知県,碧南市,沢渡町207番地,080-6944-0419,[配送日時指定:],1760,0,0,0,160,0,0,出荷済,未保留,490806773505,自社倉庫,山口 希美,447-0879,愛知県,碧南市,沢渡町207番地,080-6944-0419,宅配便,,,,,,,2026/08/25 10:22:22,ヤマト運輸,b-120-brn,71032-00000089,サングラスケース メガネケース 大きめ 軽量 おしゃれ フック付き カナビナ対応ベルト ハードケース アウトドア スポーツ めがね 眼鏡 老眼鏡 大人 子供 リュック カーキ ブラウン ブラック 迷彩 グリーン ベージュ b-120 父の日,1,1760,10,160,1,通常,0,,,,指定なし
223983679,楽天市場,67419,株式会社サンリーブ【Ｒ】,361684-20260825-0177700250,2026/08/25 1:24:31,2026/08/25 1:25:53,完了,クレジットカード,東 亜弓,207-0023,東京都,東大和市,上北台1-902-187,090-9327-5386,[配送日時指定:],2024,0,0,0,184,0,0,出荷済,未保留,680662168723,自社倉庫,東 亜弓,207-0023,東京都,東大和市,上北台1-902-187,090-9327-5386,メール便,,,,,,,2026/08/25 11:01:50,日本郵便,5135-2,71032-00000049,【8月31日までセール価格】サングラス レディース ブルーライトカット UVカット 伊達メガネ だてめがね PCメガネ 眼鏡 おしゃれ かわいい 可愛い 小顔効果 運転 レトロ クリアレンズ 紫外線 対策 女性 ラウンド 丸眼鏡 鯖江メーカーデザイン GG eyewear 5336P,1,2024,10,184,1,通常,0,,,,指定なし
223985086,Yahoo!ショッピング,67572,株式会社サンリーブ【Ｙ】,glass-garden-10044772,2026/08/25 1:41:16,2026/08/25 1:43:02,完了,PayPayあと払い,石崎 優子,2620033,千葉県,千葉市花見川区,幕張本郷7の4の29 プライムスクエアー幕張本郷601号,08056420363,,1760,0,0,0,160,0,0,出荷済,未保留,680662168734,自社倉庫,石崎 優子,2620033,千葉県,千葉市花見川区,幕張本郷7の4の29 プライムスクエアー幕張本郷601号,08056420363,メール便,,,,,,,2026/08/25 11:01:51,日本郵便,5003-2,71032-00000017,サングラス レディース おしゃれ 伊達メガネ uvカット 紫外線 対策 ウェリントン かわいい メンズ 太縁 眼鏡 鯖江 ケース メガネ拭き付き 5003,1,1760,10,160,1,通常,0,,,,
223990505,楽天市場,67419,株式会社サンリーブ【Ｒ】,361684-20260825-0027900496,2026/08/25 3:23:32,2026/08/25 3:24:34,完了,クレジットカード,安野 久恵,564-0061,大阪府,吹田市,円山町10-16,06-6385-7304,[配送日時指定:],5500,0,0,0,500,0,400,出荷済,未保留,680662168745,自社倉庫,安野 久恵,564-0061,大阪府,吹田市,円山町10-16,06-6385-7304,メール便,,,,,,,2026/08/25 11:01:51,日本郵便,fisi-05-2-20,71032-00000380,【24日20時?マラソンクーポン価格】栞 老眼鏡 リーディンググラス ブルーライトカット 薄型 非球面レンズ 折りたたみ式 コンパクト 薄い 軽い レディース メンズ おしゃれ お洒落 シニアグラス 旅行 携帯用 特許商品 丸メガネ 鯖江メーカーデザイン SHIORI FISI-05,1,5500,10,500,1,通常,0,,,,指定なし
223995733,楽天市場,67419,株式会社サンリーブ【Ｒ】,361684-20260825-0073300451,2026/08/25 5:45:09,2026/08/25 5:46:12,完了,クレジットカード,増田 由美子,370-0603,群馬県,邑楽郡,邑楽町中野4737-1,0276-89-1998,[配送日時指定:],5500,0,0,0,500,0,400,出荷済,未保留,680662168756,自社倉庫,増田 由美子,370-0603,群馬県,邑楽郡,邑楽町中野4737-1,0276-89-1998,メール便,,,,,,,2026/08/25 11:01:52,日本郵便,si-10-2-15,71032-00001100,【24日20時?マラソンクーポン価格】栞 老眼鏡 リーディンググラス ツートンカラー ブルーライトカット 薄型 非球面レンズ 折りたたみ式 コンパクト 薄い 軽い レディース 女性用 おしゃれ お洒落 旅行用 携帯用 特許商品 鯖江メーカーデザイン SHIORI SI-10,1,5500,10,500,1,通常,0,,,,指定なし
223996518,楽天市場,67419,株式会社サンリーブ【Ｒ】,361684-20260825-0125900344,2026/08/25 5:54:44,2026/08/25 5:55:49,完了,クレジットカード,平井 志麻,168-0072,東京都,杉並区,高井戸東2丁目25-9ライオンズマンション高井戸302,090-8023-5284,[配送日時指定:]2026-08-26(水)19:00-21:00,7920,0,0,0,720,4000,500,出荷済,未保留,490806773516,自社倉庫,平井 志麻,168-0072,東京都,杉並区,高井戸東2丁目25-9ライオンズマンション高井戸302,090-8023-5284,宅配便,2026/08/26,1921,,,,,2026/08/25 10:22:23,ヤマト運輸,slk-101-102-2A,71032-00001295,【8月31日までセール価格】ソライズ キッズ サングラス UVカット HEVカット ブルーライトカット 高機能レンズ カラーレンズ おしゃれ 軽量 眼鏡 紫外線 対策 防止 子供 小学生 女の子 男の子 ソフトケース メガネストラップ SOLAIZ kid's SLK-101 SLK-102,1,7920,10,720,1,優先配送,0,,,,指定なし
223999462,Yahoo!ショッピング,67572,株式会社サンリーブ【Ｙ】,glass-garden-10044776,2026/08/25 6:15:48,2026/08/25 6:23:35,完了,クレジットカード,戸張 進一郎,1240006,東京都,葛飾区,堀切6-11-16,0336045711,,3520,0,0,0,320,0,200,出荷済,未保留,680662168760,自社倉庫,戸張 進一郎,1240006,東京都,葛飾区,堀切6-11-16,0336045711,メール便,,,,,,,2026/08/25 11:01:52,日本郵便,flw-001-002-1,71032-00001551,サングラス 偏光 メンズ レディース uvカット 薄色レンズ メガネ 紫外線 外仕事 プレゼント 軽量 暑さ対策 ドライブ 運転 FEELLIFE FLW-001-002,1,3520,10,320,1,通常,0,,,,
224005209,楽天市場,67419,株式会社サンリーブ【Ｒ】,361684-20260825-0098900431,2026/08/25 7:02:45,2026/08/25 7:04:08,完了,クレジットカード,由谷 恵美,649-5172,和歌山県,東牟婁郡太地町,森浦551-62,0735-59-3019,[配送日時指定:],3300,0,0,0,300,0,0,出荷済,未保留,680662168771,自社倉庫,由谷 恵美,649-5172,和歌山県,東牟婁郡太地町,森浦551-62,0735-59-3019,メール便,,,,,,,2026/08/25 11:01:53,日本郵便,ph5099-1,71032-00000925,【8月31日までセール価格】調光 サングラス UVカット 紫外線 ブルーライトカット レディース メンズ 伊達メガネ カラーレンズ おしゃれ 眼鏡 ボストン 女性  ブランド ファッション バイカラーケース付 鯖江メーカーデザイン GG eyewear ph5099,1,3300,10,300,1,通常,0,,,,指定なし
224005923,Yahoo!ショッピング,67572,株式会社サンリーブ【Ｙ】,glass-garden-10044779,2026/08/25 7:03:09,2026/08/25 7:08:23,完了,PayPay,佐伯 勉,1640011,東京都,中野区中央3丁目,2-5,09041389457,,5500,0,0,0,500,0,400,出荷済,未保留,490806773531,自社倉庫,佐伯 勉,1640011,東京都,中野区中央3丁目,2-5,09041389457,宅配便,2026/08/26,,,,,,2026/08/25 10:22:24,ヤマト運輸,bdr-3004-1-20,71032-00000163,BEAMS DESIGN 老眼鏡 おしゃれ ブルーライトカット リーディンググラス メンズ レディース 老眼 眼鏡 メガネ ビームスデザイン BDR-3004,1,5500,10,500,1,優先配送,0,,,,
224013069,楽天市場,67419,株式会社サンリーブ【Ｒ】,361684-20260825-0095300508,2026/08/25 7:45:42,2026/08/25 7:47:18,完了,クレジットカード,土方 伸一,509-0104,岐阜県,各務原市,各務おがせ町９丁目３６３番地,058-337-4596,[配送日時指定:],3520,0,0,0,320,320,200,出荷済,未保留,680662168782,自社倉庫,土方 伸一,509-0104,岐阜県,各務原市,各務おがせ町９丁目３６３番地,058-337-4596,メール便,,,,,,,2026/08/25 11:01:53,日本郵便,flw-001-002-3,71032-00001553,【8月31日までセール価格】サングラス 偏光 メンズ レディース uvカット 薄色サングラス レンズ メガネ 紫外線 男性 外仕事 軽量 疲れない 眩しくない 暑さ対策 作業服 日差し アウトドア ドライブ 運転 おしゃれ シンプル FEELLIFE FLW-001-002,1,3520,10,320,1,通常,0,,,,指定なし
224013459,楽天市場,67419,株式会社サンリーブ【Ｒ】,361684-20260825-0227900267,2026/08/25 7:47:49,2026/08/25 7:49:16,完了,クレジットカード,永瀬 佑,874-0818,大分県,別府市,山家10組1 ログハウス,080-1736-3081,[配送日時指定:],2750,0,0,0,250,0,0,出荷済,未保留,680662168793,自社倉庫,永瀬 佑,874-0818,大分県,別府市,山家10組1 ログハウス,080-1736-3081,メール便,,,,,,,2026/08/25 11:01:54,日本郵便,fll-4000-1-05,71032-00001969,老眼鏡 0.5度数から おしゃれ レディース ブルーライトカット 紫外線 uv ボストン かわいい メガネ 老眼 度付き リーディンググラス 30代 40代 50代 女性 クラシック クリアカラー シニアグラス FEELLIFE FLL-4000,1,2750,10,250,1,通常,0,,,,指定なし
224014031,楽天市場,67419,株式会社サンリーブ【Ｒ】,361684-20260825-0121800433,2026/08/25 7:50:40,2026/08/25 7:52:13,完了,クレジットカード,細川 安曇,225-0003,神奈川県,横浜市青葉区,新石川4-17-2 C-403,045-912-9899,[配送日時指定:]19:00-21:00,6270,0,0,0,570,0,0,出荷済,未保留,490806773542,自社倉庫,細川 安曇,225-0003,神奈川県,横浜市青葉区,新石川4-17-2 C-403,045-912-9899,宅配便,,1921,,,,,2026/08/25 10:22:25,ヤマト運輸,tofu-4b-2,71032-00001882,【24日20時?マラソンクーポン価格】TOFU トートバッグ メンズ レディース シンプル おしゃれ きれいめ カジュアル フォーマル ビジネス 大きめ 自立 スクエア型 A4対応 紙袋風 軽量 軽い 無地 モノトーン 白 黒 ホワイト ブラック ルートート TOFU-4B Lサイズ,1,6270,10,570,1,通常,0,,,,指定なし
224016067,楽天市場,67419,株式会社サンリーブ【Ｒ】,361684-20260825-0827500197,2026/08/25 8:00:13,2026/08/25 8:01:33,完了,クレジットカード,木原 智里,698-0034,島根県,益田市,赤城町8-5,0856-23-4939,[配送日時指定:],3300,0,0,0,300,300,0,出荷済,未保留,680662168804,自社倉庫,木原 智里,698-0034,島根県,益田市,赤城町8-5,0856-23-4939,メール便,,,,,,,2026/08/25 11:01:55,日本郵便,ph5099-12,71032-00001818,【8月31日までセール価格】調光 サングラス UVカット 紫外線 ブルーライトカット レディース メンズ 伊達メガネ カラーレンズ おしゃれ 眼鏡 ボストン 女性  ブランド ファッション バイカラーケース付 鯖江メーカーデザイン GG eyewear ph5099,1,3300,10,300,1,通常,0,,,,指定なし
224017158,楽天市場,67419,株式会社サンリーブ【Ｒ】,361684-20260825-0215200326,2026/08/25 8:05:44,2026/08/25 8:06:55,完了,クレジットカード,小野 愛恵,891-9213,鹿児島県,大島郡知名町,瀬利覚1481-1,070-2792-2441,[配送日時指定:],1760,0,0,0,160,0,0,出荷済,未保留,680662168815,自社倉庫,小野 愛恵,891-9213,鹿児島県,大島郡知名町,瀬利覚1481-1,070-2792-2441,メール便,,,,,,,2026/08/25 11:01:55,日本郵便,3135-2,71032-00001650,【8月31日までセール価格】リムレス 伊達メガネ クリア レンズ サングラス 眼鏡 紫外線 uv 対策 カット スクエア クリア トレンド 流行 Y2K カジュアル 縁無し ケース メガネ拭き おしゃれ 眼鏡 レディース 女性  ブランド ファッション GG eyewear 3135,1,1760,10,160,1,通常,0,,,,指定なし
224017596,楽天市場,67419,株式会社サンリーブ【Ｒ】,361684-20260825-0024000585,2026/08/25 8:07:44,2026/08/25 8:08:45,完了,クレジットカード,井上 昭吾,660-0833,兵庫県,尼崎市,南初島町10-154,080-6446-4044,[配送日時指定:],7150,0,0,0,650,4610,0,出荷済,未保留,680662168826,自社倉庫,井上 昭吾,660-0833,兵庫県,尼崎市,南初島町10-154,080-6446-4044,メール便,,,,,,,2026/08/25 11:01:56,日本郵便,si-13-1-20,71032-00001399,【24日20時?マラソンクーポン価格】栞 老眼鏡 跳ね上げ式 リーディンググラス ブルーライトカット 薄型 非球面レンズ 折りたたみ式 コンパクト 薄い 軽い レディース メンズ おしゃれ シニアグラス 旅行 携帯 ラウンド 丸メガネ 鯖江メーカーデザイン SHIORI SI-13,1,7150,10,650,1,通常,0,,,,指定なし
224022901,Yahoo!ショッピング,67572,株式会社サンリーブ【Ｙ】,glass-garden-10044781,2026/08/25 8:25:48,2026/08/25 8:33:21,完了,PayPay,歌枕 知美,5008258,岐阜県,岐阜市,西川手5-120 アクティブT203号,09091218184,,1760,0,0,0,160,232,0,出荷済,未保留,680662168830,自社倉庫,歌枕 知美,5008258,岐阜県,岐阜市,西川手5-120 アクティブT203号,09091218184,メール便,,,,,,,2026/08/25 11:01:56,日本郵便,5024-1,71032-00001376,サングラス レディース おしゃれ 伊達メガネ uvカット 紫外線 対策 ライトカラー クリアレンズ ラウンド 眼鏡 鯖江 ケース メガネ拭き付き 5024,1,1760,10,160,1,通常,0,,,,
224025994,Yahoo!ショッピング,67572,株式会社サンリーブ【Ｙ】,glass-garden-10044782,2026/08/25 8:48:44,2026/08/25 8:48:55,完了,PayPay,垣内 真紀子,8900073,鹿児島県,鹿児島市,宇宿1-37-35,09036063689,,5940,0,0,0,540,715,400,出荷済,未保留,680662168841,自社倉庫,垣内 真紀子,8900073,鹿児島県,鹿児島市,宇宿1-37-35,09036063689,メール便,,,,,,,2026/08/25 11:01:57,日本郵便,flk-001-3-20,71032-00001598,老眼鏡 首掛け 首かけ ブルーライトカット おしゃれ レディース メンズ リーディンググラス シニアグラス 老眼 眼鏡 メガネ 鯖江 FEELLIFE FLK-001,1,5940,10,540,1,通常,0,,,,
224026568,楽天市場,67419,株式会社サンリーブ【Ｒ】,361684-20260825-0255800290,2026/08/25 8:50:46,2026/08/25 8:51:49,完了,クレジットカード,広田 裕子,939-0664,富山県,下新川郡入善町,蛇沢103-2,0765-76-0722,[配送日時指定:],770,0,0,0,70,770,0,出荷済,未保留,680662168852,自社倉庫,広田 裕子,939-0664,富山県,下新川郡入善町,蛇沢103-2,0765-76-0722,メール便,,,,,,,2026/08/25 11:01:58,日本郵便,a-62-brn,71032-00001474,栞 メガネケース 老眼鏡 SHIORI 全モデル対応 大きめサイズ リーディンググラス しおり スリム おしゃれ レディース メンズ 折りたたみ 薄型 ブラック ブラウン ベージュ A-62,1,770,10,70,1,通常,0,,,,指定なし
224033124,楽天市場,67419,株式会社サンリーブ【Ｒ】,361684-20260825-0183200437,2026/08/25 9:23:44,2026/08/25 9:24:53,完了,クレジットカード,橘 美貴子,105-0002,東京都,港区,愛宕2-3-1 愛宕グリーンヒルズフォレストタワー3303,090-1033-0526,[配送日時指定:]2026-08-26(水)指定なし,1210,0,0,0,110,0,0,出荷済,未保留,490806773564,自社倉庫,橘 美貴子,150-0001,東京都,渋谷区,神宮前5-20-1-104,090-1033-0526,宅配便,2026/08/26,,,,,,2026/08/25 10:22:27,ヤマト運輸,hy-80136-g,71032-00001339,メガネケース コンパクト 小さめ 軽量 ハードケース おしゃれ シンプル かわいい 華やか チェック柄 花柄 ドット柄 コットン素材 低価格 女性用 男性用 サングラス PCメガネ 老眼鏡 眼鏡 メガネ プレゼント ギフト 贈り物 HY-80136,1,1210,10,110,1,優先配送,0,,,,指定なし
224035058,楽天市場,67419,株式会社サンリーブ【Ｒ】,361684-20260825-0414300234,2026/08/25 9:33:24,2026/08/25 9:34:28,完了,クレジットカード,中村 愛,841-0052,佐賀県,鳥栖市,宿町1454-18,090-6897-5862,[配送日時指定:],3520,0,0,0,320,0,200,出荷済,未保留,680662168863,自社倉庫,中村 愛,841-0052,佐賀県,鳥栖市,宿町1454-18,090-6897-5862,メール便,,,,,,,2026/08/25 11:01:58,日本郵便,5003-2,71032-00000017,【8月31日までセール価格】サングラス レディース UVカット 伊達メガネ おしゃれ かわいい 眼鏡 紫外線 対策 美肌 太縁 女性 ウェリントン ライトカラー クリアレンズ トレンド ファッション 可愛い バイカラーケース付 鯖江メーカーデザイン GG eyewear 5003,1,1760,10,160,1,通常,0,,,,指定なし
224035058,楽天市場,67419,株式会社サンリーブ【Ｒ】,361684-20260825-0414300234,2026/08/25 9:33:24,2026/08/25 9:34:28,完了,クレジットカード,中村 愛,841-0052,佐賀県,鳥栖市,宿町1454-18,090-6897-5862,[配送日時指定:],3520,0,0,0,320,0,200,出荷済,未保留,680662168863,自社倉庫,中村 愛,841-0052,佐賀県,鳥栖市,宿町1454-18,090-6897-5862,メール便,,,,,,,2026/08/25 11:01:58,日本郵便,5003-32,71032-00001780,【8月31日までセール価格】サングラス レディース UVカット 伊達メガネ おしゃれ かわいい 眼鏡 紫外線 対策 美肌 太縁 女性 ウェリントン ライトカラー クリアレンズ トレンド ファッション 可愛い バイカラーケース付 鯖江メーカーデザイン GG eyewear 5003,1,1760,10,160,1,通常,0,,,,指定なし
224035813,楽天市場,67419,株式会社サンリーブ【Ｒ】,361684-20260825-0078600582,2026/08/25 9:37:17,2026/08/25 9:38:25,完了,クレジットカード,渡邉 佳身,080-0024,北海道,帯広市,西十四条南31丁目1番地19 サンモール 1-A,090-7656-7928,[配送日時指定:],1001,0,0,0,91,0,0,出荷済,未保留,490806773575,自社倉庫,稲垣 康子,080-0317,北海道,河東郡音更町,緑陽台仲区27-3,090-5983-5457,宅配便,,,,,,,2026/08/25 10:22:27,ヤマト運輸,hy-8101-org,71032-00001327,メガネケース 折りたたみ 本革 風 PUレザー コンパクト シンプル 軽量 おしゃれ かわいい 低価格 ホールディングケース 収納 旅行 トラベル サングラス PCメガネ 老眼鏡 眼鏡 メガネ ブラック ブラウン グレー オレンジ HY-8101,1,1001,10,91,1,通常,0,,,,指定なし
224035924,Yahoo!ショッピング,67572,株式会社サンリーブ【Ｙ】,glass-garden-10044783,2026/08/25 9:31:17,2026/08/25 9:38:57,完了,PayPayあと払い,細山田 孝美,8994301,鹿児島県,霧島市国分重久,５４３-７,09030745063,,880,0,0,0,80,0,0,出荷済,未保留,490806773586,自社倉庫,細山田 孝美,8994301,鹿児島県,霧島市国分重久,５４３-７,09030745063,宅配便,,,,,,,2026/08/25 10:22:28,ヤマト運輸,hy-6219-brn,71032-00001319,メガネケース おしゃれ 本革 風 シンプル ハード 収納 クラシカル メガネ 眼鏡 サングラス 老眼鏡 メンズ レディース 贈り物 HY-6219,1,880,10,80,1,通常,0,,,,
224039726,楽天市場,67419,株式会社サンリーブ【Ｒ】,361684-20260825-0072300594,2026/08/25 9:56:23,2026/08/25 9:57:50,完了,クレジットカード,佐々木 大輔,230-0042,神奈川県,横浜市鶴見区,仲通3丁目76-2 グランブルー2 308,04-7124-5593,[配送日時指定:],1320,0,0,0,120,0,0,出荷済,未保留,,自社倉庫,佐々木 大輔,230-0042,神奈川県,横浜市鶴見区,仲通3丁目76-2 グランブルー2 308,04-7124-5593,メール便,,,,,,,2026/08/25 11:01:59,日本郵便,twig2-01m,71032-00001343,twig アロマウッドキャップ 日本製 アロマストーン ディフューザー エッセンシャルオイル hinoki ヒノキ 檜 おしゃれ 可愛い かわいい 簡単 傾けるだけ コンパクト ナチュラル インテリア 天然木 丸型 四角型 六角形 単品 父の日,1,1320,10,120,1,通常,0,,,,指定なし
224040852,楽天市場,67419,株式会社サンリーブ【Ｒ】,361684-20260825-0965100195,2026/08/25 10:01:01,2026/08/25 10:02:36,完了,クレジットカード,大野 貴恵,762-0081,香川県,丸亀市,飯山町東坂元3230,0877-98-2240,[配送日時指定:],5280,0,0,0,480,880,400,出荷済,未保留,680662168874,自社倉庫,大野 貴恵,762-0081,香川県,丸亀市,飯山町東坂元3230,0877-98-2240,メール便,,,,,,,2026/08/25 11:01:59,日本郵便,meh-10-00,71032-00001843,グラスコード メガネストラップ 眼鏡 マスク ストラップ TOHO BEADS ビーズ アクセサリー ハンドメイド グラスビーズ イヤホンコード 日本製 国内産 おしゃれ お洒落 オシャレ レディース 誕生日 プレゼント 贈り物 ギフト MEH-10,1,2640,10,240,1,通常,0,,,,指定なし
224040852,楽天市場,67419,株式会社サンリーブ【Ｒ】,361684-20260825-0965100195,2026/08/25 10:01:01,2026/08/25 10:02:36,完了,クレジットカード,大野 貴恵,762-0081,香川県,丸亀市,飯山町東坂元3230,0877-98-2240,[配送日時指定:],5280,0,0,0,480,880,400,出荷済,未保留,680662168874,自社倉庫,大野 貴恵,762-0081,香川県,丸亀市,飯山町東坂元3230,0877-98-2240,メール便,,,,,,,2026/08/25 11:01:59,日本郵便,meh-20-01,71032-00001850,グラスコード メガネストラップ 眼鏡 マスク ストラップ TOHO BEADS ビーズ アクセサリー ハンドメイド グラスビーズ イヤホンコード 日本製 国内産 おしゃれ お洒落 オシャレ レディース 誕生日 プレゼント 贈り物 ギフト MEH-20,1,2640,10,240,1,通常,0,,,,指定なし
224048750,楽天市場,67419,株式会社サンリーブ【Ｒ】,361684-20260825-0234100427,2026/08/25 10:38:28,2026/08/25 10:39:31,完了,クレジットカード,稲葉 洋,452-0902,愛知県,清須市,助七五反田43番地2,052-908-4479,[配送日時指定:]2026-08-26(水)指定なし,10780,0,0,0,980,780,0,出荷済,未保留,490808826480,自社倉庫,稲葉 洋,452-0902,愛知県,清須市,助七五反田43番地2,052-908-4479,宅配便,2026/08/26,,,,,,2026/08/25 13:29:08,ヤマト運輸,bds-314-1,71032-00002021,【24日20時?マラソンクーポン価格】【8月31日までセール価格】BEAMS DESIGN ビームス デザイン サングラス 偏光レンズ UV99%カット ウェリントン コンビネーションフレーム メンズ レディース ユニセックス タウンユース アウトドア ドライブ ギフト bds-314,1,10780,10,980,1,優先配送,0,,,,指定なし
224050920,Yahoo!ショッピング,67572,株式会社サンリーブ【Ｙ】,glass-garden-10044786,2026/08/25 10:44:11,2026/08/25 10:48:17,完了,クレジットカード,宇治野 雅昭,5610808,大阪府,豊中市,原田元町 3丁目10番地20号,09098617384,,1760,0,0,0,160,0,0,出荷済,未保留,490808826491,自社倉庫,宇治野 雅昭,5610808,大阪府,豊中市,原田元町 3丁目10番地20号,09098617384,宅配便,2026/08/26,,,,,,2026/08/25 13:29:12,ヤマト運輸,fi2002-1,71032-00000244,サングラス メンズ ミラーレンズ かっこいい ちょい悪 ワル おしゃれ ブロータイプ 紫外線 uvカット 鯖江 ケース メガネ拭き付き FEELLIFE FI2002,1,1760,10,160,1,優先配送,0,,,,
224053841,楽天市場,67419,株式会社サンリーブ【Ｒ】,361684-20260825-0200600506,2026/08/25 10:58:29,2026/08/25 11:00:06,完了,クレジットカード,上村 千夏,468-0004,愛知県,名古屋市天白区,梅が丘1-317 シュティル梅が丘103,090-9198-0649,[配送日時指定:],4950,0,0,0,450,0,200,出荷済,未保留,680674882812,自社倉庫,べんとう亭 白石千夏,468-0011,愛知県,名古屋市天白区,平針2-1908 俊明ビル1F,052-801-7516,メール便,,,,,,,2026/08/25 13:28:47,日本郵便,si-01sa-1-20,71032-00000984,【24日20時?マラソンクーポン価格】栞 老眼鏡 リーディンググラス 薄型 非球面レンズ 折りたたみ式 コンパクト スリム 薄い 軽い レディース メンズ おしゃれ お洒落 シニアグラス 旅行 携帯用 外出 特許商品 オーバル 鯖江メーカーデザイン SHIORI SI-01SAP,1,4950,10,450,1,通常,0,,,,指定なし
224068005,Yahoo!ショッピング,67572,株式会社サンリーブ【Ｙ】,glass-garden-10044787,2026/08/25 12:10:40,2026/08/25 12:18:27,完了,PayPay,立石 久美子,5320003,大阪府,大阪市淀川区宮原,5-8-10-705,0663500373,,2750,0,0,0,250,357,0,出荷済,未保留,680674882823,自社倉庫,立石 久美子,5320003,大阪府,大阪市淀川区宮原,5-8-10-705,0663500373,メール便,,,,,,,2026/08/25 13:28:51,日本郵便,fll-4000-1-05,71032-00001969,老眼鏡 0.5度数から おしゃれ レディース ボストン メガネ 度付き 30代 40代 50代 女性 FEELLIFE FLL-4000,1,2750,10,250,1,通常,0,,,,
224071946,楽天市場,67419,株式会社サンリーブ【Ｒ】,361684-20260825-0399000310,2026/08/25 12:36:20,2026/08/25 12:37:28,完了,クレジットカード,川村 兼一,926-0012,石川県,七尾市,万行町64-7-4,090-2038-4994,[配送日時指定:],2750,0,0,0,250,0,0,出荷済,未保留,680674882834,自社倉庫,川村 兼一,926-0012,石川県,七尾市,万行町64-7-4,090-2038-4994,メール便,,,,,,,2026/08/25 13:28:51,日本郵便,fll-4000-1-05,71032-00001969,老眼鏡 0.5度数から おしゃれ レディース ブルーライトカット 紫外線 uv ボストン かわいい メガネ 老眼 度付き リーディンググラス 30代 40代 50代 女性 クラシック クリアカラー シニアグラス FEELLIFE FLL-4000,1,2750,10,250,1,通常,0,,,,指定なし
